ISO-10303-21;
HEADER;
/* Generated by software containing ST-Developer
 * from STEP Tools, Inc. (www.steptools.com) 
 */

FILE_DESCRIPTION(
/* description */ (''),
/* implementation_level */ '2;1');

FILE_NAME(
/* name */ 'The HackPad.step',
/* time_stamp */ '2026-01-10T23:40:09-08:00',
/* author */ (''),
/* organization */ (''),
/* preprocessor_version */ 'ST-DEVELOPER v20.1',
/* originating_system */ 'Autodesk Translation Framework v14.21.0.0',
/* authorisation */ '');

FILE_SCHEMA (('AUTOMOTIVE_DESIGN { 1 0 10303 214 3 1 1 }'));
ENDSEC;

DATA;
#10=MECHANICAL_DESIGN_GEOMETRIC_PRESENTATION_REPRESENTATION('',(#540,#541,
#542),#16289);
#11=ITEM_DEFINED_TRANSFORMATION($,$,#9092,#9201);
#12=ITEM_DEFINED_TRANSFORMATION($,$,#8771,#9202);
#13=ITEM_DEFINED_TRANSFORMATION($,$,#8826,#9203);
#14=ITEM_DEFINED_TRANSFORMATION($,$,#9091,#9204);
#15=(
REPRESENTATION_RELATIONSHIP($,$,#16312,#16311)
REPRESENTATION_RELATIONSHIP_WITH_TRANSFORMATION(#11)
SHAPE_REPRESENTATION_RELATIONSHIP()
);
#16=(
REPRESENTATION_RELATIONSHIP($,$,#16309,#16308)
REPRESENTATION_RELATIONSHIP_WITH_TRANSFORMATION(#12)
SHAPE_REPRESENTATION_RELATIONSHIP()
);
#17=(
REPRESENTATION_RELATIONSHIP($,$,#16310,#16308)
REPRESENTATION_RELATIONSHIP_WITH_TRANSFORMATION(#13)
SHAPE_REPRESENTATION_RELATIONSHIP()
);
#18=(
REPRESENTATION_RELATIONSHIP($,$,#16311,#16308)
REPRESENTATION_RELATIONSHIP_WITH_TRANSFORMATION(#14)
SHAPE_REPRESENTATION_RELATIONSHIP()
);
#19=CONTEXT_DEPENDENT_SHAPE_REPRESENTATION(#15,#16304);
#20=CONTEXT_DEPENDENT_SHAPE_REPRESENTATION(#16,#16305);
#21=CONTEXT_DEPENDENT_SHAPE_REPRESENTATION(#17,#16306);
#22=CONTEXT_DEPENDENT_SHAPE_REPRESENTATION(#18,#16307);
#23=NEXT_ASSEMBLY_USAGE_OCCURRENCE('Projects_PCB:1','Projects_PCB:1',
'Projects_PCB:1',#16317,#16318,'Projects_PCB:1');
#24=NEXT_ASSEMBLY_USAGE_OCCURRENCE('The Cat:1','The Cat:1','The Cat:1',
#16314,#16315,'The Cat:1');
#25=NEXT_ASSEMBLY_USAGE_OCCURRENCE('Top v2:1','Top v2:1','Top v2:1',#16314,
#16316,'Top v2:1');
#26=NEXT_ASSEMBLY_USAGE_OCCURRENCE('Projects v1:1','Projects v1:1',
'Projects v1:1',#16314,#16317,'Projects v1:1');
#27=B_SPLINE_CURVE_WITH_KNOTS('',3,(#11158,#11159,#11160,#11161,#11162),
 .UNSPECIFIED.,.F.,.F.,(4,1,4),(0.,0.0122209245804183,0.0306175702597646),
 .UNSPECIFIED.);
#28=B_SPLINE_CURVE_WITH_KNOTS('',3,(#11165,#11166,#11167,#11168,#11169),
 .UNSPECIFIED.,.F.,.F.,(4,1,4),(0.,0.0122209245804183,0.0306175702597646),
 .UNSPECIFIED.);
#29=B_SPLINE_CURVE_WITH_KNOTS('',3,(#11181,#11182,#11183,#11184,#11185),
 .UNSPECIFIED.,.F.,.F.,(4,1,4),(0.,0.0086194830050622,0.0174205951017498),
 .UNSPECIFIED.);
#30=B_SPLINE_CURVE_WITH_KNOTS('',3,(#11188,#11189,#11190,#11191,#11192),
 .UNSPECIFIED.,.F.,.F.,(4,1,4),(0.,0.0086194830050622,0.0174205951017498),
 .UNSPECIFIED.);
#31=B_SPLINE_CURVE_WITH_KNOTS('',3,(#11204,#11205,#11206,#11207,#11208),
 .UNSPECIFIED.,.F.,.F.,(4,1,4),(0.,0.00943798602316505,0.0183570083992599),
 .UNSPECIFIED.);
#32=B_SPLINE_CURVE_WITH_KNOTS('',3,(#11211,#11212,#11213,#11214,#11215),
 .UNSPECIFIED.,.F.,.F.,(4,1,4),(0.,0.00943798602316505,0.0183570083992599),
 .UNSPECIFIED.);
#33=B_SPLINE_CURVE_WITH_KNOTS('',3,(#11227,#11228,#11229,#11230,#11231),
 .UNSPECIFIED.,.F.,.F.,(4,1,4),(0.,0.00873258795388445,0.0184352693945126),
 .UNSPECIFIED.);
#34=B_SPLINE_CURVE_WITH_KNOTS('',3,(#11234,#11235,#11236,#11237,#11238),
 .UNSPECIFIED.,.F.,.F.,(4,1,4),(0.,0.00873258795388445,0.0184352693945126),
 .UNSPECIFIED.);
#35=B_SPLINE_CURVE_WITH_KNOTS('',3,(#11250,#11251,#11252,#11253,#11254),
 .UNSPECIFIED.,.F.,.F.,(4,1,4),(0.,0.0097086087581132,0.0184312735681033),
 .UNSPECIFIED.);
#36=B_SPLINE_CURVE_WITH_KNOTS('',3,(#11257,#11258,#11259,#11260,#11261),
 .UNSPECIFIED.,.F.,.F.,(4,1,4),(0.,0.0097086087581132,0.0184312735681033),
 .UNSPECIFIED.);
#37=B_SPLINE_CURVE_WITH_KNOTS('',3,(#11273,#11274,#11275,#11276,#11277),
 .UNSPECIFIED.,.F.,.F.,(4,1,4),(0.,0.0151202648743861,0.0253981280427668),
 .UNSPECIFIED.);
#38=B_SPLINE_CURVE_WITH_KNOTS('',3,(#11280,#11281,#11282,#11283,#11284),
 .UNSPECIFIED.,.F.,.F.,(4,1,4),(0.,0.0151202648743861,0.0253981280427668),
 .UNSPECIFIED.);
#39=B_SPLINE_CURVE_WITH_KNOTS('',3,(#11314,#11315,#11316,#11317,#11318),
 .UNSPECIFIED.,.F.,.F.,(4,1,4),(0.,0.0126485729068361,0.0295348798242691),
 .UNSPECIFIED.);
#40=B_SPLINE_CURVE_WITH_KNOTS('',3,(#11321,#11322,#11323,#11324,#11325),
 .UNSPECIFIED.,.F.,.F.,(4,1,4),(0.,0.0126485729068361,0.0295348798242691),
 .UNSPECIFIED.);
#41=B_SPLINE_CURVE_WITH_KNOTS('',3,(#11337,#11338,#11339,#11340,#11341),
 .UNSPECIFIED.,.F.,.F.,(4,1,4),(0.,0.00980441236253897,0.0199476480393428),
 .UNSPECIFIED.);
#42=B_SPLINE_CURVE_WITH_KNOTS('',3,(#11344,#11345,#11346,#11347,#11348),
 .UNSPECIFIED.,.F.,.F.,(4,1,4),(0.,0.00980441236253897,0.0199476480393428),
 .UNSPECIFIED.);
#43=B_SPLINE_CURVE_WITH_KNOTS('',3,(#11360,#11361,#11362,#11363,#11364),
 .UNSPECIFIED.,.F.,.F.,(4,1,4),(0.,0.0105513007490371,0.0205129557193346),
 .UNSPECIFIED.);
#44=B_SPLINE_CURVE_WITH_KNOTS('',3,(#11367,#11368,#11369,#11370,#11371),
 .UNSPECIFIED.,.F.,.F.,(4,1,4),(0.,0.0105513007490371,0.0205129557193346),
 .UNSPECIFIED.);
#45=B_SPLINE_CURVE_WITH_KNOTS('',3,(#11383,#11384,#11385,#11386,#11387),
 .UNSPECIFIED.,.F.,.F.,(4,1,4),(0.,0.00840284384349561,0.017444176143276),
 .UNSPECIFIED.);
#46=B_SPLINE_CURVE_WITH_KNOTS('',3,(#11390,#11391,#11392,#11393,#11394),
 .UNSPECIFIED.,.F.,.F.,(4,1,4),(0.,0.00840284384349561,0.017444176143276),
 .UNSPECIFIED.);
#47=B_SPLINE_CURVE_WITH_KNOTS('',3,(#11406,#11407,#11408,#11409,#11410),
 .UNSPECIFIED.,.F.,.F.,(4,1,4),(0.,0.00729926954945208,0.0151479263163495),
 .UNSPECIFIED.);
#48=B_SPLINE_CURVE_WITH_KNOTS('',3,(#11413,#11414,#11415,#11416,#11417),
 .UNSPECIFIED.,.F.,.F.,(4,1,4),(0.,0.00729926954945208,0.0151479263163495),
 .UNSPECIFIED.);
#49=B_SPLINE_CURVE_WITH_KNOTS('',3,(#11429,#11430,#11431,#11432,#11433),
 .UNSPECIFIED.,.F.,.F.,(4,1,4),(0.,0.00866946043340287,0.0162974095321827),
 .UNSPECIFIED.);
#50=B_SPLINE_CURVE_WITH_KNOTS('',3,(#11436,#11437,#11438,#11439,#11440),
 .UNSPECIFIED.,.F.,.F.,(4,1,4),(0.,0.00866946043340287,0.0162974095321827),
 .UNSPECIFIED.);
#51=B_SPLINE_CURVE_WITH_KNOTS('',3,(#11452,#11453,#11454,#11455,#11456),
 .UNSPECIFIED.,.F.,.F.,(4,1,4),(0.,0.0109166616879901,0.0180468609105957),
 .UNSPECIFIED.);
#52=B_SPLINE_CURVE_WITH_KNOTS('',3,(#11459,#11460,#11461,#11462,#11463),
 .UNSPECIFIED.,.F.,.F.,(4,1,4),(0.,0.0109166616879901,0.0180468609105957),
 .UNSPECIFIED.);
#53=B_SPLINE_CURVE_WITH_KNOTS('',3,(#11485,#11486,#11487,#11488,#11489),
 .UNSPECIFIED.,.F.,.F.,(4,1,4),(0.,0.0148616408878753,0.0324974095417264),
 .UNSPECIFIED.);
#54=B_SPLINE_CURVE_WITH_KNOTS('',3,(#11493,#11494,#11495,#11496,#11497),
 .UNSPECIFIED.,.F.,.F.,(4,1,4),(0.,0.0148616408878753,0.0324974095417264),
 .UNSPECIFIED.);
#55=B_SPLINE_CURVE_WITH_KNOTS('',3,(#11510,#11511,#11512,#11513,#11514),
 .UNSPECIFIED.,.F.,.F.,(4,1,4),(0.,0.0113950655901941,0.0241439445663621),
 .UNSPECIFIED.);
#56=B_SPLINE_CURVE_WITH_KNOTS('',3,(#11517,#11518,#11519,#11520,#11521),
 .UNSPECIFIED.,.F.,.F.,(4,1,4),(0.,0.0113950655901941,0.0241439445663621),
 .UNSPECIFIED.);
#57=B_SPLINE_CURVE_WITH_KNOTS('',3,(#11533,#11534,#11535,#11536,#11537),
 .UNSPECIFIED.,.F.,.F.,(4,1,4),(0.,0.0125830235473533,0.023869949625982),
 .UNSPECIFIED.);
#58=B_SPLINE_CURVE_WITH_KNOTS('',3,(#11540,#11541,#11542,#11543,#11544),
 .UNSPECIFIED.,.F.,.F.,(4,1,4),(0.,0.0125830235473533,0.023869949625982),
 .UNSPECIFIED.);
#59=B_SPLINE_CURVE_WITH_KNOTS('',3,(#11556,#11557,#11558,#11559,#11560),
 .UNSPECIFIED.,.F.,.F.,(4,1,4),(0.,0.0136382518134897,0.0269712725430231),
 .UNSPECIFIED.);
#60=B_SPLINE_CURVE_WITH_KNOTS('',3,(#11563,#11564,#11565,#11566,#11567),
 .UNSPECIFIED.,.F.,.F.,(4,1,4),(0.,0.0136382518134897,0.0269712725430231),
 .UNSPECIFIED.);
#61=B_SPLINE_CURVE_WITH_KNOTS('',3,(#11579,#11580,#11581,#11582,#11583),
 .UNSPECIFIED.,.F.,.F.,(4,1,4),(0.,0.0157817113973199,0.0322659707988356),
 .UNSPECIFIED.);
#62=B_SPLINE_CURVE_WITH_KNOTS('',3,(#11586,#11587,#11588,#11589,#11590),
 .UNSPECIFIED.,.F.,.F.,(4,1,4),(0.,0.0157817113973199,0.0322659707988356),
 .UNSPECIFIED.);
#63=B_SPLINE_CURVE_WITH_KNOTS('',3,(#11602,#11603,#11604,#11605,#11606),
 .UNSPECIFIED.,.F.,.F.,(4,1,4),(0.,0.0175868332330858,0.0337216553292774),
 .UNSPECIFIED.);
#64=B_SPLINE_CURVE_WITH_KNOTS('',3,(#11609,#11610,#11611,#11612,#11613),
 .UNSPECIFIED.,.F.,.F.,(4,1,4),(0.,0.0175868332330858,0.0337216553292774),
 .UNSPECIFIED.);
#65=B_SPLINE_CURVE_WITH_KNOTS('',3,(#11625,#11626,#11627,#11628,#11629),
 .UNSPECIFIED.,.F.,.F.,(4,1,4),(0.,0.0134508989505563,0.0281323703922927),
 .UNSPECIFIED.);
#66=B_SPLINE_CURVE_WITH_KNOTS('',3,(#11632,#11633,#11634,#11635,#11636),
 .UNSPECIFIED.,.F.,.F.,(4,1,4),(0.,0.0134508989505563,0.0281323703922927),
 .UNSPECIFIED.);
#67=B_SPLINE_CURVE_WITH_KNOTS('',3,(#11648,#11649,#11650,#11651,#11652),
 .UNSPECIFIED.,.F.,.F.,(4,1,4),(0.,0.0125697794312956,0.0253793404240392),
 .UNSPECIFIED.);
#68=B_SPLINE_CURVE_WITH_KNOTS('',3,(#11655,#11656,#11657,#11658,#11659),
 .UNSPECIFIED.,.F.,.F.,(4,1,4),(0.,0.0125697794312956,0.0253793404240392),
 .UNSPECIFIED.);
#69=B_SPLINE_CURVE_WITH_KNOTS('',3,(#11671,#11672,#11673,#11674,#11675),
 .UNSPECIFIED.,.F.,.F.,(4,1,4),(0.,0.0141867365363249,0.0278176170601048),
 .UNSPECIFIED.);
#70=B_SPLINE_CURVE_WITH_KNOTS('',3,(#11678,#11679,#11680,#11681,#11682),
 .UNSPECIFIED.,.F.,.F.,(4,1,4),(0.,0.0141867365363249,0.0278176170601048),
 .UNSPECIFIED.);
#71=B_SPLINE_CURVE_WITH_KNOTS('',3,(#11694,#11695,#11696,#11697,#11698),
 .UNSPECIFIED.,.F.,.F.,(4,1,4),(0.,0.0145551010118045,0.0289753076639134),
 .UNSPECIFIED.);
#72=B_SPLINE_CURVE_WITH_KNOTS('',3,(#11701,#11702,#11703,#11704,#11705),
 .UNSPECIFIED.,.F.,.F.,(4,1,4),(0.,0.0145551010118045,0.0289753076639134),
 .UNSPECIFIED.);
#73=B_SPLINE_CURVE_WITH_KNOTS('',3,(#11717,#11718,#11719,#11720,#11721),
 .UNSPECIFIED.,.F.,.F.,(4,1,4),(0.,0.0207071246079628,0.0374532968546014),
 .UNSPECIFIED.);
#74=B_SPLINE_CURVE_WITH_KNOTS('',3,(#11724,#11725,#11726,#11727,#11728),
 .UNSPECIFIED.,.F.,.F.,(4,1,4),(0.,0.0207071246079628,0.0374532968546014),
 .UNSPECIFIED.);
#75=B_SPLINE_CURVE_WITH_KNOTS('',3,(#11757,#11758,#11759,#11760,#11761),
 .UNSPECIFIED.,.F.,.F.,(4,1,4),(0.,0.0197130713942697,0.0397206277752199),
 .UNSPECIFIED.);
#76=B_SPLINE_CURVE_WITH_KNOTS('',3,(#11765,#11766,#11767,#11768,#11769),
 .UNSPECIFIED.,.F.,.F.,(4,1,4),(0.,0.0197130713942697,0.0397206277752199),
 .UNSPECIFIED.);
#77=B_SPLINE_CURVE_WITH_KNOTS('',3,(#11782,#11783,#11784,#11785,#11786),
 .UNSPECIFIED.,.F.,.F.,(4,1,4),(0.,0.0244477221274537,0.0438419035349094),
 .UNSPECIFIED.);
#78=B_SPLINE_CURVE_WITH_KNOTS('',3,(#11789,#11790,#11791,#11792,#11793),
 .UNSPECIFIED.,.F.,.F.,(4,1,4),(0.,0.0244477221274537,0.0438419035349094),
 .UNSPECIFIED.);
#79=B_SPLINE_CURVE_WITH_KNOTS('',3,(#11878,#11879,#11880,#11881,#11882),
 .UNSPECIFIED.,.F.,.F.,(4,1,4),(0.,0.0159347687374909,0.0286605188445991),
 .UNSPECIFIED.);
#80=B_SPLINE_CURVE_WITH_KNOTS('',3,(#11885,#11886,#11887,#11888,#11889),
 .UNSPECIFIED.,.F.,.F.,(4,1,4),(0.,0.0159347687374909,0.0286605188445991),
 .UNSPECIFIED.);
#81=B_SPLINE_CURVE_WITH_KNOTS('',3,(#11901,#11902,#11903,#11904,#11905),
 .UNSPECIFIED.,.F.,.F.,(4,1,4),(0.,0.0170653032644931,0.0343680036266892),
 .UNSPECIFIED.);
#82=B_SPLINE_CURVE_WITH_KNOTS('',3,(#11908,#11909,#11910,#11911,#11912),
 .UNSPECIFIED.,.F.,.F.,(4,1,4),(0.,0.0170653032644931,0.0343680036266892),
 .UNSPECIFIED.);
#83=B_SPLINE_CURVE_WITH_KNOTS('',3,(#11924,#11925,#11926,#11927,#11928),
 .UNSPECIFIED.,.F.,.F.,(4,1,4),(0.,0.0192901313523063,0.0386496667224386),
 .UNSPECIFIED.);
#84=B_SPLINE_CURVE_WITH_KNOTS('',3,(#11931,#11932,#11933,#11934,#11935),
 .UNSPECIFIED.,.F.,.F.,(4,1,4),(0.,0.0192901313523063,0.0386496667224386),
 .UNSPECIFIED.);
#85=B_SPLINE_CURVE_WITH_KNOTS('',3,(#11947,#11948,#11949,#11950,#11951),
 .UNSPECIFIED.,.F.,.F.,(4,1,4),(0.,0.0193383747476181,0.0383753258496363),
 .UNSPECIFIED.);
#86=B_SPLINE_CURVE_WITH_KNOTS('',3,(#11954,#11955,#11956,#11957,#11958),
 .UNSPECIFIED.,.F.,.F.,(4,1,4),(0.,0.0193383747476181,0.0383753258496363),
 .UNSPECIFIED.);
#87=B_SPLINE_CURVE_WITH_KNOTS('',3,(#11970,#11971,#11972,#11973,#11974),
 .UNSPECIFIED.,.F.,.F.,(4,1,4),(0.,0.0246643253731885,0.0460038874793263),
 .UNSPECIFIED.);
#88=B_SPLINE_CURVE_WITH_KNOTS('',3,(#11977,#11978,#11979,#11980,#11981),
 .UNSPECIFIED.,.F.,.F.,(4,1,4),(0.,0.0246643253731885,0.0460038874793263),
 .UNSPECIFIED.);
#89=B_SPLINE_CURVE_WITH_KNOTS('',3,(#11993,#11994,#11995,#11996,#11997),
 .UNSPECIFIED.,.F.,.F.,(4,1,4),(0.,0.0201693936699462,0.0411636779657202),
 .UNSPECIFIED.);
#90=B_SPLINE_CURVE_WITH_KNOTS('',3,(#12000,#12001,#12002,#12003,#12004),
 .UNSPECIFIED.,.F.,.F.,(4,1,4),(0.,0.0201693936699462,0.0411636779657202),
 .UNSPECIFIED.);
#91=B_SPLINE_CURVE_WITH_KNOTS('',3,(#12016,#12017,#12018,#12019,#12020),
 .UNSPECIFIED.,.F.,.F.,(4,1,4),(0.,0.0118864885895872,0.0235492745885875),
 .UNSPECIFIED.);
#92=B_SPLINE_CURVE_WITH_KNOTS('',3,(#12023,#12024,#12025,#12026,#12027),
 .UNSPECIFIED.,.F.,.F.,(4,1,4),(0.,0.0118864885895872,0.0235492745885875),
 .UNSPECIFIED.);
#93=B_SPLINE_CURVE_WITH_KNOTS('',3,(#12039,#12040,#12041,#12042,#12043),
 .UNSPECIFIED.,.F.,.F.,(4,1,4),(0.,0.0135573045223616,0.0259854429083019),
 .UNSPECIFIED.);
#94=B_SPLINE_CURVE_WITH_KNOTS('',3,(#12046,#12047,#12048,#12049,#12050),
 .UNSPECIFIED.,.F.,.F.,(4,1,4),(0.,0.0135573045223616,0.0259854429083019),
 .UNSPECIFIED.);
#95=B_SPLINE_CURVE_WITH_KNOTS('',3,(#12062,#12063,#12064,#12065,#12066),
 .UNSPECIFIED.,.F.,.F.,(4,1,4),(0.,0.0169731735545012,0.0320162464253301),
 .UNSPECIFIED.);
#96=B_SPLINE_CURVE_WITH_KNOTS('',3,(#12069,#12070,#12071,#12072,#12073),
 .UNSPECIFIED.,.F.,.F.,(4,1,4),(0.,0.0169731735545012,0.0320162464253301),
 .UNSPECIFIED.);
#97=B_SPLINE_CURVE_WITH_KNOTS('',3,(#12085,#12086,#12087,#12088,#12089),
 .UNSPECIFIED.,.F.,.F.,(4,1,4),(0.,0.0136764301455614,0.028197082549838),
 .UNSPECIFIED.);
#98=B_SPLINE_CURVE_WITH_KNOTS('',3,(#12092,#12093,#12094,#12095,#12096),
 .UNSPECIFIED.,.F.,.F.,(4,1,4),(0.,0.0136764301455614,0.028197082549838),
 .UNSPECIFIED.);
#99=B_SPLINE_CURVE_WITH_KNOTS('',3,(#12108,#12109,#12110,#12111,#12112),
 .UNSPECIFIED.,.F.,.F.,(4,1,4),(0.,0.0113002165947439,0.0238736259603161),
 .UNSPECIFIED.);
#100=B_SPLINE_CURVE_WITH_KNOTS('',3,(#12115,#12116,#12117,#12118,#12119),
 .UNSPECIFIED.,.F.,.F.,(4,1,4),(0.,0.0113002165947439,0.0238736259603161),
 .UNSPECIFIED.);
#101=B_SPLINE_CURVE_WITH_KNOTS('',3,(#12131,#12132,#12133,#12134,#12135),
 .UNSPECIFIED.,.F.,.F.,(4,1,4),(0.,0.0145464719551398,0.0265959807712845),
 .UNSPECIFIED.);
#102=B_SPLINE_CURVE_WITH_KNOTS('',3,(#12138,#12139,#12140,#12141,#12142),
 .UNSPECIFIED.,.F.,.F.,(4,1,4),(0.,0.0145464719551398,0.0265959807712845),
 .UNSPECIFIED.);
#103=B_SPLINE_CURVE_WITH_KNOTS('',3,(#12160,#12161,#12162,#12163,#12164),
 .UNSPECIFIED.,.F.,.F.,(4,1,4),(0.,0.0169101921590189,0.0362718702306085),
 .UNSPECIFIED.);
#104=B_SPLINE_CURVE_WITH_KNOTS('',3,(#12167,#12168,#12169,#12170,#12171),
 .UNSPECIFIED.,.F.,.F.,(4,1,4),(0.,0.0169101921590189,0.0362718702306085),
 .UNSPECIFIED.);
#105=B_SPLINE_CURVE_WITH_KNOTS('',3,(#12183,#12184,#12185,#12186,#12187),
 .UNSPECIFIED.,.F.,.F.,(4,1,4),(0.,0.0177545691274255,0.0340405527243141),
 .UNSPECIFIED.);
#106=B_SPLINE_CURVE_WITH_KNOTS('',3,(#12190,#12191,#12192,#12193,#12194),
 .UNSPECIFIED.,.F.,.F.,(4,1,4),(0.,0.0177545691274255,0.0340405527243141),
 .UNSPECIFIED.);
#107=B_SPLINE_CURVE_WITH_KNOTS('',3,(#12206,#12207,#12208,#12209,#12210),
 .UNSPECIFIED.,.F.,.F.,(4,1,4),(0.,0.0207260233057128,0.0400300381342971),
 .UNSPECIFIED.);
#108=B_SPLINE_CURVE_WITH_KNOTS('',3,(#12213,#12214,#12215,#12216,#12217),
 .UNSPECIFIED.,.F.,.F.,(4,1,4),(0.,0.0207260233057128,0.0400300381342971),
 .UNSPECIFIED.);
#109=B_SPLINE_CURVE_WITH_KNOTS('',3,(#12229,#12230,#12231,#12232,#12233),
 .UNSPECIFIED.,.F.,.F.,(4,1,4),(0.,0.0263223841522853,0.054627005195626),
 .UNSPECIFIED.);
#110=B_SPLINE_CURVE_WITH_KNOTS('',3,(#12236,#12237,#12238,#12239,#12240),
 .UNSPECIFIED.,.F.,.F.,(4,1,4),(0.,0.0263223841522853,0.054627005195626),
 .UNSPECIFIED.);
#111=B_SPLINE_CURVE_WITH_KNOTS('',3,(#12252,#12253,#12254,#12255,#12256),
 .UNSPECIFIED.,.F.,.F.,(4,1,4),(0.,0.026605109714124,0.0521216407607161),
 .UNSPECIFIED.);
#112=B_SPLINE_CURVE_WITH_KNOTS('',3,(#12259,#12260,#12261,#12262,#12263),
 .UNSPECIFIED.,.F.,.F.,(4,1,4),(0.,0.026605109714124,0.0521216407607161),
 .UNSPECIFIED.);
#113=B_SPLINE_CURVE_WITH_KNOTS('',3,(#12275,#12276,#12277,#12278,#12279),
 .UNSPECIFIED.,.F.,.F.,(4,1,4),(0.,0.0283876412852834,0.0562164916400484),
 .UNSPECIFIED.);
#114=B_SPLINE_CURVE_WITH_KNOTS('',3,(#12282,#12283,#12284,#12285,#12286),
 .UNSPECIFIED.,.F.,.F.,(4,1,4),(0.,0.0283876412852834,0.0562164916400484),
 .UNSPECIFIED.);
#115=B_SPLINE_CURVE_WITH_KNOTS('',3,(#12298,#12299,#12300,#12301,#12302),
 .UNSPECIFIED.,.F.,.F.,(4,1,4),(0.,0.0268983593746375,0.0551352486073688),
 .UNSPECIFIED.);
#116=B_SPLINE_CURVE_WITH_KNOTS('',3,(#12305,#12306,#12307,#12308,#12309),
 .UNSPECIFIED.,.F.,.F.,(4,1,4),(0.,0.0268983593746375,0.0551352486073688),
 .UNSPECIFIED.);
#117=B_SPLINE_CURVE_WITH_KNOTS('',3,(#12321,#12322,#12323,#12324,#12325),
 .UNSPECIFIED.,.F.,.F.,(4,1,4),(0.,0.0261650854855093,0.0521547145084712),
 .UNSPECIFIED.);
#118=B_SPLINE_CURVE_WITH_KNOTS('',3,(#12328,#12329,#12330,#12331,#12332),
 .UNSPECIFIED.,.F.,.F.,(4,1,4),(0.,0.0261650854855093,0.0521547145084712),
 .UNSPECIFIED.);
#119=B_SPLINE_CURVE_WITH_KNOTS('',3,(#12344,#12345,#12346,#12347,#12348),
 .UNSPECIFIED.,.F.,.F.,(4,1,4),(0.,0.0282970572835406,0.055427814743103),
 .UNSPECIFIED.);
#120=B_SPLINE_CURVE_WITH_KNOTS('',3,(#12351,#12352,#12353,#12354,#12355),
 .UNSPECIFIED.,.F.,.F.,(4,1,4),(0.,0.0282970572835406,0.055427814743103),
 .UNSPECIFIED.);
#121=B_SPLINE_CURVE_WITH_KNOTS('',3,(#12367,#12368,#12369,#12370,#12371),
 .UNSPECIFIED.,.F.,.F.,(4,1,4),(0.,0.0218177780616075,0.0434621101979497),
 .UNSPECIFIED.);
#122=B_SPLINE_CURVE_WITH_KNOTS('',3,(#12374,#12375,#12376,#12377,#12378),
 .UNSPECIFIED.,.F.,.F.,(4,1,4),(0.,0.0218177780616075,0.0434621101979497),
 .UNSPECIFIED.);
#123=B_SPLINE_CURVE_WITH_KNOTS('',3,(#12390,#12391,#12392,#12393,#12394),
 .UNSPECIFIED.,.F.,.F.,(4,1,4),(0.,0.0240483258602145,0.0466946376486696),
 .UNSPECIFIED.);
#124=B_SPLINE_CURVE_WITH_KNOTS('',3,(#12397,#12398,#12399,#12400,#12401),
 .UNSPECIFIED.,.F.,.F.,(4,1,4),(0.,0.0240483258602145,0.0466946376486696),
 .UNSPECIFIED.);
#125=B_SPLINE_CURVE_WITH_KNOTS('',3,(#12436,#12437,#12438,#12439,#12440),
 .UNSPECIFIED.,.F.,.F.,(4,1,4),(0.,0.0265842882418412,0.0531052509654453),
 .UNSPECIFIED.);
#126=B_SPLINE_CURVE_WITH_KNOTS('',3,(#12444,#12445,#12446,#12447,#12448),
 .UNSPECIFIED.,.F.,.F.,(4,1,4),(0.,0.0265842882418412,0.0531052509654453),
 .UNSPECIFIED.);
#127=B_SPLINE_CURVE_WITH_KNOTS('',3,(#12461,#12462,#12463,#12464,#12465),
 .UNSPECIFIED.,.F.,.F.,(4,1,4),(0.,0.0184663669891566,0.0374423720312411),
 .UNSPECIFIED.);
#128=B_SPLINE_CURVE_WITH_KNOTS('',3,(#12468,#12469,#12470,#12471,#12472),
 .UNSPECIFIED.,.F.,.F.,(4,1,4),(0.,0.0184663669891566,0.0374423720312411),
 .UNSPECIFIED.);
#129=B_SPLINE_CURVE_WITH_KNOTS('',3,(#12484,#12485,#12486,#12487,#12488),
 .UNSPECIFIED.,.F.,.F.,(4,1,4),(0.,0.0190959937825259,0.0375707006537872),
 .UNSPECIFIED.);
#130=B_SPLINE_CURVE_WITH_KNOTS('',3,(#12491,#12492,#12493,#12494,#12495),
 .UNSPECIFIED.,.F.,.F.,(4,1,4),(0.,0.0190959937825259,0.0375707006537872),
 .UNSPECIFIED.);
#131=B_SPLINE_CURVE_WITH_KNOTS('',3,(#12507,#12508,#12509,#12510,#12511),
 .UNSPECIFIED.,.F.,.F.,(4,1,4),(0.,0.022961239830935,0.0436726341358969),
 .UNSPECIFIED.);
#132=B_SPLINE_CURVE_WITH_KNOTS('',3,(#12514,#12515,#12516,#12517,#12518),
 .UNSPECIFIED.,.F.,.F.,(4,1,4),(0.,0.022961239830935,0.0436726341358969),
 .UNSPECIFIED.);
#133=B_SPLINE_CURVE_WITH_KNOTS('',3,(#12530,#12531,#12532,#12533,#12534),
 .UNSPECIFIED.,.F.,.F.,(4,1,4),(0.,0.0292445917940578,0.0637921105810987),
 .UNSPECIFIED.);
#134=B_SPLINE_CURVE_WITH_KNOTS('',3,(#12537,#12538,#12539,#12540,#12541),
 .UNSPECIFIED.,.F.,.F.,(4,1,4),(0.,0.0292445917940578,0.0637921105810987),
 .UNSPECIFIED.);
#135=B_SPLINE_CURVE_WITH_KNOTS('',3,(#12553,#12554,#12555,#12556,#12557),
 .UNSPECIFIED.,.F.,.F.,(4,1,4),(0.,0.0277358432052728,0.0547540043808663),
 .UNSPECIFIED.);
#136=B_SPLINE_CURVE_WITH_KNOTS('',3,(#12560,#12561,#12562,#12563,#12564),
 .UNSPECIFIED.,.F.,.F.,(4,1,4),(0.,0.0277358432052728,0.0547540043808663),
 .UNSPECIFIED.);
#137=B_SPLINE_CURVE_WITH_KNOTS('',3,(#12576,#12577,#12578,#12579,#12580),
 .UNSPECIFIED.,.F.,.F.,(4,1,4),(0.,0.0269011114709807,0.0542588852676606),
 .UNSPECIFIED.);
#138=B_SPLINE_CURVE_WITH_KNOTS('',3,(#12583,#12584,#12585,#12586,#12587),
 .UNSPECIFIED.,.F.,.F.,(4,1,4),(0.,0.0269011114709807,0.0542588852676606),
 .UNSPECIFIED.);
#139=B_SPLINE_CURVE_WITH_KNOTS('',3,(#12599,#12600,#12601,#12602,#12603),
 .UNSPECIFIED.,.F.,.F.,(4,1,4),(0.,0.0326792802812401,0.0613116515109226),
 .UNSPECIFIED.);
#140=B_SPLINE_CURVE_WITH_KNOTS('',3,(#12606,#12607,#12608,#12609,#12610),
 .UNSPECIFIED.,.F.,.F.,(4,1,4),(0.,0.0326792802812401,0.0613116515109226),
 .UNSPECIFIED.);
#141=B_SPLINE_CURVE_WITH_KNOTS('',3,(#12621,#12622,#12623,#12624,#12625),
 .UNSPECIFIED.,.F.,.F.,(4,1,4),(0.,0.0299136283331354,0.068937483245),
 .UNSPECIFIED.);
#142=B_SPLINE_CURVE_WITH_KNOTS('',3,(#12626,#12627,#12628,#12629,#12630),
 .UNSPECIFIED.,.F.,.F.,(4,1,4),(0.,0.0299136283331354,0.068937483245),
 .UNSPECIFIED.);
#143=B_SPLINE_CURVE_WITH_KNOTS('',3,(#12643,#12644,#12645,#12646,#12647),
 .UNSPECIFIED.,.F.,.F.,(4,1,4),(0.,0.025341246200427,0.0507588141557947),
 .UNSPECIFIED.);
#144=B_SPLINE_CURVE_WITH_KNOTS('',3,(#12651,#12652,#12653,#12654,#12655),
 .UNSPECIFIED.,.F.,.F.,(4,1,4),(0.,0.025341246200427,0.0507588141557947),
 .UNSPECIFIED.);
#145=B_SPLINE_CURVE_WITH_KNOTS('',3,(#12668,#12669,#12670,#12671,#12672),
 .UNSPECIFIED.,.F.,.F.,(4,1,4),(0.,0.0269560782177496,0.0528053747049824),
 .UNSPECIFIED.);
#146=B_SPLINE_CURVE_WITH_KNOTS('',3,(#12675,#12676,#12677,#12678,#12679),
 .UNSPECIFIED.,.F.,.F.,(4,1,4),(0.,0.0269560782177496,0.0528053747049824),
 .UNSPECIFIED.);
#147=B_SPLINE_CURVE_WITH_KNOTS('',3,(#12691,#12692,#12693,#12694,#12695),
 .UNSPECIFIED.,.F.,.F.,(4,1,4),(0.,0.0251627903741415,0.0505218660666018),
 .UNSPECIFIED.);
#148=B_SPLINE_CURVE_WITH_KNOTS('',3,(#12698,#12699,#12700,#12701,#12702),
 .UNSPECIFIED.,.F.,.F.,(4,1,4),(0.,0.0251627903741415,0.0505218660666018),
 .UNSPECIFIED.);
#149=B_SPLINE_CURVE_WITH_KNOTS('',3,(#12714,#12715,#12716,#12717,#12718),
 .UNSPECIFIED.,.F.,.F.,(4,1,4),(0.,0.0257897024671136,0.0509102011412855),
 .UNSPECIFIED.);
#150=B_SPLINE_CURVE_WITH_KNOTS('',3,(#12721,#12722,#12723,#12724,#12725),
 .UNSPECIFIED.,.F.,.F.,(4,1,4),(0.,0.0257897024671136,0.0509102011412855),
 .UNSPECIFIED.);
#151=B_SPLINE_CURVE_WITH_KNOTS('',3,(#12737,#12738,#12739,#12740,#12741),
 .UNSPECIFIED.,.F.,.F.,(4,1,4),(0.,0.0289829265070487,0.0562019028655201),
 .UNSPECIFIED.);
#152=B_SPLINE_CURVE_WITH_KNOTS('',3,(#12744,#12745,#12746,#12747,#12748),
 .UNSPECIFIED.,.F.,.F.,(4,1,4),(0.,0.0289829265070487,0.0562019028655201),
 .UNSPECIFIED.);
#153=B_SPLINE_CURVE_WITH_KNOTS('',3,(#12760,#12761,#12762,#12763,#12764),
 .UNSPECIFIED.,.F.,.F.,(4,1,4),(0.,0.0267280382187062,0.0553048733300125),
 .UNSPECIFIED.);
#154=B_SPLINE_CURVE_WITH_KNOTS('',3,(#12767,#12768,#12769,#12770,#12771),
 .UNSPECIFIED.,.F.,.F.,(4,1,4),(0.,0.0267280382187062,0.0553048733300125),
 .UNSPECIFIED.);
#155=B_SPLINE_CURVE_WITH_KNOTS('',3,(#12783,#12784,#12785,#12786,#12787),
 .UNSPECIFIED.,.F.,.F.,(4,1,4),(0.,0.0251974891951569,0.0506584724079267),
 .UNSPECIFIED.);
#156=B_SPLINE_CURVE_WITH_KNOTS('',3,(#12790,#12791,#12792,#12793,#12794),
 .UNSPECIFIED.,.F.,.F.,(4,1,4),(0.,0.0251974891951569,0.0506584724079267),
 .UNSPECIFIED.);
#157=B_SPLINE_CURVE_WITH_KNOTS('',3,(#12806,#12807,#12808,#12809,#12810),
 .UNSPECIFIED.,.F.,.F.,(4,1,4),(0.,0.0265371750145343,0.0521407492927684),
 .UNSPECIFIED.);
#158=B_SPLINE_CURVE_WITH_KNOTS('',3,(#12813,#12814,#12815,#12816,#12817),
 .UNSPECIFIED.,.F.,.F.,(4,1,4),(0.,0.0265371750145343,0.0521407492927684),
 .UNSPECIFIED.);
#159=B_SPLINE_CURVE_WITH_KNOTS('',3,(#12829,#12830,#12831,#12832,#12833),
 .UNSPECIFIED.,.F.,.F.,(4,1,4),(0.,0.0372085650159428,0.0762528680767407),
 .UNSPECIFIED.);
#160=B_SPLINE_CURVE_WITH_KNOTS('',3,(#12836,#12837,#12838,#12839,#12840),
 .UNSPECIFIED.,.F.,.F.,(4,1,4),(0.,0.0372085650159428,0.0762528680767407),
 .UNSPECIFIED.);
#161=B_SPLINE_CURVE_WITH_KNOTS('',3,(#12852,#12853,#12854,#12855,#12856),
 .UNSPECIFIED.,.F.,.F.,(4,1,4),(0.,0.0448900189507944,0.084000814404801),
 .UNSPECIFIED.);
#162=B_SPLINE_CURVE_WITH_KNOTS('',3,(#12859,#12860,#12861,#12862,#12863),
 .UNSPECIFIED.,.F.,.F.,(4,1,4),(0.,0.0448900189507944,0.084000814404801),
 .UNSPECIFIED.);
#163=B_SPLINE_CURVE_WITH_KNOTS('',3,(#12874,#12875,#12876,#12877,#12878),
 .UNSPECIFIED.,.F.,.F.,(4,1,4),(0.,0.0257598951655111,0.0515674069612345),
 .UNSPECIFIED.);
#164=B_SPLINE_CURVE_WITH_KNOTS('',3,(#12879,#12880,#12881,#12882,#12883),
 .UNSPECIFIED.,.F.,.F.,(4,1,4),(0.,0.0257598951655111,0.0515674069612345),
 .UNSPECIFIED.);
#165=B_SPLINE_CURVE_WITH_KNOTS('',3,(#12954,#12955,#12956,#12957,#12958),
 .UNSPECIFIED.,.F.,.F.,(4,1,4),(0.,0.00960821853683298,0.0247920613677297),
 .UNSPECIFIED.);
#166=B_SPLINE_CURVE_WITH_KNOTS('',3,(#12961,#12962,#12963,#12964,#12965),
 .UNSPECIFIED.,.F.,.F.,(4,1,4),(0.,0.00960821853683298,0.0247920613677297),
 .UNSPECIFIED.);
#167=B_SPLINE_CURVE_WITH_KNOTS('',3,(#12977,#12978,#12979,#12980,#12981),
 .UNSPECIFIED.,.F.,.F.,(4,1,4),(0.,0.0104427097215291,0.0207799963951654),
 .UNSPECIFIED.);
#168=B_SPLINE_CURVE_WITH_KNOTS('',3,(#12984,#12985,#12986,#12987,#12988),
 .UNSPECIFIED.,.F.,.F.,(4,1,4),(0.,0.0104427097215291,0.0207799963951654),
 .UNSPECIFIED.);
#169=B_SPLINE_CURVE_WITH_KNOTS('',3,(#13000,#13001,#13002,#13003,#13004),
 .UNSPECIFIED.,.F.,.F.,(4,1,4),(0.,0.0117547648062256,0.0226843955961268),
 .UNSPECIFIED.);
#170=B_SPLINE_CURVE_WITH_KNOTS('',3,(#13007,#13008,#13009,#13010,#13011),
 .UNSPECIFIED.,.F.,.F.,(4,1,4),(0.,0.0117547648062256,0.0226843955961268),
 .UNSPECIFIED.);
#171=B_SPLINE_CURVE_WITH_KNOTS('',3,(#13023,#13024,#13025,#13026,#13027),
 .UNSPECIFIED.,.F.,.F.,(4,1,4),(0.,0.0140515624628313,0.029667759687215),
 .UNSPECIFIED.);
#172=B_SPLINE_CURVE_WITH_KNOTS('',3,(#13030,#13031,#13032,#13033,#13034),
 .UNSPECIFIED.,.F.,.F.,(4,1,4),(0.,0.0140515624628313,0.029667759687215),
 .UNSPECIFIED.);
#173=B_SPLINE_CURVE_WITH_KNOTS('',3,(#13046,#13047,#13048,#13049,#13050),
 .UNSPECIFIED.,.F.,.F.,(4,1,4),(0.,0.0220599700297646,0.0382281914283126),
 .UNSPECIFIED.);
#174=B_SPLINE_CURVE_WITH_KNOTS('',3,(#13053,#13054,#13055,#13056,#13057),
 .UNSPECIFIED.,.F.,.F.,(4,1,4),(0.,0.0220599700297646,0.0382281914283126),
 .UNSPECIFIED.);
#175=B_SPLINE_CURVE_WITH_KNOTS('',3,(#13093,#13094,#13095,#13096,#13097),
 .UNSPECIFIED.,.F.,.F.,(4,1,4),(0.,0.0263560004093844,0.06250679598268),
 .UNSPECIFIED.);
#176=B_SPLINE_CURVE_WITH_KNOTS('',3,(#13100,#13101,#13102,#13103,#13104),
 .UNSPECIFIED.,.F.,.F.,(4,1,4),(0.,0.0263560004093844,0.06250679598268),
 .UNSPECIFIED.);
#177=B_SPLINE_CURVE_WITH_KNOTS('',3,(#13116,#13117,#13118,#13119,#13120),
 .UNSPECIFIED.,.F.,.F.,(4,1,4),(0.,0.023897624285086,0.0469957951758092),
 .UNSPECIFIED.);
#178=B_SPLINE_CURVE_WITH_KNOTS('',3,(#13123,#13124,#13125,#13126,#13127),
 .UNSPECIFIED.,.F.,.F.,(4,1,4),(0.,0.023897624285086,0.0469957951758092),
 .UNSPECIFIED.);
#179=B_SPLINE_CURVE_WITH_KNOTS('',3,(#13139,#13140,#13141,#13142,#13143),
 .UNSPECIFIED.,.F.,.F.,(4,1,4),(0.,0.0138013823689169,0.0281384246194147),
 .UNSPECIFIED.);
#180=B_SPLINE_CURVE_WITH_KNOTS('',3,(#13146,#13147,#13148,#13149,#13150),
 .UNSPECIFIED.,.F.,.F.,(4,1,4),(0.,0.0138013823689169,0.0281384246194147),
 .UNSPECIFIED.);
#181=B_SPLINE_CURVE_WITH_KNOTS('',3,(#13162,#13163,#13164,#13165,#13166),
 .UNSPECIFIED.,.F.,.F.,(4,1,4),(0.,0.0122136622708672,0.0253033272915604),
 .UNSPECIFIED.);
#182=B_SPLINE_CURVE_WITH_KNOTS('',3,(#13169,#13170,#13171,#13172,#13173),
 .UNSPECIFIED.,.F.,.F.,(4,1,4),(0.,0.0122136622708672,0.0253033272915604),
 .UNSPECIFIED.);
#183=B_SPLINE_CURVE_WITH_KNOTS('',3,(#13185,#13186,#13187,#13188,#13189),
 .UNSPECIFIED.,.F.,.F.,(4,1,4),(0.,0.0140014352316039,0.0265634787248733),
 .UNSPECIFIED.);
#184=B_SPLINE_CURVE_WITH_KNOTS('',3,(#13192,#13193,#13194,#13195,#13196),
 .UNSPECIFIED.,.F.,.F.,(4,1,4),(0.,0.0140014352316039,0.0265634787248733),
 .UNSPECIFIED.);
#185=B_SPLINE_CURVE_WITH_KNOTS('',3,(#13208,#13209,#13210,#13211,#13212),
 .UNSPECIFIED.,.F.,.F.,(4,1,4),(0.,0.0175713205693714,0.0305089677773947),
 .UNSPECIFIED.);
#186=B_SPLINE_CURVE_WITH_KNOTS('',3,(#13215,#13216,#13217,#13218,#13219),
 .UNSPECIFIED.,.F.,.F.,(4,1,4),(0.,0.0175713205693714,0.0305089677773947),
 .UNSPECIFIED.);
#187=B_SPLINE_CURVE_WITH_KNOTS('',3,(#13360,#13361,#13362,#13363,#13364),
 .UNSPECIFIED.,.F.,.F.,(4,1,4),(0.,0.0194252253296183,0.0415369524047243),
 .UNSPECIFIED.);
#188=B_SPLINE_CURVE_WITH_KNOTS('',3,(#13367,#13368,#13369,#13370,#13371),
 .UNSPECIFIED.,.F.,.F.,(4,1,4),(0.,0.0194252253296183,0.0415369524047243),
 .UNSPECIFIED.);
#189=B_SPLINE_CURVE_WITH_KNOTS('',3,(#13383,#13384,#13385,#13386,#13387),
 .UNSPECIFIED.,.F.,.F.,(4,1,4),(0.,0.0199310731034957,0.0394756755269628),
 .UNSPECIFIED.);
#190=B_SPLINE_CURVE_WITH_KNOTS('',3,(#13390,#13391,#13392,#13393,#13394),
 .UNSPECIFIED.,.F.,.F.,(4,1,4),(0.,0.0199310731034957,0.0394756755269628),
 .UNSPECIFIED.);
#191=B_SPLINE_CURVE_WITH_KNOTS('',3,(#13504,#13505,#13506,#13507,#13508),
 .UNSPECIFIED.,.F.,.F.,(4,1,4),(0.,0.0142166053593071,0.0346038407248131),
 .UNSPECIFIED.);
#192=B_SPLINE_CURVE_WITH_KNOTS('',3,(#13511,#13512,#13513,#13514,#13515),
 .UNSPECIFIED.,.F.,.F.,(4,1,4),(0.,0.0142166053593071,0.0346038407248131),
 .UNSPECIFIED.);
#193=B_SPLINE_CURVE_WITH_KNOTS('',3,(#13527,#13528,#13529,#13530,#13531),
 .UNSPECIFIED.,.F.,.F.,(4,1,4),(0.,0.0181132526820078,0.0341777073157196),
 .UNSPECIFIED.);
#194=B_SPLINE_CURVE_WITH_KNOTS('',3,(#13534,#13535,#13536,#13537,#13538),
 .UNSPECIFIED.,.F.,.F.,(4,1,4),(0.,0.0181132526820078,0.0341777073157196),
 .UNSPECIFIED.);
#195=B_SPLINE_CURVE_WITH_KNOTS('',3,(#13550,#13551,#13552,#13553,#13554),
 .UNSPECIFIED.,.F.,.F.,(4,1,4),(0.,0.0278647823008865,0.0497541861150424),
 .UNSPECIFIED.);
#196=B_SPLINE_CURVE_WITH_KNOTS('',3,(#13557,#13558,#13559,#13560,#13561),
 .UNSPECIFIED.,.F.,.F.,(4,1,4),(0.,0.0278647823008865,0.0497541861150424),
 .UNSPECIFIED.);
#197=B_SPLINE_CURVE_WITH_KNOTS('',3,(#13573,#13574,#13575,#13576,#13577),
 .UNSPECIFIED.,.F.,.F.,(4,1,4),(0.,0.0180177339605457,0.0390172512551159),
 .UNSPECIFIED.);
#198=B_SPLINE_CURVE_WITH_KNOTS('',3,(#13580,#13581,#13582,#13583,#13584),
 .UNSPECIFIED.,.F.,.F.,(4,1,4),(0.,0.0180177339605457,0.0390172512551159),
 .UNSPECIFIED.);
#199=B_SPLINE_CURVE_WITH_KNOTS('',3,(#13596,#13597,#13598,#13599,#13600),
 .UNSPECIFIED.,.F.,.F.,(4,1,4),(0.,0.0138508396544398,0.0294498805917295),
 .UNSPECIFIED.);
#200=B_SPLINE_CURVE_WITH_KNOTS('',3,(#13603,#13604,#13605,#13606,#13607),
 .UNSPECIFIED.,.F.,.F.,(4,1,4),(0.,0.0138508396544398,0.0294498805917295),
 .UNSPECIFIED.);
#201=B_SPLINE_CURVE_WITH_KNOTS('',3,(#13619,#13620,#13621,#13622,#13623),
 .UNSPECIFIED.,.F.,.F.,(4,1,4),(0.,0.0110418453296946,0.0208646690072803),
 .UNSPECIFIED.);
#202=B_SPLINE_CURVE_WITH_KNOTS('',3,(#13626,#13627,#13628,#13629,#13630),
 .UNSPECIFIED.,.F.,.F.,(4,1,4),(0.,0.0110418453296946,0.0208646690072803),
 .UNSPECIFIED.);
#203=B_SPLINE_CURVE_WITH_KNOTS('',3,(#13642,#13643,#13644,#13645,#13646),
 .UNSPECIFIED.,.F.,.F.,(4,1,4),(0.,0.0176740157053633,0.0313429348611924),
 .UNSPECIFIED.);
#204=B_SPLINE_CURVE_WITH_KNOTS('',3,(#13649,#13650,#13651,#13652,#13653),
 .UNSPECIFIED.,.F.,.F.,(4,1,4),(0.,0.0176740157053633,0.0313429348611924),
 .UNSPECIFIED.);
#205=B_SPLINE_CURVE_WITH_KNOTS('',3,(#13675,#13676,#13677,#13678,#13679),
 .UNSPECIFIED.,.F.,.F.,(4,1,4),(0.,0.0152400855720354,0.0323656550379953),
 .UNSPECIFIED.);
#206=B_SPLINE_CURVE_WITH_KNOTS('',3,(#13683,#13684,#13685,#13686,#13687),
 .UNSPECIFIED.,.F.,.F.,(4,1,4),(0.,0.0152400855720354,0.0323656550379953),
 .UNSPECIFIED.);
#207=B_SPLINE_CURVE_WITH_KNOTS('',3,(#13700,#13701,#13702,#13703,#13704),
 .UNSPECIFIED.,.F.,.F.,(4,1,4),(0.,0.0123665658455193,0.0259942942162339),
 .UNSPECIFIED.);
#208=B_SPLINE_CURVE_WITH_KNOTS('',3,(#13707,#13708,#13709,#13710,#13711),
 .UNSPECIFIED.,.F.,.F.,(4,1,4),(0.,0.0123665658455193,0.0259942942162339),
 .UNSPECIFIED.);
#209=B_SPLINE_CURVE_WITH_KNOTS('',3,(#13723,#13724,#13725,#13726,#13727),
 .UNSPECIFIED.,.F.,.F.,(4,1,4),(0.,0.0134918312819172,0.0258109611251261),
 .UNSPECIFIED.);
#210=B_SPLINE_CURVE_WITH_KNOTS('',3,(#13730,#13731,#13732,#13733,#13734),
 .UNSPECIFIED.,.F.,.F.,(4,1,4),(0.,0.0134918312819172,0.0258109611251261),
 .UNSPECIFIED.);
#211=B_SPLINE_CURVE_WITH_KNOTS('',3,(#13746,#13747,#13748,#13749,#13750),
 .UNSPECIFIED.,.F.,.F.,(4,1,4),(0.,0.0171889910480061,0.0322727294997288),
 .UNSPECIFIED.);
#212=B_SPLINE_CURVE_WITH_KNOTS('',3,(#13753,#13754,#13755,#13756,#13757),
 .UNSPECIFIED.,.F.,.F.,(4,1,4),(0.,0.0171889910480061,0.0322727294997288),
 .UNSPECIFIED.);
#213=B_SPLINE_CURVE_WITH_KNOTS('',3,(#13769,#13770,#13771,#13772,#13773),
 .UNSPECIFIED.,.F.,.F.,(4,1,4),(0.,0.021528158580967,0.040839910670294),
 .UNSPECIFIED.);
#214=B_SPLINE_CURVE_WITH_KNOTS('',3,(#13776,#13777,#13778,#13779,#13780),
 .UNSPECIFIED.,.F.,.F.,(4,1,4),(0.,0.021528158580967,0.040839910670294),
 .UNSPECIFIED.);
#215=B_SPLINE_CURVE_WITH_KNOTS('',3,(#13792,#13793,#13794,#13795,#13796),
 .UNSPECIFIED.,.F.,.F.,(4,1,4),(0.,0.0230519469961761,0.048383772005813),
 .UNSPECIFIED.);
#216=B_SPLINE_CURVE_WITH_KNOTS('',3,(#13799,#13800,#13801,#13802,#13803),
 .UNSPECIFIED.,.F.,.F.,(4,1,4),(0.,0.0230519469961761,0.048383772005813),
 .UNSPECIFIED.);
#217=B_SPLINE_CURVE_WITH_KNOTS('',3,(#13815,#13816,#13817,#13818,#13819),
 .UNSPECIFIED.,.F.,.F.,(4,1,4),(0.,0.0205713363824483,0.0419202261169356),
 .UNSPECIFIED.);
#218=B_SPLINE_CURVE_WITH_KNOTS('',3,(#13822,#13823,#13824,#13825,#13826),
 .UNSPECIFIED.,.F.,.F.,(4,1,4),(0.,0.0205713363824483,0.0419202261169356),
 .UNSPECIFIED.);
#219=B_SPLINE_CURVE_WITH_KNOTS('',3,(#13838,#13839,#13840,#13841,#13842),
 .UNSPECIFIED.,.F.,.F.,(4,1,4),(0.,0.0168700081768018,0.0328854856070839),
 .UNSPECIFIED.);
#220=B_SPLINE_CURVE_WITH_KNOTS('',3,(#13845,#13846,#13847,#13848,#13849),
 .UNSPECIFIED.,.F.,.F.,(4,1,4),(0.,0.0168700081768018,0.0328854856070839),
 .UNSPECIFIED.);
#221=B_SPLINE_CURVE_WITH_KNOTS('',3,(#13861,#13862,#13863,#13864,#13865),
 .UNSPECIFIED.,.F.,.F.,(4,1,4),(0.,0.0205786325377646,0.0357722721833227),
 .UNSPECIFIED.);
#222=B_SPLINE_CURVE_WITH_KNOTS('',3,(#13868,#13869,#13870,#13871,#13872),
 .UNSPECIFIED.,.F.,.F.,(4,1,4),(0.,0.0205786325377646,0.0357722721833227),
 .UNSPECIFIED.);
#223=B_SPLINE_CURVE_WITH_KNOTS('',3,(#13909,#13910,#13911,#13912,#13913),
 .UNSPECIFIED.,.F.,.F.,(4,1,4),(0.,0.0149489727513404,0.0343372419719751),
 .UNSPECIFIED.);
#224=B_SPLINE_CURVE_WITH_KNOTS('',3,(#13916,#13917,#13918,#13919,#13920),
 .UNSPECIFIED.,.F.,.F.,(4,1,4),(0.,0.0149489727513404,0.0343372419719751),
 .UNSPECIFIED.);
#225=B_SPLINE_CURVE_WITH_KNOTS('',3,(#13932,#13933,#13934,#13935,#13936),
 .UNSPECIFIED.,.F.,.F.,(4,1,4),(0.,0.0131803299944026,0.0261374999001175),
 .UNSPECIFIED.);
#226=B_SPLINE_CURVE_WITH_KNOTS('',3,(#13939,#13940,#13941,#13942,#13943),
 .UNSPECIFIED.,.F.,.F.,(4,1,4),(0.,0.0131803299944026,0.0261374999001175),
 .UNSPECIFIED.);
#227=B_SPLINE_CURVE_WITH_KNOTS('',3,(#13955,#13956,#13957,#13958,#13959),
 .UNSPECIFIED.,.F.,.F.,(4,1,4),(0.,0.00949146764392458,0.0189139522796726),
 .UNSPECIFIED.);
#228=B_SPLINE_CURVE_WITH_KNOTS('',3,(#13962,#13963,#13964,#13965,#13966),
 .UNSPECIFIED.,.F.,.F.,(4,1,4),(0.,0.00949146764392458,0.0189139522796726),
 .UNSPECIFIED.);
#229=B_SPLINE_CURVE_WITH_KNOTS('',3,(#13978,#13979,#13980,#13981,#13982),
 .UNSPECIFIED.,.F.,.F.,(4,1,4),(0.,0.0102401796904598,0.0199197143219097),
 .UNSPECIFIED.);
#230=B_SPLINE_CURVE_WITH_KNOTS('',3,(#13985,#13986,#13987,#13988,#13989),
 .UNSPECIFIED.,.F.,.F.,(4,1,4),(0.,0.0102401796904598,0.0199197143219097),
 .UNSPECIFIED.);
#231=B_SPLINE_CURVE_WITH_KNOTS('',3,(#14001,#14002,#14003,#14004,#14005),
 .UNSPECIFIED.,.F.,.F.,(4,1,4),(0.,0.0161935747107881,0.0287237190417071),
 .UNSPECIFIED.);
#232=B_SPLINE_CURVE_WITH_KNOTS('',3,(#14008,#14009,#14010,#14011,#14012),
 .UNSPECIFIED.,.F.,.F.,(4,1,4),(0.,0.0161935747107881,0.0287237190417071),
 .UNSPECIFIED.);
#233=B_SPLINE_CURVE_WITH_KNOTS('',3,(#14048,#14049,#14050,#14051,#14052),
 .UNSPECIFIED.,.F.,.F.,(4,1,4),(0.,0.00597760165716867,0.0147802736055363),
 .UNSPECIFIED.);
#234=B_SPLINE_CURVE_WITH_KNOTS('',3,(#14055,#14056,#14057,#14058,#14059),
 .UNSPECIFIED.,.F.,.F.,(4,1,4),(0.,0.00597760165716867,0.0147802736055363),
 .UNSPECIFIED.);
#235=B_SPLINE_CURVE_WITH_KNOTS('',3,(#14071,#14072,#14073,#14074,#14075),
 .UNSPECIFIED.,.F.,.F.,(4,1,4),(0.,0.00680636724513482,0.013240053981161),
 .UNSPECIFIED.);
#236=B_SPLINE_CURVE_WITH_KNOTS('',3,(#14078,#14079,#14080,#14081,#14082),
 .UNSPECIFIED.,.F.,.F.,(4,1,4),(0.,0.00680636724513482,0.013240053981161),
 .UNSPECIFIED.);
#237=B_SPLINE_CURVE_WITH_KNOTS('',3,(#14094,#14095,#14096,#14097,#14098),
 .UNSPECIFIED.,.F.,.F.,(4,1,4),(0.,0.0107916589133648,0.019014523459477),
 .UNSPECIFIED.);
#238=B_SPLINE_CURVE_WITH_KNOTS('',3,(#14101,#14102,#14103,#14104,#14105),
 .UNSPECIFIED.,.F.,.F.,(4,1,4),(0.,0.0107916589133648,0.019014523459477),
 .UNSPECIFIED.);
#239=B_SPLINE_CURVE_WITH_KNOTS('',3,(#14117,#14118,#14119,#14120,#14121),
 .UNSPECIFIED.,.F.,.F.,(4,1,4),(0.,0.0190891275772378,0.0335376671162664),
 .UNSPECIFIED.);
#240=B_SPLINE_CURVE_WITH_KNOTS('',3,(#14124,#14125,#14126,#14127,#14128),
 .UNSPECIFIED.,.F.,.F.,(4,1,4),(0.,0.0190891275772378,0.0335376671162664),
 .UNSPECIFIED.);
#241=B_SPLINE_CURVE_WITH_KNOTS('',3,(#14158,#14159,#14160,#14161,#14162),
 .UNSPECIFIED.,.F.,.F.,(4,1,4),(0.,0.0164547939460784,0.0345668812321311),
 .UNSPECIFIED.);
#242=B_SPLINE_CURVE_WITH_KNOTS('',3,(#14165,#14166,#14167,#14168,#14169),
 .UNSPECIFIED.,.F.,.F.,(4,1,4),(0.,0.0164547939460784,0.0345668812321311),
 .UNSPECIFIED.);
#243=B_SPLINE_CURVE_WITH_KNOTS('',3,(#14181,#14182,#14183,#14184,#14185),
 .UNSPECIFIED.,.F.,.F.,(4,1,4),(0.,0.010515012453431,0.0188578009220672),
 .UNSPECIFIED.);
#244=B_SPLINE_CURVE_WITH_KNOTS('',3,(#14188,#14189,#14190,#14191,#14192),
 .UNSPECIFIED.,.F.,.F.,(4,1,4),(0.,0.010515012453431,0.0188578009220672),
 .UNSPECIFIED.);
#245=B_SPLINE_CURVE_WITH_KNOTS('',3,(#14204,#14205,#14206,#14207,#14208),
 .UNSPECIFIED.,.F.,.F.,(4,1,4),(0.,0.0212090124857377,0.047102732677317),
 .UNSPECIFIED.);
#246=B_SPLINE_CURVE_WITH_KNOTS('',3,(#14211,#14212,#14213,#14214,#14215),
 .UNSPECIFIED.,.F.,.F.,(4,1,4),(0.,0.0212090124857377,0.047102732677317),
 .UNSPECIFIED.);
#247=B_SPLINE_CURVE_WITH_KNOTS('',3,(#14227,#14228,#14229,#14230,#14231),
 .UNSPECIFIED.,.F.,.F.,(4,1,4),(0.,0.0199114278293592,0.0391849677825469),
 .UNSPECIFIED.);
#248=B_SPLINE_CURVE_WITH_KNOTS('',3,(#14234,#14235,#14236,#14237,#14238),
 .UNSPECIFIED.,.F.,.F.,(4,1,4),(0.,0.0199114278293592,0.0391849677825469),
 .UNSPECIFIED.);
#249=B_SPLINE_CURVE_WITH_KNOTS('',3,(#14250,#14251,#14252,#14253,#14254),
 .UNSPECIFIED.,.F.,.F.,(4,1,4),(0.,0.0156566644187104,0.0315843949282636),
 .UNSPECIFIED.);
#250=B_SPLINE_CURVE_WITH_KNOTS('',3,(#14257,#14258,#14259,#14260,#14261),
 .UNSPECIFIED.,.F.,.F.,(4,1,4),(0.,0.0156566644187104,0.0315843949282636),
 .UNSPECIFIED.);
#251=B_SPLINE_CURVE_WITH_KNOTS('',3,(#14273,#14274,#14275,#14276,#14277),
 .UNSPECIFIED.,.F.,.F.,(4,1,4),(0.,0.0145675197813599,0.0296857501320352),
 .UNSPECIFIED.);
#252=B_SPLINE_CURVE_WITH_KNOTS('',3,(#14280,#14281,#14282,#14283,#14284),
 .UNSPECIFIED.,.F.,.F.,(4,1,4),(0.,0.0145675197813599,0.0296857501320352),
 .UNSPECIFIED.);
#253=B_SPLINE_CURVE_WITH_KNOTS('',3,(#14296,#14297,#14298,#14299,#14300),
 .UNSPECIFIED.,.F.,.F.,(4,1,4),(0.,0.0235719325276635,0.0411639232684465),
 .UNSPECIFIED.);
#254=B_SPLINE_CURVE_WITH_KNOTS('',3,(#14303,#14304,#14305,#14306,#14307),
 .UNSPECIFIED.,.F.,.F.,(4,1,4),(0.,0.0235719325276635,0.0411639232684465),
 .UNSPECIFIED.);
#255=B_SPLINE_CURVE_WITH_KNOTS('',3,(#14336,#14337,#14338,#14339,#14340),
 .UNSPECIFIED.,.F.,.F.,(4,1,4),(0.,0.0265843194655035,0.0531052697043172),
 .UNSPECIFIED.);
#256=B_SPLINE_CURVE_WITH_KNOTS('',3,(#14344,#14345,#14346,#14347,#14348),
 .UNSPECIFIED.,.F.,.F.,(4,1,4),(0.,0.0265843194655035,0.0531052697043172),
 .UNSPECIFIED.);
#257=B_SPLINE_CURVE_WITH_KNOTS('',3,(#14361,#14362,#14363,#14364,#14365),
 .UNSPECIFIED.,.F.,.F.,(4,1,4),(0.,0.0184663548520697,0.0374423416753164),
 .UNSPECIFIED.);
#258=B_SPLINE_CURVE_WITH_KNOTS('',3,(#14368,#14369,#14370,#14371,#14372),
 .UNSPECIFIED.,.F.,.F.,(4,1,4),(0.,0.0184663548520697,0.0374423416753164),
 .UNSPECIFIED.);
#259=B_SPLINE_CURVE_WITH_KNOTS('',3,(#14384,#14385,#14386,#14387,#14388),
 .UNSPECIFIED.,.F.,.F.,(4,1,4),(0.,0.019095951252824,0.0375706550430306),
 .UNSPECIFIED.);
#260=B_SPLINE_CURVE_WITH_KNOTS('',3,(#14391,#14392,#14393,#14394,#14395),
 .UNSPECIFIED.,.F.,.F.,(4,1,4),(0.,0.019095951252824,0.0375706550430306),
 .UNSPECIFIED.);
#261=B_SPLINE_CURVE_WITH_KNOTS('',3,(#14407,#14408,#14409,#14410,#14411),
 .UNSPECIFIED.,.F.,.F.,(4,1,4),(0.,0.0229612411700498,0.0436726310212904),
 .UNSPECIFIED.);
#262=B_SPLINE_CURVE_WITH_KNOTS('',3,(#14414,#14415,#14416,#14417,#14418),
 .UNSPECIFIED.,.F.,.F.,(4,1,4),(0.,0.0229612411700498,0.0436726310212904),
 .UNSPECIFIED.);
#263=B_SPLINE_CURVE_WITH_KNOTS('',3,(#14430,#14431,#14432,#14433,#14434),
 .UNSPECIFIED.,.F.,.F.,(4,1,4),(0.,0.0292446288274306,0.0637920906758592),
 .UNSPECIFIED.);
#264=B_SPLINE_CURVE_WITH_KNOTS('',3,(#14437,#14438,#14439,#14440,#14441),
 .UNSPECIFIED.,.F.,.F.,(4,1,4),(0.,0.0292446288274306,0.0637920906758592),
 .UNSPECIFIED.);
#265=B_SPLINE_CURVE_WITH_KNOTS('',3,(#14453,#14454,#14455,#14456,#14457),
 .UNSPECIFIED.,.F.,.F.,(4,1,4),(0.,0.0277358618084832,0.0547539882222246),
 .UNSPECIFIED.);
#266=B_SPLINE_CURVE_WITH_KNOTS('',3,(#14460,#14461,#14462,#14463,#14464),
 .UNSPECIFIED.,.F.,.F.,(4,1,4),(0.,0.0277358618084832,0.0547539882222246),
 .UNSPECIFIED.);
#267=B_SPLINE_CURVE_WITH_KNOTS('',3,(#14476,#14477,#14478,#14479,#14480),
 .UNSPECIFIED.,.F.,.F.,(4,1,4),(0.,0.0269010993326517,0.0542588804440222),
 .UNSPECIFIED.);
#268=B_SPLINE_CURVE_WITH_KNOTS('',3,(#14483,#14484,#14485,#14486,#14487),
 .UNSPECIFIED.,.F.,.F.,(4,1,4),(0.,0.0269010993326517,0.0542588804440222),
 .UNSPECIFIED.);
#269=B_SPLINE_CURVE_WITH_KNOTS('',3,(#14499,#14500,#14501,#14502,#14503),
 .UNSPECIFIED.,.F.,.F.,(4,1,4),(0.,0.0326792802812401,0.0613116477168556),
 .UNSPECIFIED.);
#270=B_SPLINE_CURVE_WITH_KNOTS('',3,(#14506,#14507,#14508,#14509,#14510),
 .UNSPECIFIED.,.F.,.F.,(4,1,4),(0.,0.0326792802812401,0.0613116477168556),
 .UNSPECIFIED.);
#271=B_SPLINE_CURVE_WITH_KNOTS('',3,(#14521,#14522,#14523,#14524,#14525),
 .UNSPECIFIED.,.F.,.F.,(4,1,4),(0.,0.0299136758915868,0.0689374717029519),
 .UNSPECIFIED.);
#272=B_SPLINE_CURVE_WITH_KNOTS('',3,(#14526,#14527,#14528,#14529,#14530),
 .UNSPECIFIED.,.F.,.F.,(4,1,4),(0.,0.0299136758915868,0.0689374717029519),
 .UNSPECIFIED.);
#273=B_SPLINE_CURVE_WITH_KNOTS('',3,(#14543,#14544,#14545,#14546,#14547),
 .UNSPECIFIED.,.F.,.F.,(4,1,4),(0.,0.0253412870178324,0.0507588096144089),
 .UNSPECIFIED.);
#274=B_SPLINE_CURVE_WITH_KNOTS('',3,(#14551,#14552,#14553,#14554,#14555),
 .UNSPECIFIED.,.F.,.F.,(4,1,4),(0.,0.0253412870178324,0.0507588096144089),
 .UNSPECIFIED.);
#275=B_SPLINE_CURVE_WITH_KNOTS('',3,(#14568,#14569,#14570,#14571,#14572),
 .UNSPECIFIED.,.F.,.F.,(4,1,4),(0.,0.0269560558947564,0.0528053759751818),
 .UNSPECIFIED.);
#276=B_SPLINE_CURVE_WITH_KNOTS('',3,(#14575,#14576,#14577,#14578,#14579),
 .UNSPECIFIED.,.F.,.F.,(4,1,4),(0.,0.0269560558947564,0.0528053759751818),
 .UNSPECIFIED.);
#277=B_SPLINE_CURVE_WITH_KNOTS('',3,(#14591,#14592,#14593,#14594,#14595),
 .UNSPECIFIED.,.F.,.F.,(4,1,4),(0.,0.0251627684396167,0.0505218513868948),
 .UNSPECIFIED.);
#278=B_SPLINE_CURVE_WITH_KNOTS('',3,(#14598,#14599,#14600,#14601,#14602),
 .UNSPECIFIED.,.F.,.F.,(4,1,4),(0.,0.0251627684396167,0.0505218513868948),
 .UNSPECIFIED.);
#279=B_SPLINE_CURVE_WITH_KNOTS('',3,(#14614,#14615,#14616,#14617,#14618),
 .UNSPECIFIED.,.F.,.F.,(4,1,4),(0.,0.0257897110394545,0.0509101978782048),
 .UNSPECIFIED.);
#280=B_SPLINE_CURVE_WITH_KNOTS('',3,(#14621,#14622,#14623,#14624,#14625),
 .UNSPECIFIED.,.F.,.F.,(4,1,4),(0.,0.0257897110394545,0.0509101978782048),
 .UNSPECIFIED.);
#281=B_SPLINE_CURVE_WITH_KNOTS('',3,(#14637,#14638,#14639,#14640,#14641),
 .UNSPECIFIED.,.F.,.F.,(4,1,4),(0.,0.0289829265070487,0.0562019079068844),
 .UNSPECIFIED.);
#282=B_SPLINE_CURVE_WITH_KNOTS('',3,(#14644,#14645,#14646,#14647,#14648),
 .UNSPECIFIED.,.F.,.F.,(4,1,4),(0.,0.0289829265070487,0.0562019079068844),
 .UNSPECIFIED.);
#283=B_SPLINE_CURVE_WITH_KNOTS('',3,(#14660,#14661,#14662,#14663,#14664),
 .UNSPECIFIED.,.F.,.F.,(4,1,4),(0.,0.0267280382187062,0.0553049029767632),
 .UNSPECIFIED.);
#284=B_SPLINE_CURVE_WITH_KNOTS('',3,(#14667,#14668,#14669,#14670,#14671),
 .UNSPECIFIED.,.F.,.F.,(4,1,4),(0.,0.0267280382187062,0.0553049029767632),
 .UNSPECIFIED.);
#285=B_SPLINE_CURVE_WITH_KNOTS('',3,(#14683,#14684,#14685,#14686,#14687),
 .UNSPECIFIED.,.F.,.F.,(4,1,4),(0.,0.0251974820450258,0.0506584982831612),
 .UNSPECIFIED.);
#286=B_SPLINE_CURVE_WITH_KNOTS('',3,(#14690,#14691,#14692,#14693,#14694),
 .UNSPECIFIED.,.F.,.F.,(4,1,4),(0.,0.0251974820450258,0.0506584982831612),
 .UNSPECIFIED.);
#287=B_SPLINE_CURVE_WITH_KNOTS('',3,(#14706,#14707,#14708,#14709,#14710),
 .UNSPECIFIED.,.F.,.F.,(4,1,4),(0.,0.0265371713374461,0.0521407087744511),
 .UNSPECIFIED.);
#288=B_SPLINE_CURVE_WITH_KNOTS('',3,(#14713,#14714,#14715,#14716,#14717),
 .UNSPECIFIED.,.F.,.F.,(4,1,4),(0.,0.0265371713374461,0.0521407087744511),
 .UNSPECIFIED.);
#289=B_SPLINE_CURVE_WITH_KNOTS('',3,(#14729,#14730,#14731,#14732,#14733),
 .UNSPECIFIED.,.F.,.F.,(4,1,4),(0.,0.0372086172609042,0.0762528949132384),
 .UNSPECIFIED.);
#290=B_SPLINE_CURVE_WITH_KNOTS('',3,(#14736,#14737,#14738,#14739,#14740),
 .UNSPECIFIED.,.F.,.F.,(4,1,4),(0.,0.0372086172609042,0.0762528949132384),
 .UNSPECIFIED.);
#291=B_SPLINE_CURVE_WITH_KNOTS('',3,(#14752,#14753,#14754,#14755,#14756),
 .UNSPECIFIED.,.F.,.F.,(4,1,4),(0.,0.0448900503624636,0.0840007850931296),
 .UNSPECIFIED.);
#292=B_SPLINE_CURVE_WITH_KNOTS('',3,(#14759,#14760,#14761,#14762,#14763),
 .UNSPECIFIED.,.F.,.F.,(4,1,4),(0.,0.0448900503624636,0.0840007850931296),
 .UNSPECIFIED.);
#293=B_SPLINE_CURVE_WITH_KNOTS('',3,(#14774,#14775,#14776,#14777,#14778),
 .UNSPECIFIED.,.F.,.F.,(4,1,4),(0.,0.0257598982728803,0.0515674384460711),
 .UNSPECIFIED.);
#294=B_SPLINE_CURVE_WITH_KNOTS('',3,(#14779,#14780,#14781,#14782,#14783),
 .UNSPECIFIED.,.F.,.F.,(4,1,4),(0.,0.0257598982728803,0.0515674384460711),
 .UNSPECIFIED.);
#295=B_SPLINE_CURVE_WITH_KNOTS('',3,(#14797,#14798,#14799,#14800,#14801),
 .UNSPECIFIED.,.F.,.F.,(4,1,4),(0.,0.0191357983885824,0.0377715288819473),
 .UNSPECIFIED.);
#296=B_SPLINE_CURVE_WITH_KNOTS('',3,(#14805,#14806,#14807,#14808,#14809),
 .UNSPECIFIED.,.F.,.F.,(4,1,4),(0.,0.0191357983885824,0.0377715288819473),
 .UNSPECIFIED.);
#297=B_SPLINE_CURVE_WITH_KNOTS('',3,(#14822,#14823,#14824,#14825,#14826),
 .UNSPECIFIED.,.F.,.F.,(4,1,4),(0.,0.0250271946777191,0.0464160321486074),
 .UNSPECIFIED.);
#298=B_SPLINE_CURVE_WITH_KNOTS('',3,(#14829,#14830,#14831,#14832,#14833),
 .UNSPECIFIED.,.F.,.F.,(4,1,4),(0.,0.0250271946777191,0.0464160321486074),
 .UNSPECIFIED.);
#299=B_SPLINE_CURVE_WITH_KNOTS('',3,(#14845,#14846,#14847,#14848,#14849),
 .UNSPECIFIED.,.F.,.F.,(4,1,4),(0.,0.019123264658862,0.0395620627799564),
 .UNSPECIFIED.);
#300=B_SPLINE_CURVE_WITH_KNOTS('',3,(#14852,#14853,#14854,#14855,#14856),
 .UNSPECIFIED.,.F.,.F.,(4,1,4),(0.,0.019123264658862,0.0395620627799564),
 .UNSPECIFIED.);
#301=B_SPLINE_CURVE_WITH_KNOTS('',3,(#14868,#14869,#14870,#14871,#14872),
 .UNSPECIFIED.,.F.,.F.,(4,1,4),(0.,0.0167790544178489,0.0345951245805821),
 .UNSPECIFIED.);
#302=B_SPLINE_CURVE_WITH_KNOTS('',3,(#14875,#14876,#14877,#14878,#14879),
 .UNSPECIFIED.,.F.,.F.,(4,1,4),(0.,0.0167790544178489,0.0345951245805821),
 .UNSPECIFIED.);
#303=B_SPLINE_CURVE_WITH_KNOTS('',3,(#14891,#14892,#14893,#14894,#14895),
 .UNSPECIFIED.,.F.,.F.,(4,1,4),(0.,0.0156688897320011,0.0317805847120886),
 .UNSPECIFIED.);
#304=B_SPLINE_CURVE_WITH_KNOTS('',3,(#14898,#14899,#14900,#14901,#14902),
 .UNSPECIFIED.,.F.,.F.,(4,1,4),(0.,0.0156688897320011,0.0317805847120886),
 .UNSPECIFIED.);
#305=B_SPLINE_CURVE_WITH_KNOTS('',3,(#14914,#14915,#14916,#14917,#14918),
 .UNSPECIFIED.,.F.,.F.,(4,1,4),(0.,0.0146776039190768,0.0299800023534904),
 .UNSPECIFIED.);
#306=B_SPLINE_CURVE_WITH_KNOTS('',3,(#14921,#14922,#14923,#14924,#14925),
 .UNSPECIFIED.,.F.,.F.,(4,1,4),(0.,0.0146776039190768,0.0299800023534904),
 .UNSPECIFIED.);
#307=B_SPLINE_CURVE_WITH_KNOTS('',3,(#14937,#14938,#14939,#14940,#14941),
 .UNSPECIFIED.,.F.,.F.,(4,1,4),(0.,0.0177084815194502,0.0331866179360929),
 .UNSPECIFIED.);
#308=B_SPLINE_CURVE_WITH_KNOTS('',3,(#14944,#14945,#14946,#14947,#14948),
 .UNSPECIFIED.,.F.,.F.,(4,1,4),(0.,0.0177084815194502,0.0331866179360929),
 .UNSPECIFIED.);
#309=B_SPLINE_CURVE_WITH_KNOTS('',3,(#14960,#14961,#14962,#14963,#14964),
 .UNSPECIFIED.,.F.,.F.,(4,1,4),(0.,0.0280463093824393,0.0461131080016208),
 .UNSPECIFIED.);
#310=B_SPLINE_CURVE_WITH_KNOTS('',3,(#14967,#14968,#14969,#14970,#14971),
 .UNSPECIFIED.,.F.,.F.,(4,1,4),(0.,0.0280463093824393,0.0461131080016208),
 .UNSPECIFIED.);
#311=B_SPLINE_CURVE_WITH_KNOTS('',3,(#14983,#14984,#14985,#14986,#14987),
 .UNSPECIFIED.,.F.,.F.,(4,1,4),(0.,0.0154898021458178,0.0425764309811957),
 .UNSPECIFIED.);
#312=B_SPLINE_CURVE_WITH_KNOTS('',3,(#14990,#14991,#14992,#14993,#14994),
 .UNSPECIFIED.,.F.,.F.,(4,1,4),(0.,0.0154898021458178,0.0425764309811957),
 .UNSPECIFIED.);
#313=B_SPLINE_CURVE_WITH_KNOTS('',3,(#15006,#15007,#15008,#15009,#15010),
 .UNSPECIFIED.,.F.,.F.,(4,1,4),(0.,0.0100131851261928,0.0198429874949278),
 .UNSPECIFIED.);
#314=B_SPLINE_CURVE_WITH_KNOTS('',3,(#15013,#15014,#15015,#15016,#15017),
 .UNSPECIFIED.,.F.,.F.,(4,1,4),(0.,0.0100131851261928,0.0198429874949278),
 .UNSPECIFIED.);
#315=B_SPLINE_CURVE_WITH_KNOTS('',3,(#15029,#15030,#15031,#15032,#15033),
 .UNSPECIFIED.,.F.,.F.,(4,1,4),(0.,0.012727790665983,0.0245616196197739),
 .UNSPECIFIED.);
#316=B_SPLINE_CURVE_WITH_KNOTS('',3,(#15036,#15037,#15038,#15039,#15040),
 .UNSPECIFIED.,.F.,.F.,(4,1,4),(0.,0.012727790665983,0.0245616196197739),
 .UNSPECIFIED.);
#317=B_SPLINE_CURVE_WITH_KNOTS('',3,(#15052,#15053,#15054,#15055,#15056),
 .UNSPECIFIED.,.F.,.F.,(4,1,4),(0.,0.0208700661328411,0.0365644718351359),
 .UNSPECIFIED.);
#318=B_SPLINE_CURVE_WITH_KNOTS('',3,(#15059,#15060,#15061,#15062,#15063),
 .UNSPECIFIED.,.F.,.F.,(4,1,4),(0.,0.0208700661328411,0.0365644718351359),
 .UNSPECIFIED.);
#319=B_SPLINE_CURVE_WITH_KNOTS('',3,(#15075,#15076,#15077,#15078,#15079),
 .UNSPECIFIED.,.F.,.F.,(4,1,4),(0.,0.0163205783122744,0.0367070631848039),
 .UNSPECIFIED.);
#320=B_SPLINE_CURVE_WITH_KNOTS('',3,(#15082,#15083,#15084,#15085,#15086),
 .UNSPECIFIED.,.F.,.F.,(4,1,4),(0.,0.0163205783122744,0.0367070631848039),
 .UNSPECIFIED.);
#321=B_SPLINE_CURVE_WITH_KNOTS('',3,(#15098,#15099,#15100,#15101,#15102),
 .UNSPECIFIED.,.F.,.F.,(4,1,4),(0.,0.0172376220504406,0.0324620210633616),
 .UNSPECIFIED.);
#322=B_SPLINE_CURVE_WITH_KNOTS('',3,(#15105,#15106,#15107,#15108,#15109),
 .UNSPECIFIED.,.F.,.F.,(4,1,4),(0.,0.0172376220504406,0.0324620210633616),
 .UNSPECIFIED.);
#323=B_SPLINE_CURVE_WITH_KNOTS('',3,(#15127,#15128,#15129,#15130,#15131),
 .UNSPECIFIED.,.F.,.F.,(4,1,4),(0.,0.0164157743663719,0.0333266814308427),
 .UNSPECIFIED.);
#324=B_SPLINE_CURVE_WITH_KNOTS('',3,(#15134,#15135,#15136,#15137,#15138),
 .UNSPECIFIED.,.F.,.F.,(4,1,4),(0.,0.0164157743663719,0.0333266814308427),
 .UNSPECIFIED.);
#325=B_SPLINE_CURVE_WITH_KNOTS('',3,(#15150,#15151,#15152,#15153,#15154),
 .UNSPECIFIED.,.F.,.F.,(4,1,4),(0.,0.0174370994284701,0.0339522059737657),
 .UNSPECIFIED.);
#326=B_SPLINE_CURVE_WITH_KNOTS('',3,(#15157,#15158,#15159,#15160,#15161),
 .UNSPECIFIED.,.F.,.F.,(4,1,4),(0.,0.0174370994284701,0.0339522059737657),
 .UNSPECIFIED.);
#327=B_SPLINE_CURVE_WITH_KNOTS('',3,(#15173,#15174,#15175,#15176,#15177),
 .UNSPECIFIED.,.F.,.F.,(4,1,4),(0.,0.0210007448138683,0.0400710329921174),
 .UNSPECIFIED.);
#328=B_SPLINE_CURVE_WITH_KNOTS('',3,(#15180,#15181,#15182,#15183,#15184),
 .UNSPECIFIED.,.F.,.F.,(4,1,4),(0.,0.0210007448138683,0.0400710329921174),
 .UNSPECIFIED.);
#329=B_SPLINE_CURVE_WITH_KNOTS('',3,(#15196,#15197,#15198,#15199,#15200),
 .UNSPECIFIED.,.F.,.F.,(4,1,4),(0.,0.0181636997972742,0.0375091905608345),
 .UNSPECIFIED.);
#330=B_SPLINE_CURVE_WITH_KNOTS('',3,(#15203,#15204,#15205,#15206,#15207),
 .UNSPECIFIED.,.F.,.F.,(4,1,4),(0.,0.0181636997972742,0.0375091905608345),
 .UNSPECIFIED.);
#331=B_SPLINE_CURVE_WITH_KNOTS('',3,(#15219,#15220,#15221,#15222,#15223),
 .UNSPECIFIED.,.F.,.F.,(4,1,4),(0.,0.0156800865713526,0.0324664443420761),
 .UNSPECIFIED.);
#332=B_SPLINE_CURVE_WITH_KNOTS('',3,(#15226,#15227,#15228,#15229,#15230),
 .UNSPECIFIED.,.F.,.F.,(4,1,4),(0.,0.0156800865713526,0.0324664443420761),
 .UNSPECIFIED.);
#333=B_SPLINE_CURVE_WITH_KNOTS('',3,(#15242,#15243,#15244,#15245,#15246),
 .UNSPECIFIED.,.F.,.F.,(4,1,4),(0.,0.0148054530065521,0.0299096737874267),
 .UNSPECIFIED.);
#334=B_SPLINE_CURVE_WITH_KNOTS('',3,(#15249,#15250,#15251,#15252,#15253),
 .UNSPECIFIED.,.F.,.F.,(4,1,4),(0.,0.0148054530065521,0.0299096737874267),
 .UNSPECIFIED.);
#335=B_SPLINE_CURVE_WITH_KNOTS('',3,(#15265,#15266,#15267,#15268,#15269),
 .UNSPECIFIED.,.F.,.F.,(4,1,4),(0.,0.0129083066169827,0.0261393324783209),
 .UNSPECIFIED.);
#336=B_SPLINE_CURVE_WITH_KNOTS('',3,(#15272,#15273,#15274,#15275,#15276),
 .UNSPECIFIED.,.F.,.F.,(4,1,4),(0.,0.0129083066169827,0.0261393324783209),
 .UNSPECIFIED.);
#337=B_SPLINE_CURVE_WITH_KNOTS('',3,(#15288,#15289,#15290,#15291,#15292),
 .UNSPECIFIED.,.F.,.F.,(4,1,4),(0.,0.0150642392695352,0.0285800242819274),
 .UNSPECIFIED.);
#338=B_SPLINE_CURVE_WITH_KNOTS('',3,(#15295,#15296,#15297,#15298,#15299),
 .UNSPECIFIED.,.F.,.F.,(4,1,4),(0.,0.0150642392695352,0.0285800242819274),
 .UNSPECIFIED.);
#339=B_SPLINE_CURVE_WITH_KNOTS('',3,(#15311,#15312,#15313,#15314,#15315),
 .UNSPECIFIED.,.F.,.F.,(4,1,4),(0.,0.0242971218438465,0.0406373230384368),
 .UNSPECIFIED.);
#340=B_SPLINE_CURVE_WITH_KNOTS('',3,(#15318,#15319,#15320,#15321,#15322),
 .UNSPECIFIED.,.F.,.F.,(4,1,4),(0.,0.0242971218438465,0.0406373230384368),
 .UNSPECIFIED.);
#341=B_SPLINE_CURVE_WITH_KNOTS('',3,(#15334,#15335,#15336,#15337,#15338),
 .UNSPECIFIED.,.F.,.F.,(4,1,4),(0.,0.0135333052831026,0.0369308278521899),
 .UNSPECIFIED.);
#342=B_SPLINE_CURVE_WITH_KNOTS('',3,(#15341,#15342,#15343,#15344,#15345),
 .UNSPECIFIED.,.F.,.F.,(4,1,4),(0.,0.0135333052831026,0.0369308278521899),
 .UNSPECIFIED.);
#343=B_SPLINE_CURVE_WITH_KNOTS('',3,(#15357,#15358,#15359,#15360,#15361),
 .UNSPECIFIED.,.F.,.F.,(4,1,4),(0.,0.0096981365285821,0.0217250675682385),
 .UNSPECIFIED.);
#344=B_SPLINE_CURVE_WITH_KNOTS('',3,(#15364,#15365,#15366,#15367,#15368),
 .UNSPECIFIED.,.F.,.F.,(4,1,4),(0.,0.0096981365285821,0.0217250675682385),
 .UNSPECIFIED.);
#345=B_SPLINE_CURVE_WITH_KNOTS('',3,(#15380,#15381,#15382,#15383,#15384),
 .UNSPECIFIED.,.F.,.F.,(4,1,4),(0.,0.00892143390044569,0.0175734778928771),
 .UNSPECIFIED.);
#346=B_SPLINE_CURVE_WITH_KNOTS('',3,(#15387,#15388,#15389,#15390,#15391),
 .UNSPECIFIED.,.F.,.F.,(4,1,4),(0.,0.00892143390044569,0.0175734778928771),
 .UNSPECIFIED.);
#347=B_SPLINE_CURVE_WITH_KNOTS('',3,(#15403,#15404,#15405,#15406,#15407),
 .UNSPECIFIED.,.F.,.F.,(4,1,4),(0.,0.00923653737589851,0.0182669670505663),
 .UNSPECIFIED.);
#348=B_SPLINE_CURVE_WITH_KNOTS('',3,(#15410,#15411,#15412,#15413,#15414),
 .UNSPECIFIED.,.F.,.F.,(4,1,4),(0.,0.00923653737589851,0.0182669670505663),
 .UNSPECIFIED.);
#349=B_SPLINE_CURVE_WITH_KNOTS('',3,(#15426,#15427,#15428,#15429,#15430),
 .UNSPECIFIED.,.F.,.F.,(4,1,4),(0.,0.0114348045656762,0.0214437760679493),
 .UNSPECIFIED.);
#350=B_SPLINE_CURVE_WITH_KNOTS('',3,(#15433,#15434,#15435,#15436,#15437),
 .UNSPECIFIED.,.F.,.F.,(4,1,4),(0.,0.0114348045656762,0.0214437760679493),
 .UNSPECIFIED.);
#351=B_SPLINE_CURVE_WITH_KNOTS('',3,(#15449,#15450,#15451,#15452,#15453),
 .UNSPECIFIED.,.F.,.F.,(4,1,4),(0.,0.0143008354988203,0.0272323808792507),
 .UNSPECIFIED.);
#352=B_SPLINE_CURVE_WITH_KNOTS('',3,(#15456,#15457,#15458,#15459,#15460),
 .UNSPECIFIED.,.F.,.F.,(4,1,4),(0.,0.0143008354988203,0.0272323808792507),
 .UNSPECIFIED.);
#353=B_SPLINE_CURVE_WITH_KNOTS('',3,(#15472,#15473,#15474,#15475,#15476),
 .UNSPECIFIED.,.F.,.F.,(4,1,4),(0.,0.0151632090112438,0.0314315433341596),
 .UNSPECIFIED.);
#354=B_SPLINE_CURVE_WITH_KNOTS('',3,(#15479,#15480,#15481,#15482,#15483),
 .UNSPECIFIED.,.F.,.F.,(4,1,4),(0.,0.0151632090112438,0.0314315433341596),
 .UNSPECIFIED.);
#355=B_SPLINE_CURVE_WITH_KNOTS('',3,(#15495,#15496,#15497,#15498,#15499),
 .UNSPECIFIED.,.F.,.F.,(4,1,4),(0.,0.0120019302877739,0.0256937303973551),
 .UNSPECIFIED.);
#356=B_SPLINE_CURVE_WITH_KNOTS('',3,(#15502,#15503,#15504,#15505,#15506),
 .UNSPECIFIED.,.F.,.F.,(4,1,4),(0.,0.0120019302877739,0.0256937303973551),
 .UNSPECIFIED.);
#357=B_SPLINE_CURVE_WITH_KNOTS('',3,(#15518,#15519,#15520,#15521,#15522),
 .UNSPECIFIED.,.F.,.F.,(4,1,4),(0.,0.0139745847537744,0.026155033836547),
 .UNSPECIFIED.);
#358=B_SPLINE_CURVE_WITH_KNOTS('',3,(#15525,#15526,#15527,#15528,#15529),
 .UNSPECIFIED.,.F.,.F.,(4,1,4),(0.,0.0139745847537744,0.026155033836547),
 .UNSPECIFIED.);
#359=B_SPLINE_CURVE_WITH_KNOTS('',3,(#15546,#15547,#15548,#15549,#15550),
 .UNSPECIFIED.,.F.,.F.,(4,1,4),(0.,0.0187130620620503,0.0379654578349469),
 .UNSPECIFIED.);
#360=B_SPLINE_CURVE_WITH_KNOTS('',3,(#15551,#15552,#15553,#15554,#15555),
 .UNSPECIFIED.,.F.,.F.,(4,1,4),(0.,0.0187130620620503,0.0379654578349469),
 .UNSPECIFIED.);
#361=B_SPLINE_CURVE_WITH_KNOTS('',3,(#15569,#15570,#15571,#15572,#15573),
 .UNSPECIFIED.,.F.,.F.,(4,1,4),(0.,0.0197130713942697,0.0397206277752199),
 .UNSPECIFIED.);
#362=B_SPLINE_CURVE_WITH_KNOTS('',3,(#15577,#15578,#15579,#15580,#15581),
 .UNSPECIFIED.,.F.,.F.,(4,1,4),(0.,0.0197130713942697,0.0397206277752199),
 .UNSPECIFIED.);
#363=B_SPLINE_CURVE_WITH_KNOTS('',3,(#15594,#15595,#15596,#15597,#15598),
 .UNSPECIFIED.,.F.,.F.,(4,1,4),(0.,0.0244477291330916,0.0438418892358347),
 .UNSPECIFIED.);
#364=B_SPLINE_CURVE_WITH_KNOTS('',3,(#15601,#15602,#15603,#15604,#15605),
 .UNSPECIFIED.,.F.,.F.,(4,1,4),(0.,0.0244477291330916,0.0438418892358347),
 .UNSPECIFIED.);
#365=B_SPLINE_SURFACE_WITH_KNOTS('',3,1,((#11147,#11148),(#11149,#11150),
(#11151,#11152),(#11153,#11154),(#11155,#11156)),.UNSPECIFIED.,.F.,.F.,
 .F.,(4,1,4),(2,2),(0.,0.0122209245804183,0.0306175702597646),(0.,0.1),
 .UNSPECIFIED.);
#366=B_SPLINE_SURFACE_WITH_KNOTS('',3,1,((#11170,#11171),(#11172,#11173),
(#11174,#11175),(#11176,#11177),(#11178,#11179)),.UNSPECIFIED.,.F.,.F.,
 .F.,(4,1,4),(2,2),(0.,0.0086194830050622,0.0174205951017498),(0.,0.1),
 .UNSPECIFIED.);
#367=B_SPLINE_SURFACE_WITH_KNOTS('',3,1,((#11193,#11194),(#11195,#11196),
(#11197,#11198),(#11199,#11200),(#11201,#11202)),.UNSPECIFIED.,.F.,.F.,
 .F.,(4,1,4),(2,2),(0.,0.00943798602316505,0.0183570083992599),(0.,0.1),
 .UNSPECIFIED.);
#368=B_SPLINE_SURFACE_WITH_KNOTS('',3,1,((#11216,#11217),(#11218,#11219),
(#11220,#11221),(#11222,#11223),(#11224,#11225)),.UNSPECIFIED.,.F.,.F.,
 .F.,(4,1,4),(2,2),(0.,0.00873258795388445,0.0184352693945126),(0.,0.1),
 .UNSPECIFIED.);
#369=B_SPLINE_SURFACE_WITH_KNOTS('',3,1,((#11239,#11240),(#11241,#11242),
(#11243,#11244),(#11245,#11246),(#11247,#11248)),.UNSPECIFIED.,.F.,.F.,
 .F.,(4,1,4),(2,2),(0.,0.0097086087581132,0.0184312735681033),(0.,0.1),
 .UNSPECIFIED.);
#370=B_SPLINE_SURFACE_WITH_KNOTS('',3,1,((#11262,#11263),(#11264,#11265),
(#11266,#11267),(#11268,#11269),(#11270,#11271)),.UNSPECIFIED.,.F.,.F.,
 .F.,(4,1,4),(2,2),(0.,0.0151202648743861,0.0253981280427668),(0.,0.1),
 .UNSPECIFIED.);
#371=B_SPLINE_SURFACE_WITH_KNOTS('',3,1,((#11303,#11304),(#11305,#11306),
(#11307,#11308),(#11309,#11310),(#11311,#11312)),.UNSPECIFIED.,.F.,.F.,
 .F.,(4,1,4),(2,2),(0.,0.0126485729068361,0.0295348798242691),(0.,0.1),
 .UNSPECIFIED.);
#372=B_SPLINE_SURFACE_WITH_KNOTS('',3,1,((#11326,#11327),(#11328,#11329),
(#11330,#11331),(#11332,#11333),(#11334,#11335)),.UNSPECIFIED.,.F.,.F.,
 .F.,(4,1,4),(2,2),(0.,0.00980441236253897,0.0199476480393428),(0.,0.1),
 .UNSPECIFIED.);
#373=B_SPLINE_SURFACE_WITH_KNOTS('',3,1,((#11349,#11350),(#11351,#11352),
(#11353,#11354),(#11355,#11356),(#11357,#11358)),.UNSPECIFIED.,.F.,.F.,
 .F.,(4,1,4),(2,2),(0.,0.0105513007490371,0.0205129557193346),(0.,0.1),
 .UNSPECIFIED.);
#374=B_SPLINE_SURFACE_WITH_KNOTS('',3,1,((#11372,#11373),(#11374,#11375),
(#11376,#11377),(#11378,#11379),(#11380,#11381)),.UNSPECIFIED.,.F.,.F.,
 .F.,(4,1,4),(2,2),(0.,0.00840284384349561,0.017444176143276),(0.,0.1),
 .UNSPECIFIED.);
#375=B_SPLINE_SURFACE_WITH_KNOTS('',3,1,((#11395,#11396),(#11397,#11398),
(#11399,#11400),(#11401,#11402),(#11403,#11404)),.UNSPECIFIED.,.F.,.F.,
 .F.,(4,1,4),(2,2),(0.,0.00729926954945208,0.0151479263163495),(0.,0.1),
 .UNSPECIFIED.);
#376=B_SPLINE_SURFACE_WITH_KNOTS('',3,1,((#11418,#11419),(#11420,#11421),
(#11422,#11423),(#11424,#11425),(#11426,#11427)),.UNSPECIFIED.,.F.,.F.,
 .F.,(4,1,4),(2,2),(0.,0.00866946043340287,0.0162974095321827),(0.,0.1),
 .UNSPECIFIED.);
#377=B_SPLINE_SURFACE_WITH_KNOTS('',3,1,((#11441,#11442),(#11443,#11444),
(#11445,#11446),(#11447,#11448),(#11449,#11450)),.UNSPECIFIED.,.F.,.F.,
 .F.,(4,1,4),(2,2),(0.,0.0109166616879901,0.0180468609105957),(0.,0.1),
 .UNSPECIFIED.);
#378=B_SPLINE_SURFACE_WITH_KNOTS('',3,1,((#11473,#11474),(#11475,#11476),
(#11477,#11478),(#11479,#11480),(#11481,#11482)),.UNSPECIFIED.,.F.,.F.,
 .F.,(4,1,4),(2,2),(0.,0.0148616408878753,0.0324974095417264),(0.,0.1),
 .UNSPECIFIED.);
#379=B_SPLINE_SURFACE_WITH_KNOTS('',3,1,((#11499,#11500),(#11501,#11502),
(#11503,#11504),(#11505,#11506),(#11507,#11508)),.UNSPECIFIED.,.F.,.F.,
 .F.,(4,1,4),(2,2),(0.,0.0113950655901941,0.0241439445663621),(0.,0.1),
 .UNSPECIFIED.);
#380=B_SPLINE_SURFACE_WITH_KNOTS('',3,1,((#11522,#11523),(#11524,#11525),
(#11526,#11527),(#11528,#11529),(#11530,#11531)),.UNSPECIFIED.,.F.,.F.,
 .F.,(4,1,4),(2,2),(0.,0.0125830235473533,0.023869949625982),(0.,0.1),
 .UNSPECIFIED.);
#381=B_SPLINE_SURFACE_WITH_KNOTS('',3,1,((#11545,#11546),(#11547,#11548),
(#11549,#11550),(#11551,#11552),(#11553,#11554)),.UNSPECIFIED.,.F.,.F.,
 .F.,(4,1,4),(2,2),(0.,0.0136382518134897,0.0269712725430231),(0.,0.1),
 .UNSPECIFIED.);
#382=B_SPLINE_SURFACE_WITH_KNOTS('',3,1,((#11568,#11569),(#11570,#11571),
(#11572,#11573),(#11574,#11575),(#11576,#11577)),.UNSPECIFIED.,.F.,.F.,
 .F.,(4,1,4),(2,2),(0.,0.0157817113973199,0.0322659707988356),(0.,0.1),
 .UNSPECIFIED.);
#383=B_SPLINE_SURFACE_WITH_KNOTS('',3,1,((#11591,#11592),(#11593,#11594),
(#11595,#11596),(#11597,#11598),(#11599,#11600)),.UNSPECIFIED.,.F.,.F.,
 .F.,(4,1,4),(2,2),(0.,0.0175868332330858,0.0337216553292774),(0.,0.1),
 .UNSPECIFIED.);
#384=B_SPLINE_SURFACE_WITH_KNOTS('',3,1,((#11614,#11615),(#11616,#11617),
(#11618,#11619),(#11620,#11621),(#11622,#11623)),.UNSPECIFIED.,.F.,.F.,
 .F.,(4,1,4),(2,2),(0.,0.0134508989505563,0.0281323703922927),(0.,0.1),
 .UNSPECIFIED.);
#385=B_SPLINE_SURFACE_WITH_KNOTS('',3,1,((#11637,#11638),(#11639,#11640),
(#11641,#11642),(#11643,#11644),(#11645,#11646)),.UNSPECIFIED.,.F.,.F.,
 .F.,(4,1,4),(2,2),(0.,0.0125697794312956,0.0253793404240392),(0.,0.1),
 .UNSPECIFIED.);
#386=B_SPLINE_SURFACE_WITH_KNOTS('',3,1,((#11660,#11661),(#11662,#11663),
(#11664,#11665),(#11666,#11667),(#11668,#11669)),.UNSPECIFIED.,.F.,.F.,
 .F.,(4,1,4),(2,2),(0.,0.0141867365363249,0.0278176170601048),(0.,0.1),
 .UNSPECIFIED.);
#387=B_SPLINE_SURFACE_WITH_KNOTS('',3,1,((#11683,#11684),(#11685,#11686),
(#11687,#11688),(#11689,#11690),(#11691,#11692)),.UNSPECIFIED.,.F.,.F.,
 .F.,(4,1,4),(2,2),(0.,0.0145551010118045,0.0289753076639134),(0.,0.1),
 .UNSPECIFIED.);
#388=B_SPLINE_SURFACE_WITH_KNOTS('',3,1,((#11706,#11707),(#11708,#11709),
(#11710,#11711),(#11712,#11713),(#11714,#11715)),.UNSPECIFIED.,.F.,.F.,
 .F.,(4,1,4),(2,2),(0.,0.0207071246079628,0.0374532968546014),(0.,0.1),
 .UNSPECIFIED.);
#389=B_SPLINE_SURFACE_WITH_KNOTS('',3,1,((#11745,#11746),(#11747,#11748),
(#11749,#11750),(#11751,#11752),(#11753,#11754)),.UNSPECIFIED.,.F.,.F.,
 .F.,(4,1,4),(2,2),(0.,0.0197130713942697,0.0397206277752199),(0.,0.1),
 .UNSPECIFIED.);
#390=B_SPLINE_SURFACE_WITH_KNOTS('',3,1,((#11771,#11772),(#11773,#11774),
(#11775,#11776),(#11777,#11778),(#11779,#11780)),.UNSPECIFIED.,.F.,.F.,
 .F.,(4,1,4),(2,2),(0.,0.0244477221274537,0.0438419035349094),(0.,0.1),
 .UNSPECIFIED.);
#391=B_SPLINE_SURFACE_WITH_KNOTS('',3,1,((#11867,#11868),(#11869,#11870),
(#11871,#11872),(#11873,#11874),(#11875,#11876)),.UNSPECIFIED.,.F.,.F.,
 .F.,(4,1,4),(2,2),(0.,0.0159347687374909,0.0286605188445991),(0.,0.1),
 .UNSPECIFIED.);
#392=B_SPLINE_SURFACE_WITH_KNOTS('',3,1,((#11890,#11891),(#11892,#11893),
(#11894,#11895),(#11896,#11897),(#11898,#11899)),.UNSPECIFIED.,.F.,.F.,
 .F.,(4,1,4),(2,2),(0.,0.0170653032644931,0.0343680036266892),(0.,0.1),
 .UNSPECIFIED.);
#393=B_SPLINE_SURFACE_WITH_KNOTS('',3,1,((#11913,#11914),(#11915,#11916),
(#11917,#11918),(#11919,#11920),(#11921,#11922)),.UNSPECIFIED.,.F.,.F.,
 .F.,(4,1,4),(2,2),(0.,0.0192901313523063,0.0386496667224386),(0.,0.1),
 .UNSPECIFIED.);
#394=B_SPLINE_SURFACE_WITH_KNOTS('',3,1,((#11936,#11937),(#11938,#11939),
(#11940,#11941),(#11942,#11943),(#11944,#11945)),.UNSPECIFIED.,.F.,.F.,
 .F.,(4,1,4),(2,2),(0.,0.0193383747476181,0.0383753258496363),(0.,0.1),
 .UNSPECIFIED.);
#395=B_SPLINE_SURFACE_WITH_KNOTS('',3,1,((#11959,#11960),(#11961,#11962),
(#11963,#11964),(#11965,#11966),(#11967,#11968)),.UNSPECIFIED.,.F.,.F.,
 .F.,(4,1,4),(2,2),(0.,0.0246643253731885,0.0460038874793263),(0.,0.1),
 .UNSPECIFIED.);
#396=B_SPLINE_SURFACE_WITH_KNOTS('',3,1,((#11982,#11983),(#11984,#11985),
(#11986,#11987),(#11988,#11989),(#11990,#11991)),.UNSPECIFIED.,.F.,.F.,
 .F.,(4,1,4),(2,2),(0.,0.0201693936699462,0.0411636779657202),(0.,0.1),
 .UNSPECIFIED.);
#397=B_SPLINE_SURFACE_WITH_KNOTS('',3,1,((#12005,#12006),(#12007,#12008),
(#12009,#12010),(#12011,#12012),(#12013,#12014)),.UNSPECIFIED.,.F.,.F.,
 .F.,(4,1,4),(2,2),(0.,0.0118864885895872,0.0235492745885875),(0.,0.1),
 .UNSPECIFIED.);
#398=B_SPLINE_SURFACE_WITH_KNOTS('',3,1,((#12028,#12029),(#12030,#12031),
(#12032,#12033),(#12034,#12035),(#12036,#12037)),.UNSPECIFIED.,.F.,.F.,
 .F.,(4,1,4),(2,2),(0.,0.0135573045223616,0.0259854429083019),(0.,0.1),
 .UNSPECIFIED.);
#399=B_SPLINE_SURFACE_WITH_KNOTS('',3,1,((#12051,#12052),(#12053,#12054),
(#12055,#12056),(#12057,#12058),(#12059,#12060)),.UNSPECIFIED.,.F.,.F.,
 .F.,(4,1,4),(2,2),(0.,0.0169731735545012,0.0320162464253301),(0.,0.1),
 .UNSPECIFIED.);
#400=B_SPLINE_SURFACE_WITH_KNOTS('',3,1,((#12074,#12075),(#12076,#12077),
(#12078,#12079),(#12080,#12081),(#12082,#12083)),.UNSPECIFIED.,.F.,.F.,
 .F.,(4,1,4),(2,2),(0.,0.0136764301455614,0.028197082549838),(0.,0.1),
 .UNSPECIFIED.);
#401=B_SPLINE_SURFACE_WITH_KNOTS('',3,1,((#12097,#12098),(#12099,#12100),
(#12101,#12102),(#12103,#12104),(#12105,#12106)),.UNSPECIFIED.,.F.,.F.,
 .F.,(4,1,4),(2,2),(0.,0.0113002165947439,0.0238736259603161),(0.,0.1),
 .UNSPECIFIED.);
#402=B_SPLINE_SURFACE_WITH_KNOTS('',3,1,((#12120,#12121),(#12122,#12123),
(#12124,#12125),(#12126,#12127),(#12128,#12129)),.UNSPECIFIED.,.F.,.F.,
 .F.,(4,1,4),(2,2),(0.,0.0145464719551398,0.0265959807712845),(0.,0.1),
 .UNSPECIFIED.);
#403=B_SPLINE_SURFACE_WITH_KNOTS('',3,1,((#12149,#12150),(#12151,#12152),
(#12153,#12154),(#12155,#12156),(#12157,#12158)),.UNSPECIFIED.,.F.,.F.,
 .F.,(4,1,4),(2,2),(0.,0.0169101921590189,0.0362718702306085),(0.,0.1),
 .UNSPECIFIED.);
#404=B_SPLINE_SURFACE_WITH_KNOTS('',3,1,((#12172,#12173),(#12174,#12175),
(#12176,#12177),(#12178,#12179),(#12180,#12181)),.UNSPECIFIED.,.F.,.F.,
 .F.,(4,1,4),(2,2),(0.,0.0177545691274255,0.0340405527243141),(0.,0.1),
 .UNSPECIFIED.);
#405=B_SPLINE_SURFACE_WITH_KNOTS('',3,1,((#12195,#12196),(#12197,#12198),
(#12199,#12200),(#12201,#12202),(#12203,#12204)),.UNSPECIFIED.,.F.,.F.,
 .F.,(4,1,4),(2,2),(0.,0.0207260233057128,0.0400300381342971),(0.,0.1),
 .UNSPECIFIED.);
#406=B_SPLINE_SURFACE_WITH_KNOTS('',3,1,((#12218,#12219),(#12220,#12221),
(#12222,#12223),(#12224,#12225),(#12226,#12227)),.UNSPECIFIED.,.F.,.F.,
 .F.,(4,1,4),(2,2),(0.,0.0263223841522853,0.054627005195626),(0.,0.1),
 .UNSPECIFIED.);
#407=B_SPLINE_SURFACE_WITH_KNOTS('',3,1,((#12241,#12242),(#12243,#12244),
(#12245,#12246),(#12247,#12248),(#12249,#12250)),.UNSPECIFIED.,.F.,.F.,
 .F.,(4,1,4),(2,2),(0.,0.026605109714124,0.0521216407607161),(0.,0.1),
 .UNSPECIFIED.);
#408=B_SPLINE_SURFACE_WITH_KNOTS('',3,1,((#12264,#12265),(#12266,#12267),
(#12268,#12269),(#12270,#12271),(#12272,#12273)),.UNSPECIFIED.,.F.,.F.,
 .F.,(4,1,4),(2,2),(0.,0.0283876412852834,0.0562164916400484),(0.,0.1),
 .UNSPECIFIED.);
#409=B_SPLINE_SURFACE_WITH_KNOTS('',3,1,((#12287,#12288),(#12289,#12290),
(#12291,#12292),(#12293,#12294),(#12295,#12296)),.UNSPECIFIED.,.F.,.F.,
 .F.,(4,1,4),(2,2),(0.,0.0268983593746375,0.0551352486073688),(0.,0.1),
 .UNSPECIFIED.);
#410=B_SPLINE_SURFACE_WITH_KNOTS('',3,1,((#12310,#12311),(#12312,#12313),
(#12314,#12315),(#12316,#12317),(#12318,#12319)),.UNSPECIFIED.,.F.,.F.,
 .F.,(4,1,4),(2,2),(0.,0.0261650854855093,0.0521547145084712),(0.,0.1),
 .UNSPECIFIED.);
#411=B_SPLINE_SURFACE_WITH_KNOTS('',3,1,((#12333,#12334),(#12335,#12336),
(#12337,#12338),(#12339,#12340),(#12341,#12342)),.UNSPECIFIED.,.F.,.F.,
 .F.,(4,1,4),(2,2),(0.,0.0282970572835406,0.055427814743103),(0.,0.1),
 .UNSPECIFIED.);
#412=B_SPLINE_SURFACE_WITH_KNOTS('',3,1,((#12356,#12357),(#12358,#12359),
(#12360,#12361),(#12362,#12363),(#12364,#12365)),.UNSPECIFIED.,.F.,.F.,
 .F.,(4,1,4),(2,2),(0.,0.0218177780616075,0.0434621101979497),(0.,0.1),
 .UNSPECIFIED.);
#413=B_SPLINE_SURFACE_WITH_KNOTS('',3,1,((#12379,#12380),(#12381,#12382),
(#12383,#12384),(#12385,#12386),(#12387,#12388)),.UNSPECIFIED.,.F.,.F.,
 .F.,(4,1,4),(2,2),(0.,0.0240483258602145,0.0466946376486696),(0.,0.1),
 .UNSPECIFIED.);
#414=B_SPLINE_SURFACE_WITH_KNOTS('',3,1,((#12424,#12425),(#12426,#12427),
(#12428,#12429),(#12430,#12431),(#12432,#12433)),.UNSPECIFIED.,.F.,.F.,
 .F.,(4,1,4),(2,2),(0.,0.0265842882418412,0.0531052509654453),(0.,0.1),
 .UNSPECIFIED.);
#415=B_SPLINE_SURFACE_WITH_KNOTS('',3,1,((#12450,#12451),(#12452,#12453),
(#12454,#12455),(#12456,#12457),(#12458,#12459)),.UNSPECIFIED.,.F.,.F.,
 .F.,(4,1,4),(2,2),(0.,0.0184663669891566,0.0374423720312411),(0.,0.1),
 .UNSPECIFIED.);
#416=B_SPLINE_SURFACE_WITH_KNOTS('',3,1,((#12473,#12474),(#12475,#12476),
(#12477,#12478),(#12479,#12480),(#12481,#12482)),.UNSPECIFIED.,.F.,.F.,
 .F.,(4,1,4),(2,2),(0.,0.0190959937825259,0.0375707006537872),(0.,0.1),
 .UNSPECIFIED.);
#417=B_SPLINE_SURFACE_WITH_KNOTS('',3,1,((#12496,#12497),(#12498,#12499),
(#12500,#12501),(#12502,#12503),(#12504,#12505)),.UNSPECIFIED.,.F.,.F.,
 .F.,(4,1,4),(2,2),(0.,0.022961239830935,0.0436726341358969),(0.,0.1),
 .UNSPECIFIED.);
#418=B_SPLINE_SURFACE_WITH_KNOTS('',3,1,((#12519,#12520),(#12521,#12522),
(#12523,#12524),(#12525,#12526),(#12527,#12528)),.UNSPECIFIED.,.F.,.F.,
 .F.,(4,1,4),(2,2),(0.,0.0292445917940578,0.0637921105810987),(0.,0.1),
 .UNSPECIFIED.);
#419=B_SPLINE_SURFACE_WITH_KNOTS('',3,1,((#12542,#12543),(#12544,#12545),
(#12546,#12547),(#12548,#12549),(#12550,#12551)),.UNSPECIFIED.,.F.,.F.,
 .F.,(4,1,4),(2,2),(0.,0.0277358432052728,0.0547540043808663),(0.,0.1),
 .UNSPECIFIED.);
#420=B_SPLINE_SURFACE_WITH_KNOTS('',3,1,((#12565,#12566),(#12567,#12568),
(#12569,#12570),(#12571,#12572),(#12573,#12574)),.UNSPECIFIED.,.F.,.F.,
 .F.,(4,1,4),(2,2),(0.,0.0269011114709807,0.0542588852676606),(0.,0.1),
 .UNSPECIFIED.);
#421=B_SPLINE_SURFACE_WITH_KNOTS('',3,1,((#12588,#12589),(#12590,#12591),
(#12592,#12593),(#12594,#12595),(#12596,#12597)),.UNSPECIFIED.,.F.,.F.,
 .F.,(4,1,4),(2,2),(0.,0.0326792802812401,0.0613116515109226),(0.,0.1),
 .UNSPECIFIED.);
#422=B_SPLINE_SURFACE_WITH_KNOTS('',3,1,((#12611,#12612),(#12613,#12614),
(#12615,#12616),(#12617,#12618),(#12619,#12620)),.UNSPECIFIED.,.F.,.F.,
 .F.,(4,1,4),(2,2),(0.,0.0299136283331354,0.068937483245),(0.,0.1),
 .UNSPECIFIED.);
#423=B_SPLINE_SURFACE_WITH_KNOTS('',3,1,((#12631,#12632),(#12633,#12634),
(#12635,#12636),(#12637,#12638),(#12639,#12640)),.UNSPECIFIED.,.F.,.F.,
 .F.,(4,1,4),(2,2),(0.,0.025341246200427,0.0507588141557947),(0.,0.1),
 .UNSPECIFIED.);
#424=B_SPLINE_SURFACE_WITH_KNOTS('',3,1,((#12657,#12658),(#12659,#12660),
(#12661,#12662),(#12663,#12664),(#12665,#12666)),.UNSPECIFIED.,.F.,.F.,
 .F.,(4,1,4),(2,2),(0.,0.0269560782177496,0.0528053747049824),(0.,0.1),
 .UNSPECIFIED.);
#425=B_SPLINE_SURFACE_WITH_KNOTS('',3,1,((#12680,#12681),(#12682,#12683),
(#12684,#12685),(#12686,#12687),(#12688,#12689)),.UNSPECIFIED.,.F.,.F.,
 .F.,(4,1,4),(2,2),(0.,0.0251627903741415,0.0505218660666018),(0.,0.1),
 .UNSPECIFIED.);
#426=B_SPLINE_SURFACE_WITH_KNOTS('',3,1,((#12703,#12704),(#12705,#12706),
(#12707,#12708),(#12709,#12710),(#12711,#12712)),.UNSPECIFIED.,.F.,.F.,
 .F.,(4,1,4),(2,2),(0.,0.0257897024671136,0.0509102011412855),(0.,0.1),
 .UNSPECIFIED.);
#427=B_SPLINE_SURFACE_WITH_KNOTS('',3,1,((#12726,#12727),(#12728,#12729),
(#12730,#12731),(#12732,#12733),(#12734,#12735)),.UNSPECIFIED.,.F.,.F.,
 .F.,(4,1,4),(2,2),(0.,0.0289829265070487,0.0562019028655201),(0.,0.1),
 .UNSPECIFIED.);
#428=B_SPLINE_SURFACE_WITH_KNOTS('',3,1,((#12749,#12750),(#12751,#12752),
(#12753,#12754),(#12755,#12756),(#12757,#12758)),.UNSPECIFIED.,.F.,.F.,
 .F.,(4,1,4),(2,2),(0.,0.0267280382187062,0.0553048733300125),(0.,0.1),
 .UNSPECIFIED.);
#429=B_SPLINE_SURFACE_WITH_KNOTS('',3,1,((#12772,#12773),(#12774,#12775),
(#12776,#12777),(#12778,#12779),(#12780,#12781)),.UNSPECIFIED.,.F.,.F.,
 .F.,(4,1,4),(2,2),(0.,0.0251974891951569,0.0506584724079267),(0.,0.1),
 .UNSPECIFIED.);
#430=B_SPLINE_SURFACE_WITH_KNOTS('',3,1,((#12795,#12796),(#12797,#12798),
(#12799,#12800),(#12801,#12802),(#12803,#12804)),.UNSPECIFIED.,.F.,.F.,
 .F.,(4,1,4),(2,2),(0.,0.0265371750145343,0.0521407492927684),(0.,0.1),
 .UNSPECIFIED.);
#431=B_SPLINE_SURFACE_WITH_KNOTS('',3,1,((#12818,#12819),(#12820,#12821),
(#12822,#12823),(#12824,#12825),(#12826,#12827)),.UNSPECIFIED.,.F.,.F.,
 .F.,(4,1,4),(2,2),(0.,0.0372085650159428,0.0762528680767407),(0.,0.1),
 .UNSPECIFIED.);
#432=B_SPLINE_SURFACE_WITH_KNOTS('',3,1,((#12841,#12842),(#12843,#12844),
(#12845,#12846),(#12847,#12848),(#12849,#12850)),.UNSPECIFIED.,.F.,.F.,
 .F.,(4,1,4),(2,2),(0.,0.0448900189507944,0.084000814404801),(0.,0.1),
 .UNSPECIFIED.);
#433=B_SPLINE_SURFACE_WITH_KNOTS('',3,1,((#12864,#12865),(#12866,#12867),
(#12868,#12869),(#12870,#12871),(#12872,#12873)),.UNSPECIFIED.,.F.,.F.,
 .F.,(4,1,4),(2,2),(0.,0.0257598951655111,0.0515674069612345),(0.,0.1),
 .UNSPECIFIED.);
#434=B_SPLINE_SURFACE_WITH_KNOTS('',3,1,((#12943,#12944),(#12945,#12946),
(#12947,#12948),(#12949,#12950),(#12951,#12952)),.UNSPECIFIED.,.F.,.F.,
 .F.,(4,1,4),(2,2),(0.,0.00960821853683298,0.0247920613677297),(0.,0.1),
 .UNSPECIFIED.);
#435=B_SPLINE_SURFACE_WITH_KNOTS('',3,1,((#12966,#12967),(#12968,#12969),
(#12970,#12971),(#12972,#12973),(#12974,#12975)),.UNSPECIFIED.,.F.,.F.,
 .F.,(4,1,4),(2,2),(0.,0.0104427097215291,0.0207799963951654),(0.,0.1),
 .UNSPECIFIED.);
#436=B_SPLINE_SURFACE_WITH_KNOTS('',3,1,((#12989,#12990),(#12991,#12992),
(#12993,#12994),(#12995,#12996),(#12997,#12998)),.UNSPECIFIED.,.F.,.F.,
 .F.,(4,1,4),(2,2),(0.,0.0117547648062256,0.0226843955961268),(0.,0.1),
 .UNSPECIFIED.);
#437=B_SPLINE_SURFACE_WITH_KNOTS('',3,1,((#13012,#13013),(#13014,#13015),
(#13016,#13017),(#13018,#13019),(#13020,#13021)),.UNSPECIFIED.,.F.,.F.,
 .F.,(4,1,4),(2,2),(0.,0.0140515624628313,0.029667759687215),(0.,0.1),
 .UNSPECIFIED.);
#438=B_SPLINE_SURFACE_WITH_KNOTS('',3,1,((#13035,#13036),(#13037,#13038),
(#13039,#13040),(#13041,#13042),(#13043,#13044)),.UNSPECIFIED.,.F.,.F.,
 .F.,(4,1,4),(2,2),(0.,0.0220599700297646,0.0382281914283126),(0.,0.1),
 .UNSPECIFIED.);
#439=B_SPLINE_SURFACE_WITH_KNOTS('',3,1,((#13082,#13083),(#13084,#13085),
(#13086,#13087),(#13088,#13089),(#13090,#13091)),.UNSPECIFIED.,.F.,.F.,
 .F.,(4,1,4),(2,2),(0.,0.0263560004093844,0.06250679598268),(0.,0.1),
 .UNSPECIFIED.);
#440=B_SPLINE_SURFACE_WITH_KNOTS('',3,1,((#13105,#13106),(#13107,#13108),
(#13109,#13110),(#13111,#13112),(#13113,#13114)),.UNSPECIFIED.,.F.,.F.,
 .F.,(4,1,4),(2,2),(0.,0.023897624285086,0.0469957951758092),(0.,0.1),
 .UNSPECIFIED.);
#441=B_SPLINE_SURFACE_WITH_KNOTS('',3,1,((#13128,#13129),(#13130,#13131),
(#13132,#13133),(#13134,#13135),(#13136,#13137)),.UNSPECIFIED.,.F.,.F.,
 .F.,(4,1,4),(2,2),(0.,0.0138013823689169,0.0281384246194147),(0.,0.1),
 .UNSPECIFIED.);
#442=B_SPLINE_SURFACE_WITH_KNOTS('',3,1,((#13151,#13152),(#13153,#13154),
(#13155,#13156),(#13157,#13158),(#13159,#13160)),.UNSPECIFIED.,.F.,.F.,
 .F.,(4,1,4),(2,2),(0.,0.0122136622708672,0.0253033272915604),(0.,0.1),
 .UNSPECIFIED.);
#443=B_SPLINE_SURFACE_WITH_KNOTS('',3,1,((#13174,#13175),(#13176,#13177),
(#13178,#13179),(#13180,#13181),(#13182,#13183)),.UNSPECIFIED.,.F.,.F.,
 .F.,(4,1,4),(2,2),(0.,0.0140014352316039,0.0265634787248733),(0.,0.1),
 .UNSPECIFIED.);
#444=B_SPLINE_SURFACE_WITH_KNOTS('',3,1,((#13197,#13198),(#13199,#13200),
(#13201,#13202),(#13203,#13204),(#13205,#13206)),.UNSPECIFIED.,.F.,.F.,
 .F.,(4,1,4),(2,2),(0.,0.0175713205693714,0.0305089677773947),(0.,0.1),
 .UNSPECIFIED.);
#445=B_SPLINE_SURFACE_WITH_KNOTS('',3,1,((#13349,#13350),(#13351,#13352),
(#13353,#13354),(#13355,#13356),(#13357,#13358)),.UNSPECIFIED.,.F.,.F.,
 .F.,(4,1,4),(2,2),(0.,0.0194252253296183,0.0415369524047243),(0.,0.1),
 .UNSPECIFIED.);
#446=B_SPLINE_SURFACE_WITH_KNOTS('',3,1,((#13372,#13373),(#13374,#13375),
(#13376,#13377),(#13378,#13379),(#13380,#13381)),.UNSPECIFIED.,.F.,.F.,
 .F.,(4,1,4),(2,2),(0.,0.0199310731034957,0.0394756755269628),(0.,0.1),
 .UNSPECIFIED.);
#447=B_SPLINE_SURFACE_WITH_KNOTS('',3,1,((#13493,#13494),(#13495,#13496),
(#13497,#13498),(#13499,#13500),(#13501,#13502)),.UNSPECIFIED.,.F.,.F.,
 .F.,(4,1,4),(2,2),(0.,0.0142166053593071,0.0346038407248131),(0.,0.1),
 .UNSPECIFIED.);
#448=B_SPLINE_SURFACE_WITH_KNOTS('',3,1,((#13516,#13517),(#13518,#13519),
(#13520,#13521),(#13522,#13523),(#13524,#13525)),.UNSPECIFIED.,.F.,.F.,
 .F.,(4,1,4),(2,2),(0.,0.0181132526820078,0.0341777073157196),(0.,0.1),
 .UNSPECIFIED.);
#449=B_SPLINE_SURFACE_WITH_KNOTS('',3,1,((#13539,#13540),(#13541,#13542),
(#13543,#13544),(#13545,#13546),(#13547,#13548)),.UNSPECIFIED.,.F.,.F.,
 .F.,(4,1,4),(2,2),(0.,0.0278647823008865,0.0497541861150424),(0.,0.1),
 .UNSPECIFIED.);
#450=B_SPLINE_SURFACE_WITH_KNOTS('',3,1,((#13562,#13563),(#13564,#13565),
(#13566,#13567),(#13568,#13569),(#13570,#13571)),.UNSPECIFIED.,.F.,.F.,
 .F.,(4,1,4),(2,2),(0.,0.0180177339605457,0.0390172512551159),(0.,0.1),
 .UNSPECIFIED.);
#451=B_SPLINE_SURFACE_WITH_KNOTS('',3,1,((#13585,#13586),(#13587,#13588),
(#13589,#13590),(#13591,#13592),(#13593,#13594)),.UNSPECIFIED.,.F.,.F.,
 .F.,(4,1,4),(2,2),(0.,0.0138508396544398,0.0294498805917295),(0.,0.1),
 .UNSPECIFIED.);
#452=B_SPLINE_SURFACE_WITH_KNOTS('',3,1,((#13608,#13609),(#13610,#13611),
(#13612,#13613),(#13614,#13615),(#13616,#13617)),.UNSPECIFIED.,.F.,.F.,
 .F.,(4,1,4),(2,2),(0.,0.0110418453296946,0.0208646690072803),(0.,0.1),
 .UNSPECIFIED.);
#453=B_SPLINE_SURFACE_WITH_KNOTS('',3,1,((#13631,#13632),(#13633,#13634),
(#13635,#13636),(#13637,#13638),(#13639,#13640)),.UNSPECIFIED.,.F.,.F.,
 .F.,(4,1,4),(2,2),(0.,0.0176740157053633,0.0313429348611924),(0.,0.1),
 .UNSPECIFIED.);
#454=B_SPLINE_SURFACE_WITH_KNOTS('',3,1,((#13663,#13664),(#13665,#13666),
(#13667,#13668),(#13669,#13670),(#13671,#13672)),.UNSPECIFIED.,.F.,.F.,
 .F.,(4,1,4),(2,2),(0.,0.0152400855720354,0.0323656550379953),(0.,0.1),
 .UNSPECIFIED.);
#455=B_SPLINE_SURFACE_WITH_KNOTS('',3,1,((#13689,#13690),(#13691,#13692),
(#13693,#13694),(#13695,#13696),(#13697,#13698)),.UNSPECIFIED.,.F.,.F.,
 .F.,(4,1,4),(2,2),(0.,0.0123665658455193,0.0259942942162339),(0.,0.1),
 .UNSPECIFIED.);
#456=B_SPLINE_SURFACE_WITH_KNOTS('',3,1,((#13712,#13713),(#13714,#13715),
(#13716,#13717),(#13718,#13719),(#13720,#13721)),.UNSPECIFIED.,.F.,.F.,
 .F.,(4,1,4),(2,2),(0.,0.0134918312819172,0.0258109611251261),(0.,0.1),
 .UNSPECIFIED.);
#457=B_SPLINE_SURFACE_WITH_KNOTS('',3,1,((#13735,#13736),(#13737,#13738),
(#13739,#13740),(#13741,#13742),(#13743,#13744)),.UNSPECIFIED.,.F.,.F.,
 .F.,(4,1,4),(2,2),(0.,0.0171889910480061,0.0322727294997288),(0.,0.1),
 .UNSPECIFIED.);
#458=B_SPLINE_SURFACE_WITH_KNOTS('',3,1,((#13758,#13759),(#13760,#13761),
(#13762,#13763),(#13764,#13765),(#13766,#13767)),.UNSPECIFIED.,.F.,.F.,
 .F.,(4,1,4),(2,2),(0.,0.021528158580967,0.040839910670294),(0.,0.1),
 .UNSPECIFIED.);
#459=B_SPLINE_SURFACE_WITH_KNOTS('',3,1,((#13781,#13782),(#13783,#13784),
(#13785,#13786),(#13787,#13788),(#13789,#13790)),.UNSPECIFIED.,.F.,.F.,
 .F.,(4,1,4),(2,2),(0.,0.0230519469961761,0.048383772005813),(0.,0.1),
 .UNSPECIFIED.);
#460=B_SPLINE_SURFACE_WITH_KNOTS('',3,1,((#13804,#13805),(#13806,#13807),
(#13808,#13809),(#13810,#13811),(#13812,#13813)),.UNSPECIFIED.,.F.,.F.,
 .F.,(4,1,4),(2,2),(0.,0.0205713363824483,0.0419202261169356),(0.,0.1),
 .UNSPECIFIED.);
#461=B_SPLINE_SURFACE_WITH_KNOTS('',3,1,((#13827,#13828),(#13829,#13830),
(#13831,#13832),(#13833,#13834),(#13835,#13836)),.UNSPECIFIED.,.F.,.F.,
 .F.,(4,1,4),(2,2),(0.,0.0168700081768018,0.0328854856070839),(0.,0.1),
 .UNSPECIFIED.);
#462=B_SPLINE_SURFACE_WITH_KNOTS('',3,1,((#13850,#13851),(#13852,#13853),
(#13854,#13855),(#13856,#13857),(#13858,#13859)),.UNSPECIFIED.,.F.,.F.,
 .F.,(4,1,4),(2,2),(0.,0.0205786325377646,0.0357722721833227),(0.,0.1),
 .UNSPECIFIED.);
#463=B_SPLINE_SURFACE_WITH_KNOTS('',3,1,((#13898,#13899),(#13900,#13901),
(#13902,#13903),(#13904,#13905),(#13906,#13907)),.UNSPECIFIED.,.F.,.F.,
 .F.,(4,1,4),(2,2),(0.,0.0149489727513404,0.0343372419719751),(0.,0.1),
 .UNSPECIFIED.);
#464=B_SPLINE_SURFACE_WITH_KNOTS('',3,1,((#13921,#13922),(#13923,#13924),
(#13925,#13926),(#13927,#13928),(#13929,#13930)),.UNSPECIFIED.,.F.,.F.,
 .F.,(4,1,4),(2,2),(0.,0.0131803299944026,0.0261374999001175),(0.,0.1),
 .UNSPECIFIED.);
#465=B_SPLINE_SURFACE_WITH_KNOTS('',3,1,((#13944,#13945),(#13946,#13947),
(#13948,#13949),(#13950,#13951),(#13952,#13953)),.UNSPECIFIED.,.F.,.F.,
 .F.,(4,1,4),(2,2),(0.,0.00949146764392458,0.0189139522796726),(0.,0.1),
 .UNSPECIFIED.);
#466=B_SPLINE_SURFACE_WITH_KNOTS('',3,1,((#13967,#13968),(#13969,#13970),
(#13971,#13972),(#13973,#13974),(#13975,#13976)),.UNSPECIFIED.,.F.,.F.,
 .F.,(4,1,4),(2,2),(0.,0.0102401796904598,0.0199197143219097),(0.,0.1),
 .UNSPECIFIED.);
#467=B_SPLINE_SURFACE_WITH_KNOTS('',3,1,((#13990,#13991),(#13992,#13993),
(#13994,#13995),(#13996,#13997),(#13998,#13999)),.UNSPECIFIED.,.F.,.F.,
 .F.,(4,1,4),(2,2),(0.,0.0161935747107881,0.0287237190417071),(0.,0.1),
 .UNSPECIFIED.);
#468=B_SPLINE_SURFACE_WITH_KNOTS('',3,1,((#14037,#14038),(#14039,#14040),
(#14041,#14042),(#14043,#14044),(#14045,#14046)),.UNSPECIFIED.,.F.,.F.,
 .F.,(4,1,4),(2,2),(0.,0.00597760165716867,0.0147802736055363),(0.,0.1),
 .UNSPECIFIED.);
#469=B_SPLINE_SURFACE_WITH_KNOTS('',3,1,((#14060,#14061),(#14062,#14063),
(#14064,#14065),(#14066,#14067),(#14068,#14069)),.UNSPECIFIED.,.F.,.F.,
 .F.,(4,1,4),(2,2),(0.,0.00680636724513482,0.013240053981161),(0.,0.1),
 .UNSPECIFIED.);
#470=B_SPLINE_SURFACE_WITH_KNOTS('',3,1,((#14083,#14084),(#14085,#14086),
(#14087,#14088),(#14089,#14090),(#14091,#14092)),.UNSPECIFIED.,.F.,.F.,
 .F.,(4,1,4),(2,2),(0.,0.0107916589133648,0.019014523459477),(0.,0.1),
 .UNSPECIFIED.);
#471=B_SPLINE_SURFACE_WITH_KNOTS('',3,1,((#14106,#14107),(#14108,#14109),
(#14110,#14111),(#14112,#14113),(#14114,#14115)),.UNSPECIFIED.,.F.,.F.,
 .F.,(4,1,4),(2,2),(0.,0.0190891275772378,0.0335376671162664),(0.,0.1),
 .UNSPECIFIED.);
#472=B_SPLINE_SURFACE_WITH_KNOTS('',3,1,((#14147,#14148),(#14149,#14150),
(#14151,#14152),(#14153,#14154),(#14155,#14156)),.UNSPECIFIED.,.F.,.F.,
 .F.,(4,1,4),(2,2),(0.,0.0164547939460784,0.0345668812321311),(0.,0.1),
 .UNSPECIFIED.);
#473=B_SPLINE_SURFACE_WITH_KNOTS('',3,1,((#14170,#14171),(#14172,#14173),
(#14174,#14175),(#14176,#14177),(#14178,#14179)),.UNSPECIFIED.,.F.,.F.,
 .F.,(4,1,4),(2,2),(0.,0.010515012453431,0.0188578009220672),(0.,0.1),
 .UNSPECIFIED.);
#474=B_SPLINE_SURFACE_WITH_KNOTS('',3,1,((#14193,#14194),(#14195,#14196),
(#14197,#14198),(#14199,#14200),(#14201,#14202)),.UNSPECIFIED.,.F.,.F.,
 .F.,(4,1,4),(2,2),(0.,0.0212090124857377,0.047102732677317),(0.,0.1),
 .UNSPECIFIED.);
#475=B_SPLINE_SURFACE_WITH_KNOTS('',3,1,((#14216,#14217),(#14218,#14219),
(#14220,#14221),(#14222,#14223),(#14224,#14225)),.UNSPECIFIED.,.F.,.F.,
 .F.,(4,1,4),(2,2),(0.,0.0199114278293592,0.0391849677825469),(0.,0.1),
 .UNSPECIFIED.);
#476=B_SPLINE_SURFACE_WITH_KNOTS('',3,1,((#14239,#14240),(#14241,#14242),
(#14243,#14244),(#14245,#14246),(#14247,#14248)),.UNSPECIFIED.,.F.,.F.,
 .F.,(4,1,4),(2,2),(0.,0.0156566644187104,0.0315843949282636),(0.,0.1),
 .UNSPECIFIED.);
#477=B_SPLINE_SURFACE_WITH_KNOTS('',3,1,((#14262,#14263),(#14264,#14265),
(#14266,#14267),(#14268,#14269),(#14270,#14271)),.UNSPECIFIED.,.F.,.F.,
 .F.,(4,1,4),(2,2),(0.,0.0145675197813599,0.0296857501320352),(0.,0.1),
 .UNSPECIFIED.);
#478=B_SPLINE_SURFACE_WITH_KNOTS('',3,1,((#14285,#14286),(#14287,#14288),
(#14289,#14290),(#14291,#14292),(#14293,#14294)),.UNSPECIFIED.,.F.,.F.,
 .F.,(4,1,4),(2,2),(0.,0.0235719325276635,0.0411639232684465),(0.,0.1),
 .UNSPECIFIED.);
#479=B_SPLINE_SURFACE_WITH_KNOTS('',3,1,((#14324,#14325),(#14326,#14327),
(#14328,#14329),(#14330,#14331),(#14332,#14333)),.UNSPECIFIED.,.F.,.F.,
 .F.,(4,1,4),(2,2),(0.,0.0265843194655035,0.0531052697043172),(0.,0.1),
 .UNSPECIFIED.);
#480=B_SPLINE_SURFACE_WITH_KNOTS('',3,1,((#14350,#14351),(#14352,#14353),
(#14354,#14355),(#14356,#14357),(#14358,#14359)),.UNSPECIFIED.,.F.,.F.,
 .F.,(4,1,4),(2,2),(0.,0.0184663548520697,0.0374423416753164),(0.,0.1),
 .UNSPECIFIED.);
#481=B_SPLINE_SURFACE_WITH_KNOTS('',3,1,((#14373,#14374),(#14375,#14376),
(#14377,#14378),(#14379,#14380),(#14381,#14382)),.UNSPECIFIED.,.F.,.F.,
 .F.,(4,1,4),(2,2),(0.,0.019095951252824,0.0375706550430306),(0.,0.1),
 .UNSPECIFIED.);
#482=B_SPLINE_SURFACE_WITH_KNOTS('',3,1,((#14396,#14397),(#14398,#14399),
(#14400,#14401),(#14402,#14403),(#14404,#14405)),.UNSPECIFIED.,.F.,.F.,
 .F.,(4,1,4),(2,2),(0.,0.0229612411700498,0.0436726310212904),(0.,0.1),
 .UNSPECIFIED.);
#483=B_SPLINE_SURFACE_WITH_KNOTS('',3,1,((#14419,#14420),(#14421,#14422),
(#14423,#14424),(#14425,#14426),(#14427,#14428)),.UNSPECIFIED.,.F.,.F.,
 .F.,(4,1,4),(2,2),(0.,0.0292446288274306,0.0637920906758592),(0.,0.1),
 .UNSPECIFIED.);
#484=B_SPLINE_SURFACE_WITH_KNOTS('',3,1,((#14442,#14443),(#14444,#14445),
(#14446,#14447),(#14448,#14449),(#14450,#14451)),.UNSPECIFIED.,.F.,.F.,
 .F.,(4,1,4),(2,2),(0.,0.0277358618084832,0.0547539882222246),(0.,0.1),
 .UNSPECIFIED.);
#485=B_SPLINE_SURFACE_WITH_KNOTS('',3,1,((#14465,#14466),(#14467,#14468),
(#14469,#14470),(#14471,#14472),(#14473,#14474)),.UNSPECIFIED.,.F.,.F.,
 .F.,(4,1,4),(2,2),(0.,0.0269010993326517,0.0542588804440222),(0.,0.1),
 .UNSPECIFIED.);
#486=B_SPLINE_SURFACE_WITH_KNOTS('',3,1,((#14488,#14489),(#14490,#14491),
(#14492,#14493),(#14494,#14495),(#14496,#14497)),.UNSPECIFIED.,.F.,.F.,
 .F.,(4,1,4),(2,2),(0.,0.0326792802812401,0.0613116477168556),(0.,0.1),
 .UNSPECIFIED.);
#487=B_SPLINE_SURFACE_WITH_KNOTS('',3,1,((#14511,#14512),(#14513,#14514),
(#14515,#14516),(#14517,#14518),(#14519,#14520)),.UNSPECIFIED.,.F.,.F.,
 .F.,(4,1,4),(2,2),(0.,0.0299136758915868,0.0689374717029519),(0.,0.1),
 .UNSPECIFIED.);
#488=B_SPLINE_SURFACE_WITH_KNOTS('',3,1,((#14531,#14532),(#14533,#14534),
(#14535,#14536),(#14537,#14538),(#14539,#14540)),.UNSPECIFIED.,.F.,.F.,
 .F.,(4,1,4),(2,2),(0.,0.0253412870178324,0.0507588096144089),(0.,0.1),
 .UNSPECIFIED.);
#489=B_SPLINE_SURFACE_WITH_KNOTS('',3,1,((#14557,#14558),(#14559,#14560),
(#14561,#14562),(#14563,#14564),(#14565,#14566)),.UNSPECIFIED.,.F.,.F.,
 .F.,(4,1,4),(2,2),(0.,0.0269560558947564,0.0528053759751818),(0.,0.1),
 .UNSPECIFIED.);
#490=B_SPLINE_SURFACE_WITH_KNOTS('',3,1,((#14580,#14581),(#14582,#14583),
(#14584,#14585),(#14586,#14587),(#14588,#14589)),.UNSPECIFIED.,.F.,.F.,
 .F.,(4,1,4),(2,2),(0.,0.0251627684396167,0.0505218513868948),(0.,0.1),
 .UNSPECIFIED.);
#491=B_SPLINE_SURFACE_WITH_KNOTS('',3,1,((#14603,#14604),(#14605,#14606),
(#14607,#14608),(#14609,#14610),(#14611,#14612)),.UNSPECIFIED.,.F.,.F.,
 .F.,(4,1,4),(2,2),(0.,0.0257897110394545,0.0509101978782048),(0.,0.1),
 .UNSPECIFIED.);
#492=B_SPLINE_SURFACE_WITH_KNOTS('',3,1,((#14626,#14627),(#14628,#14629),
(#14630,#14631),(#14632,#14633),(#14634,#14635)),.UNSPECIFIED.,.F.,.F.,
 .F.,(4,1,4),(2,2),(0.,0.0289829265070487,0.0562019079068844),(0.,0.1),
 .UNSPECIFIED.);
#493=B_SPLINE_SURFACE_WITH_KNOTS('',3,1,((#14649,#14650),(#14651,#14652),
(#14653,#14654),(#14655,#14656),(#14657,#14658)),.UNSPECIFIED.,.F.,.F.,
 .F.,(4,1,4),(2,2),(0.,0.0267280382187062,0.0553049029767632),(0.,0.1),
 .UNSPECIFIED.);
#494=B_SPLINE_SURFACE_WITH_KNOTS('',3,1,((#14672,#14673),(#14674,#14675),
(#14676,#14677),(#14678,#14679),(#14680,#14681)),.UNSPECIFIED.,.F.,.F.,
 .F.,(4,1,4),(2,2),(0.,0.0251974820450258,0.0506584982831612),(0.,0.1),
 .UNSPECIFIED.);
#495=B_SPLINE_SURFACE_WITH_KNOTS('',3,1,((#14695,#14696),(#14697,#14698),
(#14699,#14700),(#14701,#14702),(#14703,#14704)),.UNSPECIFIED.,.F.,.F.,
 .F.,(4,1,4),(2,2),(0.,0.0265371713374461,0.0521407087744511),(0.,0.1),
 .UNSPECIFIED.);
#496=B_SPLINE_SURFACE_WITH_KNOTS('',3,1,((#14718,#14719),(#14720,#14721),
(#14722,#14723),(#14724,#14725),(#14726,#14727)),.UNSPECIFIED.,.F.,.F.,
 .F.,(4,1,4),(2,2),(0.,0.0372086172609042,0.0762528949132384),(0.,0.1),
 .UNSPECIFIED.);
#497=B_SPLINE_SURFACE_WITH_KNOTS('',3,1,((#14741,#14742),(#14743,#14744),
(#14745,#14746),(#14747,#14748),(#14749,#14750)),.UNSPECIFIED.,.F.,.F.,
 .F.,(4,1,4),(2,2),(0.,0.0448900503624636,0.0840007850931296),(0.,0.1),
 .UNSPECIFIED.);
#498=B_SPLINE_SURFACE_WITH_KNOTS('',3,1,((#14764,#14765),(#14766,#14767),
(#14768,#14769),(#14770,#14771),(#14772,#14773)),.UNSPECIFIED.,.F.,.F.,
 .F.,(4,1,4),(2,2),(0.,0.0257598982728803,0.0515674384460711),(0.,0.1),
 .UNSPECIFIED.);
#499=B_SPLINE_SURFACE_WITH_KNOTS('',3,1,((#14785,#14786),(#14787,#14788),
(#14789,#14790),(#14791,#14792),(#14793,#14794)),.UNSPECIFIED.,.F.,.F.,
 .F.,(4,1,4),(2,2),(0.,0.0191357983885824,0.0377715288819473),(0.,0.1),
 .UNSPECIFIED.);
#500=B_SPLINE_SURFACE_WITH_KNOTS('',3,1,((#14811,#14812),(#14813,#14814),
(#14815,#14816),(#14817,#14818),(#14819,#14820)),.UNSPECIFIED.,.F.,.F.,
 .F.,(4,1,4),(2,2),(0.,0.0250271946777191,0.0464160321486074),(0.,0.1),
 .UNSPECIFIED.);
#501=B_SPLINE_SURFACE_WITH_KNOTS('',3,1,((#14834,#14835),(#14836,#14837),
(#14838,#14839),(#14840,#14841),(#14842,#14843)),.UNSPECIFIED.,.F.,.F.,
 .F.,(4,1,4),(2,2),(0.,0.019123264658862,0.0395620627799564),(0.,0.1),
 .UNSPECIFIED.);
#502=B_SPLINE_SURFACE_WITH_KNOTS('',3,1,((#14857,#14858),(#14859,#14860),
(#14861,#14862),(#14863,#14864),(#14865,#14866)),.UNSPECIFIED.,.F.,.F.,
 .F.,(4,1,4),(2,2),(0.,0.0167790544178489,0.0345951245805821),(0.,0.1),
 .UNSPECIFIED.);
#503=B_SPLINE_SURFACE_WITH_KNOTS('',3,1,((#14880,#14881),(#14882,#14883),
(#14884,#14885),(#14886,#14887),(#14888,#14889)),.UNSPECIFIED.,.F.,.F.,
 .F.,(4,1,4),(2,2),(0.,0.0156688897320011,0.0317805847120886),(0.,0.1),
 .UNSPECIFIED.);
#504=B_SPLINE_SURFACE_WITH_KNOTS('',3,1,((#14903,#14904),(#14905,#14906),
(#14907,#14908),(#14909,#14910),(#14911,#14912)),.UNSPECIFIED.,.F.,.F.,
 .F.,(4,1,4),(2,2),(0.,0.0146776039190768,0.0299800023534904),(0.,0.1),
 .UNSPECIFIED.);
#505=B_SPLINE_SURFACE_WITH_KNOTS('',3,1,((#14926,#14927),(#14928,#14929),
(#14930,#14931),(#14932,#14933),(#14934,#14935)),.UNSPECIFIED.,.F.,.F.,
 .F.,(4,1,4),(2,2),(0.,0.0177084815194502,0.0331866179360929),(0.,0.1),
 .UNSPECIFIED.);
#506=B_SPLINE_SURFACE_WITH_KNOTS('',3,1,((#14949,#14950),(#14951,#14952),
(#14953,#14954),(#14955,#14956),(#14957,#14958)),.UNSPECIFIED.,.F.,.F.,
 .F.,(4,1,4),(2,2),(0.,0.0280463093824393,0.0461131080016208),(0.,0.1),
 .UNSPECIFIED.);
#507=B_SPLINE_SURFACE_WITH_KNOTS('',3,1,((#14972,#14973),(#14974,#14975),
(#14976,#14977),(#14978,#14979),(#14980,#14981)),.UNSPECIFIED.,.F.,.F.,
 .F.,(4,1,4),(2,2),(0.,0.0154898021458178,0.0425764309811957),(0.,0.1),
 .UNSPECIFIED.);
#508=B_SPLINE_SURFACE_WITH_KNOTS('',3,1,((#14995,#14996),(#14997,#14998),
(#14999,#15000),(#15001,#15002),(#15003,#15004)),.UNSPECIFIED.,.F.,.F.,
 .F.,(4,1,4),(2,2),(0.,0.0100131851261928,0.0198429874949278),(0.,0.1),
 .UNSPECIFIED.);
#509=B_SPLINE_SURFACE_WITH_KNOTS('',3,1,((#15018,#15019),(#15020,#15021),
(#15022,#15023),(#15024,#15025),(#15026,#15027)),.UNSPECIFIED.,.F.,.F.,
 .F.,(4,1,4),(2,2),(0.,0.012727790665983,0.0245616196197739),(0.,0.1),
 .UNSPECIFIED.);
#510=B_SPLINE_SURFACE_WITH_KNOTS('',3,1,((#15041,#15042),(#15043,#15044),
(#15045,#15046),(#15047,#15048),(#15049,#15050)),.UNSPECIFIED.,.F.,.F.,
 .F.,(4,1,4),(2,2),(0.,0.0208700661328411,0.0365644718351359),(0.,0.1),
 .UNSPECIFIED.);
#511=B_SPLINE_SURFACE_WITH_KNOTS('',3,1,((#15064,#15065),(#15066,#15067),
(#15068,#15069),(#15070,#15071),(#15072,#15073)),.UNSPECIFIED.,.F.,.F.,
 .F.,(4,1,4),(2,2),(0.,0.0163205783122744,0.0367070631848039),(0.,0.1),
 .UNSPECIFIED.);
#512=B_SPLINE_SURFACE_WITH_KNOTS('',3,1,((#15087,#15088),(#15089,#15090),
(#15091,#15092),(#15093,#15094),(#15095,#15096)),.UNSPECIFIED.,.F.,.F.,
 .F.,(4,1,4),(2,2),(0.,0.0172376220504406,0.0324620210633616),(0.,0.1),
 .UNSPECIFIED.);
#513=B_SPLINE_SURFACE_WITH_KNOTS('',3,1,((#15116,#15117),(#15118,#15119),
(#15120,#15121),(#15122,#15123),(#15124,#15125)),.UNSPECIFIED.,.F.,.F.,
 .F.,(4,1,4),(2,2),(0.,0.0164157743663719,0.0333266814308427),(0.,0.1),
 .UNSPECIFIED.);
#514=B_SPLINE_SURFACE_WITH_KNOTS('',3,1,((#15139,#15140),(#15141,#15142),
(#15143,#15144),(#15145,#15146),(#15147,#15148)),.UNSPECIFIED.,.F.,.F.,
 .F.,(4,1,4),(2,2),(0.,0.0174370994284701,0.0339522059737657),(0.,0.1),
 .UNSPECIFIED.);
#515=B_SPLINE_SURFACE_WITH_KNOTS('',3,1,((#15162,#15163),(#15164,#15165),
(#15166,#15167),(#15168,#15169),(#15170,#15171)),.UNSPECIFIED.,.F.,.F.,
 .F.,(4,1,4),(2,2),(0.,0.0210007448138683,0.0400710329921174),(0.,0.1),
 .UNSPECIFIED.);
#516=B_SPLINE_SURFACE_WITH_KNOTS('',3,1,((#15185,#15186),(#15187,#15188),
(#15189,#15190),(#15191,#15192),(#15193,#15194)),.UNSPECIFIED.,.F.,.F.,
 .F.,(4,1,4),(2,2),(0.,0.0181636997972742,0.0375091905608345),(0.,0.1),
 .UNSPECIFIED.);
#517=B_SPLINE_SURFACE_WITH_KNOTS('',3,1,((#15208,#15209),(#15210,#15211),
(#15212,#15213),(#15214,#15215),(#15216,#15217)),.UNSPECIFIED.,.F.,.F.,
 .F.,(4,1,4),(2,2),(0.,0.0156800865713526,0.0324664443420761),(0.,0.1),
 .UNSPECIFIED.);
#518=B_SPLINE_SURFACE_WITH_KNOTS('',3,1,((#15231,#15232),(#15233,#15234),
(#15235,#15236),(#15237,#15238),(#15239,#15240)),.UNSPECIFIED.,.F.,.F.,
 .F.,(4,1,4),(2,2),(0.,0.0148054530065521,0.0299096737874267),(0.,0.1),
 .UNSPECIFIED.);
#519=B_SPLINE_SURFACE_WITH_KNOTS('',3,1,((#15254,#15255),(#15256,#15257),
(#15258,#15259),(#15260,#15261),(#15262,#15263)),.UNSPECIFIED.,.F.,.F.,
 .F.,(4,1,4),(2,2),(0.,0.0129083066169827,0.0261393324783209),(0.,0.1),
 .UNSPECIFIED.);
#520=B_SPLINE_SURFACE_WITH_KNOTS('',3,1,((#15277,#15278),(#15279,#15280),
(#15281,#15282),(#15283,#15284),(#15285,#15286)),.UNSPECIFIED.,.F.,.F.,
 .F.,(4,1,4),(2,2),(0.,0.0150642392695352,0.0285800242819274),(0.,0.1),
 .UNSPECIFIED.);
#521=B_SPLINE_SURFACE_WITH_KNOTS('',3,1,((#15300,#15301),(#15302,#15303),
(#15304,#15305),(#15306,#15307),(#15308,#15309)),.UNSPECIFIED.,.F.,.F.,
 .F.,(4,1,4),(2,2),(0.,0.0242971218438465,0.0406373230384368),(0.,0.1),
 .UNSPECIFIED.);
#522=B_SPLINE_SURFACE_WITH_KNOTS('',3,1,((#15323,#15324),(#15325,#15326),
(#15327,#15328),(#15329,#15330),(#15331,#15332)),.UNSPECIFIED.,.F.,.F.,
 .F.,(4,1,4),(2,2),(0.,0.0135333052831026,0.0369308278521899),(0.,0.1),
 .UNSPECIFIED.);
#523=B_SPLINE_SURFACE_WITH_KNOTS('',3,1,((#15346,#15347),(#15348,#15349),
(#15350,#15351),(#15352,#15353),(#15354,#15355)),.UNSPECIFIED.,.F.,.F.,
 .F.,(4,1,4),(2,2),(0.,0.0096981365285821,0.0217250675682385),(0.,0.1),
 .UNSPECIFIED.);
#524=B_SPLINE_SURFACE_WITH_KNOTS('',3,1,((#15369,#15370),(#15371,#15372),
(#15373,#15374),(#15375,#15376),(#15377,#15378)),.UNSPECIFIED.,.F.,.F.,
 .F.,(4,1,4),(2,2),(0.,0.00892143390044569,0.0175734778928771),(0.,0.1),
 .UNSPECIFIED.);
#525=B_SPLINE_SURFACE_WITH_KNOTS('',3,1,((#15392,#15393),(#15394,#15395),
(#15396,#15397),(#15398,#15399),(#15400,#15401)),.UNSPECIFIED.,.F.,.F.,
 .F.,(4,1,4),(2,2),(0.,0.00923653737589851,0.0182669670505663),(0.,0.1),
 .UNSPECIFIED.);
#526=B_SPLINE_SURFACE_WITH_KNOTS('',3,1,((#15415,#15416),(#15417,#15418),
(#15419,#15420),(#15421,#15422),(#15423,#15424)),.UNSPECIFIED.,.F.,.F.,
 .F.,(4,1,4),(2,2),(0.,0.0114348045656762,0.0214437760679493),(0.,0.1),
 .UNSPECIFIED.);
#527=B_SPLINE_SURFACE_WITH_KNOTS('',3,1,((#15438,#15439),(#15440,#15441),
(#15442,#15443),(#15444,#15445),(#15446,#15447)),.UNSPECIFIED.,.F.,.F.,
 .F.,(4,1,4),(2,2),(0.,0.0143008354988203,0.0272323808792507),(0.,0.1),
 .UNSPECIFIED.);
#528=B_SPLINE_SURFACE_WITH_KNOTS('',3,1,((#15461,#15462),(#15463,#15464),
(#15465,#15466),(#15467,#15468),(#15469,#15470)),.UNSPECIFIED.,.F.,.F.,
 .F.,(4,1,4),(2,2),(0.,0.0151632090112438,0.0314315433341596),(0.,0.1),
 .UNSPECIFIED.);
#529=B_SPLINE_SURFACE_WITH_KNOTS('',3,1,((#15484,#15485),(#15486,#15487),
(#15488,#15489),(#15490,#15491),(#15492,#15493)),.UNSPECIFIED.,.F.,.F.,
 .F.,(4,1,4),(2,2),(0.,0.0120019302877739,0.0256937303973551),(0.,0.1),
 .UNSPECIFIED.);
#530=B_SPLINE_SURFACE_WITH_KNOTS('',3,1,((#15507,#15508),(#15509,#15510),
(#15511,#15512),(#15513,#15514),(#15515,#15516)),.UNSPECIFIED.,.F.,.F.,
 .F.,(4,1,4),(2,2),(0.,0.0139745847537744,0.026155033836547),(0.,0.1),
 .UNSPECIFIED.);
#531=B_SPLINE_SURFACE_WITH_KNOTS('',3,1,((#15536,#15537),(#15538,#15539),
(#15540,#15541),(#15542,#15543),(#15544,#15545)),.UNSPECIFIED.,.F.,.F.,
 .F.,(4,1,4),(2,2),(0.,0.0187130620620503,0.0379654578349469),(0.,0.1),
 .UNSPECIFIED.);
#532=B_SPLINE_SURFACE_WITH_KNOTS('',3,1,((#15557,#15558),(#15559,#15560),
(#15561,#15562),(#15563,#15564),(#15565,#15566)),.UNSPECIFIED.,.F.,.F.,
 .F.,(4,1,4),(2,2),(0.,0.0197130713942697,0.0397206277752199),(0.,0.1),
 .UNSPECIFIED.);
#533=B_SPLINE_SURFACE_WITH_KNOTS('',3,1,((#15583,#15584),(#15585,#15586),
(#15587,#15588),(#15589,#15590),(#15591,#15592)),.UNSPECIFIED.,.F.,.F.,
 .F.,(4,1,4),(2,2),(0.,0.0244477291330916,0.0438418892358347),(0.,0.1),
 .UNSPECIFIED.);
#534=SHAPE_REPRESENTATION_RELATIONSHIP('SRR','None',#16309,#537);
#535=SHAPE_REPRESENTATION_RELATIONSHIP('SRR','None',#16310,#538);
#536=SHAPE_REPRESENTATION_RELATIONSHIP('SRR','None',#16312,#539);
#537=ADVANCED_BREP_SHAPE_REPRESENTATION('',(#543),#16285);
#538=ADVANCED_BREP_SHAPE_REPRESENTATION('',(#544),#16286);
#539=ADVANCED_BREP_SHAPE_REPRESENTATION('',(#545),#16288);
#540=STYLED_ITEM('',(#16337),#543);
#541=STYLED_ITEM('',(#16337),#544);
#542=STYLED_ITEM('',(#16338),#545);
#543=MANIFOLD_SOLID_BREP('Body1',#8733);
#544=MANIFOLD_SOLID_BREP('Body1',#8734);
#545=MANIFOLD_SOLID_BREP('Body1',#8735);
#546=FACE_BOUND('',#1342,.T.);
#547=FACE_BOUND('',#1343,.T.);
#548=FACE_BOUND('',#1344,.T.);
#549=FACE_BOUND('',#1345,.T.);
#550=FACE_BOUND('',#1366,.T.);
#551=FACE_BOUND('',#1367,.T.);
#552=FACE_BOUND('',#1368,.T.);
#553=FACE_BOUND('',#1369,.T.);
#554=FACE_BOUND('',#1372,.T.);
#555=FACE_BOUND('',#1375,.T.);
#556=FACE_BOUND('',#1378,.T.);
#557=FACE_BOUND('',#1381,.T.);
#558=FACE_BOUND('',#1440,.T.);
#559=FACE_BOUND('',#1441,.T.);
#560=FACE_BOUND('',#1456,.T.);
#561=FACE_BOUND('',#1508,.T.);
#562=FACE_BOUND('',#1538,.T.);
#563=FACE_BOUND('',#1601,.T.);
#564=FACE_BOUND('',#1630,.T.);
#565=FACE_BOUND('',#1652,.T.);
#566=FACE_BOUND('',#1703,.T.);
#567=FACE_BOUND('',#1718,.T.);
#568=FACE_BOUND('',#1719,.T.);
#569=FACE_BOUND('',#1720,.T.);
#570=FACE_BOUND('',#1721,.T.);
#571=FACE_BOUND('',#1722,.T.);
#572=FACE_BOUND('',#1723,.T.);
#573=FACE_BOUND('',#1724,.T.);
#574=FACE_BOUND('',#1725,.T.);
#575=FACE_BOUND('',#1726,.T.);
#576=FACE_BOUND('',#1727,.T.);
#577=FACE_BOUND('',#1728,.T.);
#578=FACE_BOUND('',#1729,.T.);
#579=FACE_BOUND('',#1730,.T.);
#580=FACE_BOUND('',#1731,.T.);
#581=FACE_BOUND('',#1732,.T.);
#582=FACE_BOUND('',#1733,.T.);
#583=FACE_BOUND('',#1734,.T.);
#584=FACE_BOUND('',#1735,.T.);
#585=FACE_BOUND('',#1736,.T.);
#586=FACE_BOUND('',#1737,.T.);
#587=FACE_BOUND('',#1738,.T.);
#588=FACE_BOUND('',#1739,.T.);
#589=FACE_BOUND('',#1740,.T.);
#590=FACE_BOUND('',#1741,.T.);
#591=FACE_BOUND('',#1742,.T.);
#592=FACE_BOUND('',#1743,.T.);
#593=FACE_BOUND('',#1755,.T.);
#594=FACE_BOUND('',#1756,.T.);
#595=FACE_BOUND('',#1757,.T.);
#596=FACE_BOUND('',#1758,.T.);
#597=FACE_BOUND('',#1759,.T.);
#598=FACE_BOUND('',#1760,.T.);
#599=FACE_BOUND('',#1761,.T.);
#600=FACE_BOUND('',#1762,.T.);
#601=FACE_BOUND('',#1814,.T.);
#602=FACE_BOUND('',#1815,.T.);
#603=FACE_BOUND('',#1816,.T.);
#604=FACE_BOUND('',#1817,.T.);
#605=FACE_BOUND('',#1818,.T.);
#606=FACE_BOUND('',#1819,.T.);
#607=FACE_BOUND('',#1820,.T.);
#608=FACE_BOUND('',#1821,.T.);
#609=FACE_BOUND('',#1822,.T.);
#610=FACE_BOUND('',#1823,.T.);
#611=FACE_BOUND('',#1824,.T.);
#612=FACE_BOUND('',#1825,.T.);
#613=FACE_BOUND('',#1826,.T.);
#614=FACE_BOUND('',#1827,.T.);
#615=FACE_BOUND('',#1828,.T.);
#616=FACE_BOUND('',#1829,.T.);
#617=FACE_BOUND('',#1830,.T.);
#618=FACE_BOUND('',#1831,.T.);
#619=FACE_BOUND('',#1832,.T.);
#620=FACE_BOUND('',#1833,.T.);
#621=FACE_BOUND('',#1834,.T.);
#622=FACE_BOUND('',#1835,.T.);
#623=FACE_BOUND('',#1836,.T.);
#624=FACE_BOUND('',#1837,.T.);
#625=FACE_BOUND('',#1838,.T.);
#626=FACE_BOUND('',#1839,.T.);
#627=FACE_BOUND('',#1840,.T.);
#628=FACE_BOUND('',#1841,.T.);
#629=FACE_BOUND('',#1842,.T.);
#630=FACE_BOUND('',#1843,.T.);
#631=FACE_BOUND('',#1844,.T.);
#632=FACE_BOUND('',#1845,.T.);
#633=FACE_BOUND('',#1846,.T.);
#634=FACE_BOUND('',#1847,.T.);
#635=FACE_BOUND('',#1849,.T.);
#636=FACE_BOUND('',#1850,.T.);
#637=FACE_BOUND('',#1851,.T.);
#638=FACE_BOUND('',#1852,.T.);
#639=FACE_BOUND('',#1853,.T.);
#640=FACE_BOUND('',#1854,.T.);
#641=FACE_BOUND('',#1855,.T.);
#642=FACE_BOUND('',#1856,.T.);
#643=FACE_BOUND('',#1857,.T.);
#644=FACE_BOUND('',#1858,.T.);
#645=FACE_BOUND('',#1859,.T.);
#646=FACE_BOUND('',#1860,.T.);
#647=FACE_BOUND('',#1861,.T.);
#648=FACE_BOUND('',#1862,.T.);
#649=FACE_BOUND('',#1863,.T.);
#650=FACE_BOUND('',#1864,.T.);
#651=FACE_BOUND('',#1865,.T.);
#652=FACE_BOUND('',#1866,.T.);
#653=FACE_BOUND('',#1867,.T.);
#654=FACE_BOUND('',#1868,.T.);
#655=FACE_BOUND('',#1869,.T.);
#656=FACE_BOUND('',#1870,.T.);
#657=FACE_BOUND('',#1871,.T.);
#658=FACE_BOUND('',#1872,.T.);
#659=FACE_BOUND('',#1873,.T.);
#660=FACE_BOUND('',#1874,.T.);
#661=FACE_BOUND('',#1875,.T.);
#662=FACE_BOUND('',#1876,.T.);
#663=FACE_BOUND('',#1877,.T.);
#664=FACE_BOUND('',#1878,.T.);
#665=FACE_BOUND('',#1879,.T.);
#666=FACE_BOUND('',#1880,.T.);
#667=FACE_BOUND('',#1881,.T.);
#668=FACE_BOUND('',#1882,.T.);
#669=PLANE('',#8775);
#670=PLANE('',#8783);
#671=PLANE('',#8788);
#672=PLANE('',#8791);
#673=PLANE('',#8792);
#674=PLANE('',#8793);
#675=PLANE('',#8794);
#676=PLANE('',#8795);
#677=PLANE('',#8796);
#678=PLANE('',#8809);
#679=PLANE('',#8810);
#680=PLANE('',#8811);
#681=PLANE('',#8812);
#682=PLANE('',#8813);
#683=PLANE('',#8816);
#684=PLANE('',#8819);
#685=PLANE('',#8822);
#686=PLANE('',#8825);
#687=PLANE('',#8827);
#688=PLANE('',#8828);
#689=PLANE('',#8829);
#690=PLANE('',#8830);
#691=PLANE('',#8831);
#692=PLANE('',#8832);
#693=PLANE('',#8833);
#694=PLANE('',#8834);
#695=PLANE('',#8835);
#696=PLANE('',#8836);
#697=PLANE('',#8837);
#698=PLANE('',#8838);
#699=PLANE('',#8839);
#700=PLANE('',#8840);
#701=PLANE('',#8841);
#702=PLANE('',#8842);
#703=PLANE('',#8843);
#704=PLANE('',#8844);
#705=PLANE('',#8845);
#706=PLANE('',#8846);
#707=PLANE('',#8847);
#708=PLANE('',#8848);
#709=PLANE('',#8849);
#710=PLANE('',#8850);
#711=PLANE('',#8851);
#712=PLANE('',#8852);
#713=PLANE('',#8853);
#714=PLANE('',#8854);
#715=PLANE('',#8855);
#716=PLANE('',#8856);
#717=PLANE('',#8857);
#718=PLANE('',#8858);
#719=PLANE('',#8859);
#720=PLANE('',#8860);
#721=PLANE('',#8861);
#722=PLANE('',#8862);
#723=PLANE('',#8863);
#724=PLANE('',#8864);
#725=PLANE('',#8865);
#726=PLANE('',#8866);
#727=PLANE('',#8867);
#728=PLANE('',#8868);
#729=PLANE('',#8869);
#730=PLANE('',#8870);
#731=PLANE('',#8871);
#732=PLANE('',#8872);
#733=PLANE('',#8873);
#734=PLANE('',#8874);
#735=PLANE('',#8875);
#736=PLANE('',#8876);
#737=PLANE('',#8877);
#738=PLANE('',#8878);
#739=PLANE('',#8879);
#740=PLANE('',#8880);
#741=PLANE('',#8881);
#742=PLANE('',#8882);
#743=PLANE('',#8883);
#744=PLANE('',#8884);
#745=PLANE('',#8885);
#746=PLANE('',#8886);
#747=PLANE('',#8887);
#748=PLANE('',#8888);
#749=PLANE('',#8889);
#750=PLANE('',#8890);
#751=PLANE('',#8891);
#752=PLANE('',#8892);
#753=PLANE('',#8893);
#754=PLANE('',#8894);
#755=PLANE('',#8895);
#756=PLANE('',#8896);
#757=PLANE('',#8897);
#758=PLANE('',#8898);
#759=PLANE('',#8899);
#760=PLANE('',#8900);
#761=PLANE('',#8901);
#762=PLANE('',#8902);
#763=PLANE('',#8903);
#764=PLANE('',#8904);
#765=PLANE('',#8905);
#766=PLANE('',#8906);
#767=PLANE('',#8907);
#768=PLANE('',#8908);
#769=PLANE('',#8909);
#770=PLANE('',#8910);
#771=PLANE('',#8911);
#772=PLANE('',#8912);
#773=PLANE('',#8913);
#774=PLANE('',#8914);
#775=PLANE('',#8915);
#776=PLANE('',#8916);
#777=PLANE('',#8917);
#778=PLANE('',#8918);
#779=PLANE('',#8919);
#780=PLANE('',#8920);
#781=PLANE('',#8921);
#782=PLANE('',#8922);
#783=PLANE('',#8923);
#784=PLANE('',#8924);
#785=PLANE('',#8925);
#786=PLANE('',#8926);
#787=PLANE('',#8927);
#788=PLANE('',#8928);
#789=PLANE('',#8929);
#790=PLANE('',#8930);
#791=PLANE('',#8931);
#792=PLANE('',#8932);
#793=PLANE('',#8933);
#794=PLANE('',#8934);
#795=PLANE('',#8935);
#796=PLANE('',#8936);
#797=PLANE('',#8937);
#798=PLANE('',#8938);
#799=PLANE('',#8939);
#800=PLANE('',#8940);
#801=PLANE('',#8941);
#802=PLANE('',#8942);
#803=PLANE('',#8943);
#804=PLANE('',#8944);
#805=PLANE('',#8945);
#806=PLANE('',#8946);
#807=PLANE('',#8947);
#808=PLANE('',#8948);
#809=PLANE('',#8949);
#810=PLANE('',#8950);
#811=PLANE('',#8951);
#812=PLANE('',#8952);
#813=PLANE('',#8953);
#814=PLANE('',#8954);
#815=PLANE('',#8955);
#816=PLANE('',#8956);
#817=PLANE('',#8957);
#818=PLANE('',#8958);
#819=PLANE('',#8959);
#820=PLANE('',#8960);
#821=PLANE('',#8961);
#822=PLANE('',#8962);
#823=PLANE('',#8963);
#824=PLANE('',#8964);
#825=PLANE('',#8965);
#826=PLANE('',#8966);
#827=PLANE('',#8967);
#828=PLANE('',#8968);
#829=PLANE('',#8969);
#830=PLANE('',#8970);
#831=PLANE('',#8971);
#832=PLANE('',#8972);
#833=PLANE('',#8973);
#834=PLANE('',#8974);
#835=PLANE('',#8975);
#836=PLANE('',#8976);
#837=PLANE('',#8977);
#838=PLANE('',#8978);
#839=PLANE('',#8979);
#840=PLANE('',#8980);
#841=PLANE('',#8981);
#842=PLANE('',#8982);
#843=PLANE('',#8983);
#844=PLANE('',#8984);
#845=PLANE('',#9009);
#846=PLANE('',#9010);
#847=PLANE('',#9011);
#848=PLANE('',#9012);
#849=PLANE('',#9013);
#850=PLANE('',#9014);
#851=PLANE('',#9015);
#852=PLANE('',#9016);
#853=PLANE('',#9019);
#854=PLANE('',#9020);
#855=PLANE('',#9045);
#856=PLANE('',#9048);
#857=PLANE('',#9050);
#858=PLANE('',#9052);
#859=PLANE('',#9054);
#860=PLANE('',#9057);
#861=PLANE('',#9059);
#862=PLANE('',#9061);
#863=PLANE('',#9063);
#864=PLANE('',#9066);
#865=PLANE('',#9068);
#866=PLANE('',#9070);
#867=PLANE('',#9072);
#868=PLANE('',#9074);
#869=PLANE('',#9076);
#870=PLANE('',#9078);
#871=PLANE('',#9080);
#872=PLANE('',#9084);
#873=PLANE('',#9085);
#874=PLANE('',#9086);
#875=PLANE('',#9087);
#876=PLANE('',#9088);
#877=PLANE('',#9089);
#878=PLANE('',#9090);
#879=PLANE('',#9093);
#880=PLANE('',#9094);
#881=PLANE('',#9095);
#882=PLANE('',#9096);
#883=PLANE('',#9131);
#884=PLANE('',#9166);
#885=FACE_OUTER_BOUND('',#1340,.T.);
#886=FACE_OUTER_BOUND('',#1341,.T.);
#887=FACE_OUTER_BOUND('',#1346,.T.);
#888=FACE_OUTER_BOUND('',#1347,.T.);
#889=FACE_OUTER_BOUND('',#1348,.T.);
#890=FACE_OUTER_BOUND('',#1349,.T.);
#891=FACE_OUTER_BOUND('',#1350,.T.);
#892=FACE_OUTER_BOUND('',#1351,.T.);
#893=FACE_OUTER_BOUND('',#1352,.T.);
#894=FACE_OUTER_BOUND('',#1353,.T.);
#895=FACE_OUTER_BOUND('',#1354,.T.);
#896=FACE_OUTER_BOUND('',#1355,.T.);
#897=FACE_OUTER_BOUND('',#1356,.T.);
#898=FACE_OUTER_BOUND('',#1357,.T.);
#899=FACE_OUTER_BOUND('',#1358,.T.);
#900=FACE_OUTER_BOUND('',#1359,.T.);
#901=FACE_OUTER_BOUND('',#1360,.T.);
#902=FACE_OUTER_BOUND('',#1361,.T.);
#903=FACE_OUTER_BOUND('',#1362,.T.);
#904=FACE_OUTER_BOUND('',#1363,.T.);
#905=FACE_OUTER_BOUND('',#1364,.T.);
#906=FACE_OUTER_BOUND('',#1365,.T.);
#907=FACE_OUTER_BOUND('',#1370,.T.);
#908=FACE_OUTER_BOUND('',#1371,.T.);
#909=FACE_OUTER_BOUND('',#1373,.T.);
#910=FACE_OUTER_BOUND('',#1374,.T.);
#911=FACE_OUTER_BOUND('',#1376,.T.);
#912=FACE_OUTER_BOUND('',#1377,.T.);
#913=FACE_OUTER_BOUND('',#1379,.T.);
#914=FACE_OUTER_BOUND('',#1380,.T.);
#915=FACE_OUTER_BOUND('',#1382,.T.);
#916=FACE_OUTER_BOUND('',#1383,.T.);
#917=FACE_OUTER_BOUND('',#1384,.T.);
#918=FACE_OUTER_BOUND('',#1385,.T.);
#919=FACE_OUTER_BOUND('',#1386,.T.);
#920=FACE_OUTER_BOUND('',#1387,.T.);
#921=FACE_OUTER_BOUND('',#1388,.T.);
#922=FACE_OUTER_BOUND('',#1389,.T.);
#923=FACE_OUTER_BOUND('',#1390,.T.);
#924=FACE_OUTER_BOUND('',#1391,.T.);
#925=FACE_OUTER_BOUND('',#1392,.T.);
#926=FACE_OUTER_BOUND('',#1393,.T.);
#927=FACE_OUTER_BOUND('',#1394,.T.);
#928=FACE_OUTER_BOUND('',#1395,.T.);
#929=FACE_OUTER_BOUND('',#1396,.T.);
#930=FACE_OUTER_BOUND('',#1397,.T.);
#931=FACE_OUTER_BOUND('',#1398,.T.);
#932=FACE_OUTER_BOUND('',#1399,.T.);
#933=FACE_OUTER_BOUND('',#1400,.T.);
#934=FACE_OUTER_BOUND('',#1401,.T.);
#935=FACE_OUTER_BOUND('',#1402,.T.);
#936=FACE_OUTER_BOUND('',#1403,.T.);
#937=FACE_OUTER_BOUND('',#1404,.T.);
#938=FACE_OUTER_BOUND('',#1405,.T.);
#939=FACE_OUTER_BOUND('',#1406,.T.);
#940=FACE_OUTER_BOUND('',#1407,.T.);
#941=FACE_OUTER_BOUND('',#1408,.T.);
#942=FACE_OUTER_BOUND('',#1409,.T.);
#943=FACE_OUTER_BOUND('',#1410,.T.);
#944=FACE_OUTER_BOUND('',#1411,.T.);
#945=FACE_OUTER_BOUND('',#1412,.T.);
#946=FACE_OUTER_BOUND('',#1413,.T.);
#947=FACE_OUTER_BOUND('',#1414,.T.);
#948=FACE_OUTER_BOUND('',#1415,.T.);
#949=FACE_OUTER_BOUND('',#1416,.T.);
#950=FACE_OUTER_BOUND('',#1417,.T.);
#951=FACE_OUTER_BOUND('',#1418,.T.);
#952=FACE_OUTER_BOUND('',#1419,.T.);
#953=FACE_OUTER_BOUND('',#1420,.T.);
#954=FACE_OUTER_BOUND('',#1421,.T.);
#955=FACE_OUTER_BOUND('',#1422,.T.);
#956=FACE_OUTER_BOUND('',#1423,.T.);
#957=FACE_OUTER_BOUND('',#1424,.T.);
#958=FACE_OUTER_BOUND('',#1425,.T.);
#959=FACE_OUTER_BOUND('',#1426,.T.);
#960=FACE_OUTER_BOUND('',#1427,.T.);
#961=FACE_OUTER_BOUND('',#1428,.T.);
#962=FACE_OUTER_BOUND('',#1429,.T.);
#963=FACE_OUTER_BOUND('',#1430,.T.);
#964=FACE_OUTER_BOUND('',#1431,.T.);
#965=FACE_OUTER_BOUND('',#1432,.T.);
#966=FACE_OUTER_BOUND('',#1433,.T.);
#967=FACE_OUTER_BOUND('',#1434,.T.);
#968=FACE_OUTER_BOUND('',#1435,.T.);
#969=FACE_OUTER_BOUND('',#1436,.T.);
#970=FACE_OUTER_BOUND('',#1437,.T.);
#971=FACE_OUTER_BOUND('',#1438,.T.);
#972=FACE_OUTER_BOUND('',#1439,.T.);
#973=FACE_OUTER_BOUND('',#1442,.T.);
#974=FACE_OUTER_BOUND('',#1443,.T.);
#975=FACE_OUTER_BOUND('',#1444,.T.);
#976=FACE_OUTER_BOUND('',#1445,.T.);
#977=FACE_OUTER_BOUND('',#1446,.T.);
#978=FACE_OUTER_BOUND('',#1447,.T.);
#979=FACE_OUTER_BOUND('',#1448,.T.);
#980=FACE_OUTER_BOUND('',#1449,.T.);
#981=FACE_OUTER_BOUND('',#1450,.T.);
#982=FACE_OUTER_BOUND('',#1451,.T.);
#983=FACE_OUTER_BOUND('',#1452,.T.);
#984=FACE_OUTER_BOUND('',#1453,.T.);
#985=FACE_OUTER_BOUND('',#1454,.T.);
#986=FACE_OUTER_BOUND('',#1455,.T.);
#987=FACE_OUTER_BOUND('',#1457,.T.);
#988=FACE_OUTER_BOUND('',#1458,.T.);
#989=FACE_OUTER_BOUND('',#1459,.T.);
#990=FACE_OUTER_BOUND('',#1460,.T.);
#991=FACE_OUTER_BOUND('',#1461,.T.);
#992=FACE_OUTER_BOUND('',#1462,.T.);
#993=FACE_OUTER_BOUND('',#1463,.T.);
#994=FACE_OUTER_BOUND('',#1464,.T.);
#995=FACE_OUTER_BOUND('',#1465,.T.);
#996=FACE_OUTER_BOUND('',#1466,.T.);
#997=FACE_OUTER_BOUND('',#1467,.T.);
#998=FACE_OUTER_BOUND('',#1468,.T.);
#999=FACE_OUTER_BOUND('',#1469,.T.);
#1000=FACE_OUTER_BOUND('',#1470,.T.);
#1001=FACE_OUTER_BOUND('',#1471,.T.);
#1002=FACE_OUTER_BOUND('',#1472,.T.);
#1003=FACE_OUTER_BOUND('',#1473,.T.);
#1004=FACE_OUTER_BOUND('',#1474,.T.);
#1005=FACE_OUTER_BOUND('',#1475,.T.);
#1006=FACE_OUTER_BOUND('',#1476,.T.);
#1007=FACE_OUTER_BOUND('',#1477,.T.);
#1008=FACE_OUTER_BOUND('',#1478,.T.);
#1009=FACE_OUTER_BOUND('',#1479,.T.);
#1010=FACE_OUTER_BOUND('',#1480,.T.);
#1011=FACE_OUTER_BOUND('',#1481,.T.);
#1012=FACE_OUTER_BOUND('',#1482,.T.);
#1013=FACE_OUTER_BOUND('',#1483,.T.);
#1014=FACE_OUTER_BOUND('',#1484,.T.);
#1015=FACE_OUTER_BOUND('',#1485,.T.);
#1016=FACE_OUTER_BOUND('',#1486,.T.);
#1017=FACE_OUTER_BOUND('',#1487,.T.);
#1018=FACE_OUTER_BOUND('',#1488,.T.);
#1019=FACE_OUTER_BOUND('',#1489,.T.);
#1020=FACE_OUTER_BOUND('',#1490,.T.);
#1021=FACE_OUTER_BOUND('',#1491,.T.);
#1022=FACE_OUTER_BOUND('',#1492,.T.);
#1023=FACE_OUTER_BOUND('',#1493,.T.);
#1024=FACE_OUTER_BOUND('',#1494,.T.);
#1025=FACE_OUTER_BOUND('',#1495,.T.);
#1026=FACE_OUTER_BOUND('',#1496,.T.);
#1027=FACE_OUTER_BOUND('',#1497,.T.);
#1028=FACE_OUTER_BOUND('',#1498,.T.);
#1029=FACE_OUTER_BOUND('',#1499,.T.);
#1030=FACE_OUTER_BOUND('',#1500,.T.);
#1031=FACE_OUTER_BOUND('',#1501,.T.);
#1032=FACE_OUTER_BOUND('',#1502,.T.);
#1033=FACE_OUTER_BOUND('',#1503,.T.);
#1034=FACE_OUTER_BOUND('',#1504,.T.);
#1035=FACE_OUTER_BOUND('',#1505,.T.);
#1036=FACE_OUTER_BOUND('',#1506,.T.);
#1037=FACE_OUTER_BOUND('',#1507,.T.);
#1038=FACE_OUTER_BOUND('',#1509,.T.);
#1039=FACE_OUTER_BOUND('',#1510,.T.);
#1040=FACE_OUTER_BOUND('',#1511,.T.);
#1041=FACE_OUTER_BOUND('',#1512,.T.);
#1042=FACE_OUTER_BOUND('',#1513,.T.);
#1043=FACE_OUTER_BOUND('',#1514,.T.);
#1044=FACE_OUTER_BOUND('',#1515,.T.);
#1045=FACE_OUTER_BOUND('',#1516,.T.);
#1046=FACE_OUTER_BOUND('',#1517,.T.);
#1047=FACE_OUTER_BOUND('',#1518,.T.);
#1048=FACE_OUTER_BOUND('',#1519,.T.);
#1049=FACE_OUTER_BOUND('',#1520,.T.);
#1050=FACE_OUTER_BOUND('',#1521,.T.);
#1051=FACE_OUTER_BOUND('',#1522,.T.);
#1052=FACE_OUTER_BOUND('',#1523,.T.);
#1053=FACE_OUTER_BOUND('',#1524,.T.);
#1054=FACE_OUTER_BOUND('',#1525,.T.);
#1055=FACE_OUTER_BOUND('',#1526,.T.);
#1056=FACE_OUTER_BOUND('',#1527,.T.);
#1057=FACE_OUTER_BOUND('',#1528,.T.);
#1058=FACE_OUTER_BOUND('',#1529,.T.);
#1059=FACE_OUTER_BOUND('',#1530,.T.);
#1060=FACE_OUTER_BOUND('',#1531,.T.);
#1061=FACE_OUTER_BOUND('',#1532,.T.);
#1062=FACE_OUTER_BOUND('',#1533,.T.);
#1063=FACE_OUTER_BOUND('',#1534,.T.);
#1064=FACE_OUTER_BOUND('',#1535,.T.);
#1065=FACE_OUTER_BOUND('',#1536,.T.);
#1066=FACE_OUTER_BOUND('',#1537,.T.);
#1067=FACE_OUTER_BOUND('',#1539,.T.);
#1068=FACE_OUTER_BOUND('',#1540,.T.);
#1069=FACE_OUTER_BOUND('',#1541,.T.);
#1070=FACE_OUTER_BOUND('',#1542,.T.);
#1071=FACE_OUTER_BOUND('',#1543,.T.);
#1072=FACE_OUTER_BOUND('',#1544,.T.);
#1073=FACE_OUTER_BOUND('',#1545,.T.);
#1074=FACE_OUTER_BOUND('',#1546,.T.);
#1075=FACE_OUTER_BOUND('',#1547,.T.);
#1076=FACE_OUTER_BOUND('',#1548,.T.);
#1077=FACE_OUTER_BOUND('',#1549,.T.);
#1078=FACE_OUTER_BOUND('',#1550,.T.);
#1079=FACE_OUTER_BOUND('',#1551,.T.);
#1080=FACE_OUTER_BOUND('',#1552,.T.);
#1081=FACE_OUTER_BOUND('',#1553,.T.);
#1082=FACE_OUTER_BOUND('',#1554,.T.);
#1083=FACE_OUTER_BOUND('',#1555,.T.);
#1084=FACE_OUTER_BOUND('',#1556,.T.);
#1085=FACE_OUTER_BOUND('',#1557,.T.);
#1086=FACE_OUTER_BOUND('',#1558,.T.);
#1087=FACE_OUTER_BOUND('',#1559,.T.);
#1088=FACE_OUTER_BOUND('',#1560,.T.);
#1089=FACE_OUTER_BOUND('',#1561,.T.);
#1090=FACE_OUTER_BOUND('',#1562,.T.);
#1091=FACE_OUTER_BOUND('',#1563,.T.);
#1092=FACE_OUTER_BOUND('',#1564,.T.);
#1093=FACE_OUTER_BOUND('',#1565,.T.);
#1094=FACE_OUTER_BOUND('',#1566,.T.);
#1095=FACE_OUTER_BOUND('',#1567,.T.);
#1096=FACE_OUTER_BOUND('',#1568,.T.);
#1097=FACE_OUTER_BOUND('',#1569,.T.);
#1098=FACE_OUTER_BOUND('',#1570,.T.);
#1099=FACE_OUTER_BOUND('',#1571,.T.);
#1100=FACE_OUTER_BOUND('',#1572,.T.);
#1101=FACE_OUTER_BOUND('',#1573,.T.);
#1102=FACE_OUTER_BOUND('',#1574,.T.);
#1103=FACE_OUTER_BOUND('',#1575,.T.);
#1104=FACE_OUTER_BOUND('',#1576,.T.);
#1105=FACE_OUTER_BOUND('',#1577,.T.);
#1106=FACE_OUTER_BOUND('',#1578,.T.);
#1107=FACE_OUTER_BOUND('',#1579,.T.);
#1108=FACE_OUTER_BOUND('',#1580,.T.);
#1109=FACE_OUTER_BOUND('',#1581,.T.);
#1110=FACE_OUTER_BOUND('',#1582,.T.);
#1111=FACE_OUTER_BOUND('',#1583,.T.);
#1112=FACE_OUTER_BOUND('',#1584,.T.);
#1113=FACE_OUTER_BOUND('',#1585,.T.);
#1114=FACE_OUTER_BOUND('',#1586,.T.);
#1115=FACE_OUTER_BOUND('',#1587,.T.);
#1116=FACE_OUTER_BOUND('',#1588,.T.);
#1117=FACE_OUTER_BOUND('',#1589,.T.);
#1118=FACE_OUTER_BOUND('',#1590,.T.);
#1119=FACE_OUTER_BOUND('',#1591,.T.);
#1120=FACE_OUTER_BOUND('',#1592,.T.);
#1121=FACE_OUTER_BOUND('',#1593,.T.);
#1122=FACE_OUTER_BOUND('',#1594,.T.);
#1123=FACE_OUTER_BOUND('',#1595,.T.);
#1124=FACE_OUTER_BOUND('',#1596,.T.);
#1125=FACE_OUTER_BOUND('',#1597,.T.);
#1126=FACE_OUTER_BOUND('',#1598,.T.);
#1127=FACE_OUTER_BOUND('',#1599,.T.);
#1128=FACE_OUTER_BOUND('',#1600,.T.);
#1129=FACE_OUTER_BOUND('',#1602,.T.);
#1130=FACE_OUTER_BOUND('',#1603,.T.);
#1131=FACE_OUTER_BOUND('',#1604,.T.);
#1132=FACE_OUTER_BOUND('',#1605,.T.);
#1133=FACE_OUTER_BOUND('',#1606,.T.);
#1134=FACE_OUTER_BOUND('',#1607,.T.);
#1135=FACE_OUTER_BOUND('',#1608,.T.);
#1136=FACE_OUTER_BOUND('',#1609,.T.);
#1137=FACE_OUTER_BOUND('',#1610,.T.);
#1138=FACE_OUTER_BOUND('',#1611,.T.);
#1139=FACE_OUTER_BOUND('',#1612,.T.);
#1140=FACE_OUTER_BOUND('',#1613,.T.);
#1141=FACE_OUTER_BOUND('',#1614,.T.);
#1142=FACE_OUTER_BOUND('',#1615,.T.);
#1143=FACE_OUTER_BOUND('',#1616,.T.);
#1144=FACE_OUTER_BOUND('',#1617,.T.);
#1145=FACE_OUTER_BOUND('',#1618,.T.);
#1146=FACE_OUTER_BOUND('',#1619,.T.);
#1147=FACE_OUTER_BOUND('',#1620,.T.);
#1148=FACE_OUTER_BOUND('',#1621,.T.);
#1149=FACE_OUTER_BOUND('',#1622,.T.);
#1150=FACE_OUTER_BOUND('',#1623,.T.);
#1151=FACE_OUTER_BOUND('',#1624,.T.);
#1152=FACE_OUTER_BOUND('',#1625,.T.);
#1153=FACE_OUTER_BOUND('',#1626,.T.);
#1154=FACE_OUTER_BOUND('',#1627,.T.);
#1155=FACE_OUTER_BOUND('',#1628,.T.);
#1156=FACE_OUTER_BOUND('',#1629,.T.);
#1157=FACE_OUTER_BOUND('',#1631,.T.);
#1158=FACE_OUTER_BOUND('',#1632,.T.);
#1159=FACE_OUTER_BOUND('',#1633,.T.);
#1160=FACE_OUTER_BOUND('',#1634,.T.);
#1161=FACE_OUTER_BOUND('',#1635,.T.);
#1162=FACE_OUTER_BOUND('',#1636,.T.);
#1163=FACE_OUTER_BOUND('',#1637,.T.);
#1164=FACE_OUTER_BOUND('',#1638,.T.);
#1165=FACE_OUTER_BOUND('',#1639,.T.);
#1166=FACE_OUTER_BOUND('',#1640,.T.);
#1167=FACE_OUTER_BOUND('',#1641,.T.);
#1168=FACE_OUTER_BOUND('',#1642,.T.);
#1169=FACE_OUTER_BOUND('',#1643,.T.);
#1170=FACE_OUTER_BOUND('',#1644,.T.);
#1171=FACE_OUTER_BOUND('',#1645,.T.);
#1172=FACE_OUTER_BOUND('',#1646,.T.);
#1173=FACE_OUTER_BOUND('',#1647,.T.);
#1174=FACE_OUTER_BOUND('',#1648,.T.);
#1175=FACE_OUTER_BOUND('',#1649,.T.);
#1176=FACE_OUTER_BOUND('',#1650,.T.);
#1177=FACE_OUTER_BOUND('',#1651,.T.);
#1178=FACE_OUTER_BOUND('',#1653,.T.);
#1179=FACE_OUTER_BOUND('',#1654,.T.);
#1180=FACE_OUTER_BOUND('',#1655,.T.);
#1181=FACE_OUTER_BOUND('',#1656,.T.);
#1182=FACE_OUTER_BOUND('',#1657,.T.);
#1183=FACE_OUTER_BOUND('',#1658,.T.);
#1184=FACE_OUTER_BOUND('',#1659,.T.);
#1185=FACE_OUTER_BOUND('',#1660,.T.);
#1186=FACE_OUTER_BOUND('',#1661,.T.);
#1187=FACE_OUTER_BOUND('',#1662,.T.);
#1188=FACE_OUTER_BOUND('',#1663,.T.);
#1189=FACE_OUTER_BOUND('',#1664,.T.);
#1190=FACE_OUTER_BOUND('',#1665,.T.);
#1191=FACE_OUTER_BOUND('',#1666,.T.);
#1192=FACE_OUTER_BOUND('',#1667,.T.);
#1193=FACE_OUTER_BOUND('',#1668,.T.);
#1194=FACE_OUTER_BOUND('',#1669,.T.);
#1195=FACE_OUTER_BOUND('',#1670,.T.);
#1196=FACE_OUTER_BOUND('',#1671,.T.);
#1197=FACE_OUTER_BOUND('',#1672,.T.);
#1198=FACE_OUTER_BOUND('',#1673,.T.);
#1199=FACE_OUTER_BOUND('',#1674,.T.);
#1200=FACE_OUTER_BOUND('',#1675,.T.);
#1201=FACE_OUTER_BOUND('',#1676,.T.);
#1202=FACE_OUTER_BOUND('',#1677,.T.);
#1203=FACE_OUTER_BOUND('',#1678,.T.);
#1204=FACE_OUTER_BOUND('',#1679,.T.);
#1205=FACE_OUTER_BOUND('',#1680,.T.);
#1206=FACE_OUTER_BOUND('',#1681,.T.);
#1207=FACE_OUTER_BOUND('',#1682,.T.);
#1208=FACE_OUTER_BOUND('',#1683,.T.);
#1209=FACE_OUTER_BOUND('',#1684,.T.);
#1210=FACE_OUTER_BOUND('',#1685,.T.);
#1211=FACE_OUTER_BOUND('',#1686,.T.);
#1212=FACE_OUTER_BOUND('',#1687,.T.);
#1213=FACE_OUTER_BOUND('',#1688,.T.);
#1214=FACE_OUTER_BOUND('',#1689,.T.);
#1215=FACE_OUTER_BOUND('',#1690,.T.);
#1216=FACE_OUTER_BOUND('',#1691,.T.);
#1217=FACE_OUTER_BOUND('',#1692,.T.);
#1218=FACE_OUTER_BOUND('',#1693,.T.);
#1219=FACE_OUTER_BOUND('',#1694,.T.);
#1220=FACE_OUTER_BOUND('',#1695,.T.);
#1221=FACE_OUTER_BOUND('',#1696,.T.);
#1222=FACE_OUTER_BOUND('',#1697,.T.);
#1223=FACE_OUTER_BOUND('',#1698,.T.);
#1224=FACE_OUTER_BOUND('',#1699,.T.);
#1225=FACE_OUTER_BOUND('',#1700,.T.);
#1226=FACE_OUTER_BOUND('',#1701,.T.);
#1227=FACE_OUTER_BOUND('',#1702,.T.);
#1228=FACE_OUTER_BOUND('',#1704,.T.);
#1229=FACE_OUTER_BOUND('',#1705,.T.);
#1230=FACE_OUTER_BOUND('',#1706,.T.);
#1231=FACE_OUTER_BOUND('',#1707,.T.);
#1232=FACE_OUTER_BOUND('',#1708,.T.);
#1233=FACE_OUTER_BOUND('',#1709,.T.);
#1234=FACE_OUTER_BOUND('',#1710,.T.);
#1235=FACE_OUTER_BOUND('',#1711,.T.);
#1236=FACE_OUTER_BOUND('',#1712,.T.);
#1237=FACE_OUTER_BOUND('',#1713,.T.);
#1238=FACE_OUTER_BOUND('',#1714,.T.);
#1239=FACE_OUTER_BOUND('',#1715,.T.);
#1240=FACE_OUTER_BOUND('',#1716,.T.);
#1241=FACE_OUTER_BOUND('',#1717,.T.);
#1242=FACE_OUTER_BOUND('',#1744,.T.);
#1243=FACE_OUTER_BOUND('',#1745,.T.);
#1244=FACE_OUTER_BOUND('',#1746,.T.);
#1245=FACE_OUTER_BOUND('',#1747,.T.);
#1246=FACE_OUTER_BOUND('',#1748,.T.);
#1247=FACE_OUTER_BOUND('',#1749,.T.);
#1248=FACE_OUTER_BOUND('',#1750,.T.);
#1249=FACE_OUTER_BOUND('',#1751,.T.);
#1250=FACE_OUTER_BOUND('',#1752,.T.);
#1251=FACE_OUTER_BOUND('',#1753,.T.);
#1252=FACE_OUTER_BOUND('',#1754,.T.);
#1253=FACE_OUTER_BOUND('',#1763,.T.);
#1254=FACE_OUTER_BOUND('',#1764,.T.);
#1255=FACE_OUTER_BOUND('',#1765,.T.);
#1256=FACE_OUTER_BOUND('',#1766,.T.);
#1257=FACE_OUTER_BOUND('',#1767,.T.);
#1258=FACE_OUTER_BOUND('',#1768,.T.);
#1259=FACE_OUTER_BOUND('',#1769,.T.);
#1260=FACE_OUTER_BOUND('',#1770,.T.);
#1261=FACE_OUTER_BOUND('',#1771,.T.);
#1262=FACE_OUTER_BOUND('',#1772,.T.);
#1263=FACE_OUTER_BOUND('',#1773,.T.);
#1264=FACE_OUTER_BOUND('',#1774,.T.);
#1265=FACE_OUTER_BOUND('',#1775,.T.);
#1266=FACE_OUTER_BOUND('',#1776,.T.);
#1267=FACE_OUTER_BOUND('',#1777,.T.);
#1268=FACE_OUTER_BOUND('',#1778,.T.);
#1269=FACE_OUTER_BOUND('',#1779,.T.);
#1270=FACE_OUTER_BOUND('',#1780,.T.);
#1271=FACE_OUTER_BOUND('',#1781,.T.);
#1272=FACE_OUTER_BOUND('',#1782,.T.);
#1273=FACE_OUTER_BOUND('',#1783,.T.);
#1274=FACE_OUTER_BOUND('',#1784,.T.);
#1275=FACE_OUTER_BOUND('',#1785,.T.);
#1276=FACE_OUTER_BOUND('',#1786,.T.);
#1277=FACE_OUTER_BOUND('',#1787,.T.);
#1278=FACE_OUTER_BOUND('',#1788,.T.);
#1279=FACE_OUTER_BOUND('',#1789,.T.);
#1280=FACE_OUTER_BOUND('',#1790,.T.);
#1281=FACE_OUTER_BOUND('',#1791,.T.);
#1282=FACE_OUTER_BOUND('',#1792,.T.);
#1283=FACE_OUTER_BOUND('',#1793,.T.);
#1284=FACE_OUTER_BOUND('',#1794,.T.);
#1285=FACE_OUTER_BOUND('',#1795,.T.);
#1286=FACE_OUTER_BOUND('',#1796,.T.);
#1287=FACE_OUTER_BOUND('',#1797,.T.);
#1288=FACE_OUTER_BOUND('',#1798,.T.);
#1289=FACE_OUTER_BOUND('',#1799,.T.);
#1290=FACE_OUTER_BOUND('',#1800,.T.);
#1291=FACE_OUTER_BOUND('',#1801,.T.);
#1292=FACE_OUTER_BOUND('',#1802,.T.);
#1293=FACE_OUTER_BOUND('',#1803,.T.);
#1294=FACE_OUTER_BOUND('',#1804,.T.);
#1295=FACE_OUTER_BOUND('',#1805,.T.);
#1296=FACE_OUTER_BOUND('',#1806,.T.);
#1297=FACE_OUTER_BOUND('',#1807,.T.);
#1298=FACE_OUTER_BOUND('',#1808,.T.);
#1299=FACE_OUTER_BOUND('',#1809,.T.);
#1300=FACE_OUTER_BOUND('',#1810,.T.);
#1301=FACE_OUTER_BOUND('',#1811,.T.);
#1302=FACE_OUTER_BOUND('',#1812,.T.);
#1303=FACE_OUTER_BOUND('',#1813,.T.);
#1304=FACE_OUTER_BOUND('',#1848,.T.);
#1305=FACE_OUTER_BOUND('',#1883,.T.);
#1306=FACE_OUTER_BOUND('',#1884,.T.);
#1307=FACE_OUTER_BOUND('',#1885,.T.);
#1308=FACE_OUTER_BOUND('',#1886,.T.);
#1309=FACE_OUTER_BOUND('',#1887,.T.);
#1310=FACE_OUTER_BOUND('',#1888,.T.);
#1311=FACE_OUTER_BOUND('',#1889,.T.);
#1312=FACE_OUTER_BOUND('',#1890,.T.);
#1313=FACE_OUTER_BOUND('',#1891,.T.);
#1314=FACE_OUTER_BOUND('',#1892,.T.);
#1315=FACE_OUTER_BOUND('',#1893,.T.);
#1316=FACE_OUTER_BOUND('',#1894,.T.);
#1317=FACE_OUTER_BOUND('',#1895,.T.);
#1318=FACE_OUTER_BOUND('',#1896,.T.);
#1319=FACE_OUTER_BOUND('',#1897,.T.);
#1320=FACE_OUTER_BOUND('',#1898,.T.);
#1321=FACE_OUTER_BOUND('',#1899,.T.);
#1322=FACE_OUTER_BOUND('',#1900,.T.);
#1323=FACE_OUTER_BOUND('',#1901,.T.);
#1324=FACE_OUTER_BOUND('',#1902,.T.);
#1325=FACE_OUTER_BOUND('',#1903,.T.);
#1326=FACE_OUTER_BOUND('',#1904,.T.);
#1327=FACE_OUTER_BOUND('',#1905,.T.);
#1328=FACE_OUTER_BOUND('',#1906,.T.);
#1329=FACE_OUTER_BOUND('',#1907,.T.);
#1330=FACE_OUTER_BOUND('',#1908,.T.);
#1331=FACE_OUTER_BOUND('',#1909,.T.);
#1332=FACE_OUTER_BOUND('',#1910,.T.);
#1333=FACE_OUTER_BOUND('',#1911,.T.);
#1334=FACE_OUTER_BOUND('',#1912,.T.);
#1335=FACE_OUTER_BOUND('',#1913,.T.);
#1336=FACE_OUTER_BOUND('',#1914,.T.);
#1337=FACE_OUTER_BOUND('',#1915,.T.);
#1338=FACE_OUTER_BOUND('',#1916,.T.);
#1339=FACE_OUTER_BOUND('',#1917,.T.);
#1340=EDGE_LOOP('',(#5700,#5701,#5702,#5703));
#1341=EDGE_LOOP('',(#5704,#5705,#5706,#5707,#5708,#5709,#5710,#5711,#5712,
#5713,#5714,#5715,#5716,#5717,#5718,#5719));
#1342=EDGE_LOOP('',(#5720));
#1343=EDGE_LOOP('',(#5721));
#1344=EDGE_LOOP('',(#5722));
#1345=EDGE_LOOP('',(#5723));
#1346=EDGE_LOOP('',(#5724,#5725,#5726,#5727,#5728,#5729,#5730,#5731));
#1347=EDGE_LOOP('',(#5732,#5733,#5734,#5735));
#1348=EDGE_LOOP('',(#5736,#5737,#5738,#5739));
#1349=EDGE_LOOP('',(#5740,#5741,#5742,#5743));
#1350=EDGE_LOOP('',(#5744,#5745,#5746,#5747));
#1351=EDGE_LOOP('',(#5748,#5749,#5750,#5751));
#1352=EDGE_LOOP('',(#5752,#5753,#5754,#5755));
#1353=EDGE_LOOP('',(#5756,#5757,#5758,#5759));
#1354=EDGE_LOOP('',(#5760,#5761,#5762,#5763,#5764,#5765,#5766,#5767));
#1355=EDGE_LOOP('',(#5768,#5769,#5770,#5771));
#1356=EDGE_LOOP('',(#5772,#5773,#5774,#5775));
#1357=EDGE_LOOP('',(#5776,#5777,#5778,#5779));
#1358=EDGE_LOOP('',(#5780,#5781,#5782,#5783));
#1359=EDGE_LOOP('',(#5784,#5785,#5786,#5787));
#1360=EDGE_LOOP('',(#5788,#5789,#5790,#5791));
#1361=EDGE_LOOP('',(#5792,#5793,#5794,#5795));
#1362=EDGE_LOOP('',(#5796,#5797,#5798,#5799));
#1363=EDGE_LOOP('',(#5800,#5801,#5802,#5803));
#1364=EDGE_LOOP('',(#5804,#5805,#5806,#5807));
#1365=EDGE_LOOP('',(#5808,#5809,#5810,#5811,#5812,#5813,#5814,#5815));
#1366=EDGE_LOOP('',(#5816));
#1367=EDGE_LOOP('',(#5817));
#1368=EDGE_LOOP('',(#5818));
#1369=EDGE_LOOP('',(#5819));
#1370=EDGE_LOOP('',(#5820,#5821,#5822,#5823));
#1371=EDGE_LOOP('',(#5824));
#1372=EDGE_LOOP('',(#5825));
#1373=EDGE_LOOP('',(#5826,#5827,#5828,#5829));
#1374=EDGE_LOOP('',(#5830));
#1375=EDGE_LOOP('',(#5831));
#1376=EDGE_LOOP('',(#5832,#5833,#5834,#5835));
#1377=EDGE_LOOP('',(#5836));
#1378=EDGE_LOOP('',(#5837));
#1379=EDGE_LOOP('',(#5838,#5839,#5840,#5841));
#1380=EDGE_LOOP('',(#5842));
#1381=EDGE_LOOP('',(#5843));
#1382=EDGE_LOOP('',(#5844,#5845,#5846,#5847));
#1383=EDGE_LOOP('',(#5848,#5849,#5850,#5851));
#1384=EDGE_LOOP('',(#5852,#5853,#5854,#5855));
#1385=EDGE_LOOP('',(#5856,#5857,#5858,#5859));
#1386=EDGE_LOOP('',(#5860,#5861,#5862,#5863));
#1387=EDGE_LOOP('',(#5864,#5865,#5866,#5867));
#1388=EDGE_LOOP('',(#5868,#5869,#5870,#5871));
#1389=EDGE_LOOP('',(#5872,#5873,#5874,#5875));
#1390=EDGE_LOOP('',(#5876,#5877,#5878,#5879));
#1391=EDGE_LOOP('',(#5880,#5881,#5882,#5883));
#1392=EDGE_LOOP('',(#5884,#5885,#5886,#5887));
#1393=EDGE_LOOP('',(#5888,#5889,#5890,#5891));
#1394=EDGE_LOOP('',(#5892,#5893,#5894,#5895,#5896,#5897,#5898,#5899,#5900,
#5901,#5902,#5903));
#1395=EDGE_LOOP('',(#5904,#5905,#5906,#5907));
#1396=EDGE_LOOP('',(#5908,#5909,#5910,#5911));
#1397=EDGE_LOOP('',(#5912,#5913,#5914,#5915));
#1398=EDGE_LOOP('',(#5916,#5917,#5918,#5919));
#1399=EDGE_LOOP('',(#5920,#5921,#5922,#5923));
#1400=EDGE_LOOP('',(#5924,#5925,#5926,#5927));
#1401=EDGE_LOOP('',(#5928,#5929,#5930,#5931));
#1402=EDGE_LOOP('',(#5932,#5933,#5934,#5935));
#1403=EDGE_LOOP('',(#5936,#5937,#5938,#5939));
#1404=EDGE_LOOP('',(#5940,#5941,#5942,#5943));
#1405=EDGE_LOOP('',(#5944,#5945,#5946,#5947,#5948,#5949,#5950,#5951,#5952,
#5953));
#1406=EDGE_LOOP('',(#5954,#5955,#5956,#5957));
#1407=EDGE_LOOP('',(#5958,#5959,#5960,#5961));
#1408=EDGE_LOOP('',(#5962,#5963,#5964,#5965));
#1409=EDGE_LOOP('',(#5966,#5967,#5968,#5969));
#1410=EDGE_LOOP('',(#5970,#5971,#5972,#5973));
#1411=EDGE_LOOP('',(#5974,#5975,#5976,#5977));
#1412=EDGE_LOOP('',(#5978,#5979,#5980,#5981));
#1413=EDGE_LOOP('',(#5982,#5983,#5984,#5985));
#1414=EDGE_LOOP('',(#5986,#5987,#5988,#5989));
#1415=EDGE_LOOP('',(#5990,#5991,#5992,#5993));
#1416=EDGE_LOOP('',(#5994,#5995,#5996,#5997));
#1417=EDGE_LOOP('',(#5998,#5999,#6000,#6001));
#1418=EDGE_LOOP('',(#6002,#6003,#6004,#6005));
#1419=EDGE_LOOP('',(#6006,#6007,#6008,#6009));
#1420=EDGE_LOOP('',(#6010,#6011,#6012,#6013));
#1421=EDGE_LOOP('',(#6014,#6015,#6016,#6017));
#1422=EDGE_LOOP('',(#6018,#6019,#6020,#6021));
#1423=EDGE_LOOP('',(#6022,#6023,#6024,#6025));
#1424=EDGE_LOOP('',(#6026,#6027,#6028,#6029));
#1425=EDGE_LOOP('',(#6030,#6031,#6032,#6033));
#1426=EDGE_LOOP('',(#6034,#6035,#6036,#6037));
#1427=EDGE_LOOP('',(#6038,#6039,#6040,#6041));
#1428=EDGE_LOOP('',(#6042,#6043,#6044,#6045));
#1429=EDGE_LOOP('',(#6046,#6047,#6048,#6049));
#1430=EDGE_LOOP('',(#6050,#6051,#6052,#6053));
#1431=EDGE_LOOP('',(#6054,#6055,#6056,#6057));
#1432=EDGE_LOOP('',(#6058,#6059,#6060,#6061));
#1433=EDGE_LOOP('',(#6062,#6063,#6064,#6065));
#1434=EDGE_LOOP('',(#6066,#6067,#6068,#6069));
#1435=EDGE_LOOP('',(#6070,#6071,#6072,#6073));
#1436=EDGE_LOOP('',(#6074,#6075,#6076,#6077));
#1437=EDGE_LOOP('',(#6078,#6079,#6080,#6081));
#1438=EDGE_LOOP('',(#6082,#6083,#6084,#6085));
#1439=EDGE_LOOP('',(#6086,#6087,#6088,#6089,#6090,#6091,#6092,#6093,#6094,
#6095,#6096,#6097,#6098,#6099));
#1440=EDGE_LOOP('',(#6100,#6101,#6102,#6103,#6104,#6105,#6106,#6107,#6108,
#6109));
#1441=EDGE_LOOP('',(#6110,#6111,#6112,#6113,#6114,#6115,#6116,#6117,#6118));
#1442=EDGE_LOOP('',(#6119,#6120,#6121,#6122));
#1443=EDGE_LOOP('',(#6123,#6124,#6125,#6126));
#1444=EDGE_LOOP('',(#6127,#6128,#6129,#6130));
#1445=EDGE_LOOP('',(#6131,#6132,#6133,#6134));
#1446=EDGE_LOOP('',(#6135,#6136,#6137,#6138));
#1447=EDGE_LOOP('',(#6139,#6140,#6141,#6142));
#1448=EDGE_LOOP('',(#6143,#6144,#6145,#6146));
#1449=EDGE_LOOP('',(#6147,#6148,#6149,#6150));
#1450=EDGE_LOOP('',(#6151,#6152,#6153,#6154));
#1451=EDGE_LOOP('',(#6155,#6156,#6157,#6158));
#1452=EDGE_LOOP('',(#6159,#6160,#6161,#6162));
#1453=EDGE_LOOP('',(#6163,#6164,#6165,#6166));
#1454=EDGE_LOOP('',(#6167,#6168,#6169,#6170));
#1455=EDGE_LOOP('',(#6171,#6172,#6173,#6174,#6175,#6176,#6177,#6178));
#1456=EDGE_LOOP('',(#6179,#6180,#6181,#6182,#6183));
#1457=EDGE_LOOP('',(#6184,#6185,#6186,#6187));
#1458=EDGE_LOOP('',(#6188,#6189,#6190,#6191));
#1459=EDGE_LOOP('',(#6192,#6193,#6194,#6195));
#1460=EDGE_LOOP('',(#6196,#6197,#6198,#6199));
#1461=EDGE_LOOP('',(#6200,#6201,#6202,#6203));
#1462=EDGE_LOOP('',(#6204,#6205,#6206,#6207));
#1463=EDGE_LOOP('',(#6208,#6209,#6210,#6211));
#1464=EDGE_LOOP('',(#6212,#6213,#6214,#6215));
#1465=EDGE_LOOP('',(#6216,#6217,#6218,#6219));
#1466=EDGE_LOOP('',(#6220,#6221,#6222,#6223));
#1467=EDGE_LOOP('',(#6224,#6225,#6226,#6227));
#1468=EDGE_LOOP('',(#6228,#6229,#6230,#6231));
#1469=EDGE_LOOP('',(#6232,#6233,#6234,#6235));
#1470=EDGE_LOOP('',(#6236,#6237,#6238,#6239));
#1471=EDGE_LOOP('',(#6240,#6241,#6242,#6243));
#1472=EDGE_LOOP('',(#6244,#6245,#6246,#6247));
#1473=EDGE_LOOP('',(#6248,#6249,#6250,#6251));
#1474=EDGE_LOOP('',(#6252,#6253,#6254,#6255));
#1475=EDGE_LOOP('',(#6256,#6257,#6258,#6259));
#1476=EDGE_LOOP('',(#6260,#6261,#6262,#6263));
#1477=EDGE_LOOP('',(#6264,#6265,#6266,#6267));
#1478=EDGE_LOOP('',(#6268,#6269,#6270,#6271));
#1479=EDGE_LOOP('',(#6272,#6273,#6274,#6275));
#1480=EDGE_LOOP('',(#6276,#6277,#6278,#6279));
#1481=EDGE_LOOP('',(#6280,#6281,#6282,#6283));
#1482=EDGE_LOOP('',(#6284,#6285,#6286,#6287));
#1483=EDGE_LOOP('',(#6288,#6289,#6290,#6291));
#1484=EDGE_LOOP('',(#6292,#6293,#6294,#6295));
#1485=EDGE_LOOP('',(#6296,#6297,#6298,#6299));
#1486=EDGE_LOOP('',(#6300,#6301,#6302,#6303,#6304,#6305,#6306,#6307,#6308,
#6309,#6310,#6311,#6312,#6313,#6314,#6315,#6316,#6317,#6318,#6319,#6320,
#6321,#6322,#6323,#6324,#6325,#6326,#6327,#6328));
#1487=EDGE_LOOP('',(#6329,#6330,#6331,#6332));
#1488=EDGE_LOOP('',(#6333,#6334,#6335,#6336));
#1489=EDGE_LOOP('',(#6337,#6338,#6339,#6340));
#1490=EDGE_LOOP('',(#6341,#6342,#6343,#6344));
#1491=EDGE_LOOP('',(#6345,#6346,#6347,#6348));
#1492=EDGE_LOOP('',(#6349,#6350,#6351,#6352));
#1493=EDGE_LOOP('',(#6353,#6354,#6355,#6356));
#1494=EDGE_LOOP('',(#6357,#6358,#6359,#6360));
#1495=EDGE_LOOP('',(#6361,#6362,#6363,#6364));
#1496=EDGE_LOOP('',(#6365,#6366,#6367,#6368));
#1497=EDGE_LOOP('',(#6369,#6370,#6371,#6372));
#1498=EDGE_LOOP('',(#6373,#6374,#6375,#6376));
#1499=EDGE_LOOP('',(#6377,#6378,#6379,#6380));
#1500=EDGE_LOOP('',(#6381,#6382,#6383,#6384));
#1501=EDGE_LOOP('',(#6385,#6386,#6387,#6388));
#1502=EDGE_LOOP('',(#6389,#6390,#6391,#6392));
#1503=EDGE_LOOP('',(#6393,#6394,#6395,#6396));
#1504=EDGE_LOOP('',(#6397,#6398,#6399,#6400));
#1505=EDGE_LOOP('',(#6401,#6402,#6403,#6404));
#1506=EDGE_LOOP('',(#6405,#6406,#6407,#6408));
#1507=EDGE_LOOP('',(#6409,#6410,#6411,#6412,#6413,#6414,#6415,#6416,#6417,
#6418,#6419));
#1508=EDGE_LOOP('',(#6420,#6421,#6422,#6423,#6424,#6425,#6426,#6427,#6428));
#1509=EDGE_LOOP('',(#6429,#6430,#6431,#6432));
#1510=EDGE_LOOP('',(#6433,#6434,#6435,#6436));
#1511=EDGE_LOOP('',(#6437,#6438,#6439,#6440));
#1512=EDGE_LOOP('',(#6441,#6442,#6443,#6444));
#1513=EDGE_LOOP('',(#6445,#6446,#6447,#6448));
#1514=EDGE_LOOP('',(#6449,#6450,#6451,#6452));
#1515=EDGE_LOOP('',(#6453,#6454,#6455,#6456));
#1516=EDGE_LOOP('',(#6457,#6458,#6459,#6460));
#1517=EDGE_LOOP('',(#6461,#6462,#6463,#6464,#6465,#6466,#6467,#6468));
#1518=EDGE_LOOP('',(#6469,#6470,#6471,#6472));
#1519=EDGE_LOOP('',(#6473,#6474,#6475,#6476));
#1520=EDGE_LOOP('',(#6477,#6478,#6479,#6480));
#1521=EDGE_LOOP('',(#6481,#6482,#6483,#6484));
#1522=EDGE_LOOP('',(#6485,#6486,#6487,#6488));
#1523=EDGE_LOOP('',(#6489,#6490,#6491,#6492));
#1524=EDGE_LOOP('',(#6493,#6494,#6495,#6496));
#1525=EDGE_LOOP('',(#6497,#6498,#6499,#6500));
#1526=EDGE_LOOP('',(#6501,#6502,#6503,#6504));
#1527=EDGE_LOOP('',(#6505,#6506,#6507,#6508));
#1528=EDGE_LOOP('',(#6509,#6510,#6511,#6512));
#1529=EDGE_LOOP('',(#6513,#6514,#6515,#6516));
#1530=EDGE_LOOP('',(#6517,#6518,#6519,#6520));
#1531=EDGE_LOOP('',(#6521,#6522,#6523,#6524));
#1532=EDGE_LOOP('',(#6525,#6526,#6527,#6528));
#1533=EDGE_LOOP('',(#6529,#6530,#6531,#6532));
#1534=EDGE_LOOP('',(#6533,#6534,#6535,#6536));
#1535=EDGE_LOOP('',(#6537,#6538,#6539,#6540));
#1536=EDGE_LOOP('',(#6541,#6542,#6543,#6544));
#1537=EDGE_LOOP('',(#6545,#6546,#6547,#6548,#6549,#6550,#6551,#6552,#6553,
#6554,#6555));
#1538=EDGE_LOOP('',(#6556,#6557,#6558,#6559,#6560,#6561,#6562,#6563));
#1539=EDGE_LOOP('',(#6564,#6565,#6566,#6567));
#1540=EDGE_LOOP('',(#6568,#6569,#6570,#6571));
#1541=EDGE_LOOP('',(#6572,#6573,#6574,#6575));
#1542=EDGE_LOOP('',(#6576,#6577,#6578,#6579));
#1543=EDGE_LOOP('',(#6580,#6581,#6582,#6583));
#1544=EDGE_LOOP('',(#6584,#6585,#6586,#6587));
#1545=EDGE_LOOP('',(#6588,#6589,#6590,#6591));
#1546=EDGE_LOOP('',(#6592,#6593,#6594,#6595));
#1547=EDGE_LOOP('',(#6596,#6597,#6598,#6599));
#1548=EDGE_LOOP('',(#6600,#6601,#6602,#6603));
#1549=EDGE_LOOP('',(#6604,#6605,#6606,#6607,#6608,#6609,#6610,#6611,#6612,
#6613));
#1550=EDGE_LOOP('',(#6614,#6615,#6616,#6617));
#1551=EDGE_LOOP('',(#6618,#6619,#6620,#6621));
#1552=EDGE_LOOP('',(#6622,#6623,#6624,#6625));
#1553=EDGE_LOOP('',(#6626,#6627,#6628,#6629));
#1554=EDGE_LOOP('',(#6630,#6631,#6632,#6633));
#1555=EDGE_LOOP('',(#6634,#6635,#6636,#6637));
#1556=EDGE_LOOP('',(#6638,#6639,#6640,#6641));
#1557=EDGE_LOOP('',(#6642,#6643,#6644,#6645));
#1558=EDGE_LOOP('',(#6646,#6647,#6648,#6649));
#1559=EDGE_LOOP('',(#6650,#6651,#6652,#6653));
#1560=EDGE_LOOP('',(#6654,#6655,#6656,#6657));
#1561=EDGE_LOOP('',(#6658,#6659,#6660,#6661));
#1562=EDGE_LOOP('',(#6662,#6663,#6664,#6665));
#1563=EDGE_LOOP('',(#6666,#6667,#6668,#6669));
#1564=EDGE_LOOP('',(#6670,#6671,#6672,#6673));
#1565=EDGE_LOOP('',(#6674,#6675,#6676,#6677));
#1566=EDGE_LOOP('',(#6678,#6679,#6680,#6681,#6682,#6683,#6684,#6685,#6686,
#6687,#6688));
#1567=EDGE_LOOP('',(#6689,#6690,#6691,#6692));
#1568=EDGE_LOOP('',(#6693,#6694,#6695,#6696));
#1569=EDGE_LOOP('',(#6697,#6698,#6699,#6700));
#1570=EDGE_LOOP('',(#6701,#6702,#6703,#6704));
#1571=EDGE_LOOP('',(#6705,#6706,#6707,#6708));
#1572=EDGE_LOOP('',(#6709,#6710,#6711,#6712));
#1573=EDGE_LOOP('',(#6713,#6714,#6715,#6716));
#1574=EDGE_LOOP('',(#6717,#6718,#6719,#6720));
#1575=EDGE_LOOP('',(#6721,#6722,#6723,#6724));
#1576=EDGE_LOOP('',(#6725,#6726,#6727,#6728));
#1577=EDGE_LOOP('',(#6729,#6730,#6731,#6732,#6733,#6734,#6735,#6736,#6737,
#6738));
#1578=EDGE_LOOP('',(#6739,#6740,#6741,#6742));
#1579=EDGE_LOOP('',(#6743,#6744,#6745,#6746));
#1580=EDGE_LOOP('',(#6747,#6748,#6749,#6750));
#1581=EDGE_LOOP('',(#6751,#6752,#6753,#6754));
#1582=EDGE_LOOP('',(#6755,#6756,#6757,#6758));
#1583=EDGE_LOOP('',(#6759,#6760,#6761,#6762));
#1584=EDGE_LOOP('',(#6763,#6764,#6765,#6766));
#1585=EDGE_LOOP('',(#6767,#6768,#6769,#6770));
#1586=EDGE_LOOP('',(#6771,#6772,#6773,#6774));
#1587=EDGE_LOOP('',(#6775,#6776,#6777,#6778));
#1588=EDGE_LOOP('',(#6779,#6780,#6781,#6782));
#1589=EDGE_LOOP('',(#6783,#6784,#6785,#6786));
#1590=EDGE_LOOP('',(#6787,#6788,#6789,#6790));
#1591=EDGE_LOOP('',(#6791,#6792,#6793,#6794));
#1592=EDGE_LOOP('',(#6795,#6796,#6797,#6798));
#1593=EDGE_LOOP('',(#6799,#6800,#6801,#6802));
#1594=EDGE_LOOP('',(#6803,#6804,#6805,#6806));
#1595=EDGE_LOOP('',(#6807,#6808,#6809,#6810));
#1596=EDGE_LOOP('',(#6811,#6812,#6813,#6814));
#1597=EDGE_LOOP('',(#6815,#6816,#6817,#6818));
#1598=EDGE_LOOP('',(#6819,#6820,#6821,#6822));
#1599=EDGE_LOOP('',(#6823,#6824,#6825,#6826));
#1600=EDGE_LOOP('',(#6827,#6828,#6829,#6830,#6831,#6832,#6833,#6834,#6835,
#6836,#6837,#6838));
#1601=EDGE_LOOP('',(#6839,#6840,#6841,#6842,#6843,#6844,#6845,#6846,#6847,
#6848));
#1602=EDGE_LOOP('',(#6849,#6850,#6851,#6852));
#1603=EDGE_LOOP('',(#6853,#6854,#6855,#6856));
#1604=EDGE_LOOP('',(#6857,#6858,#6859,#6860));
#1605=EDGE_LOOP('',(#6861,#6862,#6863,#6864));
#1606=EDGE_LOOP('',(#6865,#6866,#6867,#6868));
#1607=EDGE_LOOP('',(#6869,#6870,#6871,#6872));
#1608=EDGE_LOOP('',(#6873,#6874,#6875,#6876));
#1609=EDGE_LOOP('',(#6877,#6878,#6879,#6880));
#1610=EDGE_LOOP('',(#6881,#6882,#6883,#6884));
#1611=EDGE_LOOP('',(#6885,#6886,#6887,#6888));
#1612=EDGE_LOOP('',(#6889,#6890,#6891,#6892));
#1613=EDGE_LOOP('',(#6893,#6894,#6895,#6896));
#1614=EDGE_LOOP('',(#6897,#6898,#6899,#6900));
#1615=EDGE_LOOP('',(#6901,#6902,#6903,#6904));
#1616=EDGE_LOOP('',(#6905,#6906,#6907,#6908));
#1617=EDGE_LOOP('',(#6909,#6910,#6911,#6912));
#1618=EDGE_LOOP('',(#6913,#6914,#6915,#6916));
#1619=EDGE_LOOP('',(#6917,#6918,#6919,#6920));
#1620=EDGE_LOOP('',(#6921,#6922,#6923,#6924));
#1621=EDGE_LOOP('',(#6925,#6926,#6927,#6928));
#1622=EDGE_LOOP('',(#6929,#6930,#6931,#6932));
#1623=EDGE_LOOP('',(#6933,#6934,#6935,#6936));
#1624=EDGE_LOOP('',(#6937,#6938,#6939,#6940));
#1625=EDGE_LOOP('',(#6941,#6942,#6943,#6944));
#1626=EDGE_LOOP('',(#6945,#6946,#6947,#6948));
#1627=EDGE_LOOP('',(#6949,#6950,#6951,#6952));
#1628=EDGE_LOOP('',(#6953,#6954,#6955,#6956));
#1629=EDGE_LOOP('',(#6957,#6958,#6959,#6960,#6961,#6962,#6963,#6964,#6965,
#6966,#6967,#6968,#6969,#6970,#6971,#6972,#6973,#6974,#6975));
#1630=EDGE_LOOP('',(#6976,#6977,#6978,#6979,#6980,#6981,#6982,#6983));
#1631=EDGE_LOOP('',(#6984,#6985,#6986,#6987));
#1632=EDGE_LOOP('',(#6988,#6989,#6990,#6991));
#1633=EDGE_LOOP('',(#6992,#6993,#6994,#6995));
#1634=EDGE_LOOP('',(#6996,#6997,#6998,#6999));
#1635=EDGE_LOOP('',(#7000,#7001,#7002,#7003));
#1636=EDGE_LOOP('',(#7004,#7005,#7006,#7007));
#1637=EDGE_LOOP('',(#7008,#7009,#7010,#7011));
#1638=EDGE_LOOP('',(#7012,#7013,#7014,#7015));
#1639=EDGE_LOOP('',(#7016,#7017,#7018,#7019));
#1640=EDGE_LOOP('',(#7020,#7021,#7022,#7023));
#1641=EDGE_LOOP('',(#7024,#7025,#7026,#7027));
#1642=EDGE_LOOP('',(#7028,#7029,#7030,#7031));
#1643=EDGE_LOOP('',(#7032,#7033,#7034,#7035));
#1644=EDGE_LOOP('',(#7036,#7037,#7038,#7039));
#1645=EDGE_LOOP('',(#7040,#7041,#7042,#7043));
#1646=EDGE_LOOP('',(#7044,#7045,#7046,#7047));
#1647=EDGE_LOOP('',(#7048,#7049,#7050,#7051));
#1648=EDGE_LOOP('',(#7052,#7053,#7054,#7055));
#1649=EDGE_LOOP('',(#7056,#7057,#7058,#7059));
#1650=EDGE_LOOP('',(#7060,#7061,#7062,#7063));
#1651=EDGE_LOOP('',(#7064,#7065,#7066,#7067,#7068,#7069,#7070,#7071,#7072,
#7073,#7074));
#1652=EDGE_LOOP('',(#7075,#7076,#7077,#7078,#7079,#7080,#7081,#7082,#7083));
#1653=EDGE_LOOP('',(#7084,#7085,#7086,#7087));
#1654=EDGE_LOOP('',(#7088,#7089,#7090,#7091));
#1655=EDGE_LOOP('',(#7092,#7093,#7094,#7095));
#1656=EDGE_LOOP('',(#7096,#7097,#7098,#7099));
#1657=EDGE_LOOP('',(#7100,#7101,#7102,#7103));
#1658=EDGE_LOOP('',(#7104,#7105,#7106,#7107));
#1659=EDGE_LOOP('',(#7108,#7109,#7110,#7111));
#1660=EDGE_LOOP('',(#7112,#7113,#7114,#7115));
#1661=EDGE_LOOP('',(#7116,#7117,#7118,#7119));
#1662=EDGE_LOOP('',(#7120,#7121,#7122,#7123));
#1663=EDGE_LOOP('',(#7124,#7125,#7126,#7127));
#1664=EDGE_LOOP('',(#7128,#7129,#7130,#7131));
#1665=EDGE_LOOP('',(#7132,#7133,#7134,#7135));
#1666=EDGE_LOOP('',(#7136,#7137,#7138,#7139));
#1667=EDGE_LOOP('',(#7140,#7141,#7142,#7143));
#1668=EDGE_LOOP('',(#7144,#7145,#7146,#7147));
#1669=EDGE_LOOP('',(#7148,#7149,#7150,#7151));
#1670=EDGE_LOOP('',(#7152,#7153,#7154,#7155));
#1671=EDGE_LOOP('',(#7156,#7157,#7158,#7159));
#1672=EDGE_LOOP('',(#7160,#7161,#7162,#7163));
#1673=EDGE_LOOP('',(#7164,#7165,#7166,#7167));
#1674=EDGE_LOOP('',(#7168,#7169,#7170,#7171));
#1675=EDGE_LOOP('',(#7172,#7173,#7174,#7175));
#1676=EDGE_LOOP('',(#7176,#7177,#7178,#7179));
#1677=EDGE_LOOP('',(#7180,#7181,#7182,#7183));
#1678=EDGE_LOOP('',(#7184,#7185,#7186,#7187));
#1679=EDGE_LOOP('',(#7188,#7189,#7190,#7191));
#1680=EDGE_LOOP('',(#7192,#7193,#7194,#7195));
#1681=EDGE_LOOP('',(#7196,#7197,#7198,#7199));
#1682=EDGE_LOOP('',(#7200,#7201,#7202,#7203));
#1683=EDGE_LOOP('',(#7204,#7205,#7206,#7207));
#1684=EDGE_LOOP('',(#7208,#7209,#7210,#7211));
#1685=EDGE_LOOP('',(#7212,#7213,#7214,#7215));
#1686=EDGE_LOOP('',(#7216,#7217,#7218,#7219));
#1687=EDGE_LOOP('',(#7220,#7221,#7222,#7223));
#1688=EDGE_LOOP('',(#7224,#7225,#7226,#7227,#7228,#7229,#7230,#7231,#7232,
#7233,#7234,#7235,#7236,#7237,#7238,#7239,#7240,#7241,#7242,#7243,#7244,
#7245,#7246,#7247,#7248,#7249,#7250,#7251,#7252,#7253,#7254,#7255,#7256,
#7257,#7258));
#1689=EDGE_LOOP('',(#7259,#7260,#7261,#7262));
#1690=EDGE_LOOP('',(#7263,#7264,#7265,#7266));
#1691=EDGE_LOOP('',(#7267,#7268,#7269,#7270));
#1692=EDGE_LOOP('',(#7271,#7272,#7273,#7274));
#1693=EDGE_LOOP('',(#7275,#7276,#7277,#7278));
#1694=EDGE_LOOP('',(#7279,#7280,#7281,#7282));
#1695=EDGE_LOOP('',(#7283,#7284,#7285,#7286));
#1696=EDGE_LOOP('',(#7287,#7288,#7289,#7290));
#1697=EDGE_LOOP('',(#7291,#7292,#7293,#7294));
#1698=EDGE_LOOP('',(#7295,#7296,#7297,#7298));
#1699=EDGE_LOOP('',(#7299,#7300,#7301,#7302));
#1700=EDGE_LOOP('',(#7303,#7304,#7305,#7306));
#1701=EDGE_LOOP('',(#7307,#7308,#7309,#7310));
#1702=EDGE_LOOP('',(#7311,#7312,#7313,#7314,#7315,#7316,#7317,#7318));
#1703=EDGE_LOOP('',(#7319,#7320,#7321,#7322,#7323));
#1704=EDGE_LOOP('',(#7324,#7325,#7326,#7327));
#1705=EDGE_LOOP('',(#7328,#7329,#7330,#7331));
#1706=EDGE_LOOP('',(#7332,#7333,#7334,#7335));
#1707=EDGE_LOOP('',(#7336,#7337,#7338,#7339));
#1708=EDGE_LOOP('',(#7340,#7341,#7342,#7343));
#1709=EDGE_LOOP('',(#7344,#7345,#7346,#7347));
#1710=EDGE_LOOP('',(#7348,#7349,#7350,#7351));
#1711=EDGE_LOOP('',(#7352,#7353,#7354,#7355));
#1712=EDGE_LOOP('',(#7356,#7357,#7358,#7359));
#1713=EDGE_LOOP('',(#7360,#7361,#7362,#7363));
#1714=EDGE_LOOP('',(#7364,#7365,#7366,#7367));
#1715=EDGE_LOOP('',(#7368,#7369,#7370,#7371));
#1716=EDGE_LOOP('',(#7372,#7373,#7374,#7375,#7376,#7377,#7378,#7379,#7380,
#7381,#7382,#7383));
#1717=EDGE_LOOP('',(#7384,#7385,#7386,#7387,#7388,#7389,#7390,#7391,#7392,
#7393,#7394,#7395));
#1718=EDGE_LOOP('',(#7396,#7397,#7398,#7399,#7400,#7401,#7402,#7403));
#1719=EDGE_LOOP('',(#7404));
#1720=EDGE_LOOP('',(#7405,#7406,#7407,#7408,#7409,#7410,#7411,#7412));
#1721=EDGE_LOOP('',(#7413));
#1722=EDGE_LOOP('',(#7414,#7415,#7416,#7417,#7418,#7419,#7420,#7421));
#1723=EDGE_LOOP('',(#7422,#7423,#7424,#7425,#7426,#7427,#7428,#7429));
#1724=EDGE_LOOP('',(#7430));
#1725=EDGE_LOOP('',(#7431));
#1726=EDGE_LOOP('',(#7432,#7433,#7434,#7435,#7436,#7437,#7438,#7439,#7440,
#7441,#7442,#7443));
#1727=EDGE_LOOP('',(#7444,#7445,#7446,#7447,#7448,#7449,#7450,#7451));
#1728=EDGE_LOOP('',(#7452,#7453,#7454,#7455,#7456,#7457,#7458,#7459,#7460,
#7461,#7462,#7463,#7464,#7465,#7466,#7467,#7468,#7469,#7470,#7471,#7472,
#7473,#7474,#7475,#7476,#7477,#7478,#7479,#7480,#7481,#7482,#7483,#7484,
#7485,#7486));
#1729=EDGE_LOOP('',(#7487,#7488,#7489,#7490,#7491,#7492,#7493,#7494,#7495,
#7496,#7497));
#1730=EDGE_LOOP('',(#7498,#7499,#7500,#7501,#7502,#7503,#7504,#7505,#7506,
#7507,#7508,#7509,#7510,#7511,#7512,#7513,#7514,#7515,#7516));
#1731=EDGE_LOOP('',(#7517,#7518,#7519,#7520,#7521,#7522,#7523,#7524,#7525,
#7526,#7527,#7528));
#1732=EDGE_LOOP('',(#7529,#7530,#7531,#7532,#7533,#7534,#7535,#7536,#7537,
#7538));
#1733=EDGE_LOOP('',(#7539,#7540,#7541,#7542,#7543,#7544,#7545,#7546,#7547,
#7548,#7549));
#1734=EDGE_LOOP('',(#7550,#7551,#7552,#7553));
#1735=EDGE_LOOP('',(#7554,#7555,#7556,#7557,#7558,#7559,#7560,#7561,#7562,
#7563));
#1736=EDGE_LOOP('',(#7564,#7565,#7566,#7567,#7568,#7569,#7570,#7571,#7572,
#7573,#7574));
#1737=EDGE_LOOP('',(#7575,#7576,#7577,#7578,#7579,#7580,#7581,#7582));
#1738=EDGE_LOOP('',(#7583,#7584,#7585,#7586,#7587,#7588,#7589,#7590,#7591,
#7592,#7593));
#1739=EDGE_LOOP('',(#7594,#7595,#7596,#7597,#7598,#7599,#7600,#7601,#7602,
#7603,#7604,#7605,#7606,#7607,#7608,#7609,#7610,#7611,#7612,#7613,#7614,
#7615,#7616,#7617,#7618,#7619,#7620,#7621,#7622));
#1740=EDGE_LOOP('',(#7623,#7624,#7625,#7626,#7627,#7628,#7629,#7630));
#1741=EDGE_LOOP('',(#7631,#7632,#7633,#7634,#7635,#7636,#7637,#7638,#7639,
#7640,#7641,#7642,#7643,#7644));
#1742=EDGE_LOOP('',(#7645,#7646,#7647,#7648,#7649,#7650,#7651,#7652,#7653,
#7654));
#1743=EDGE_LOOP('',(#7655,#7656,#7657,#7658,#7659,#7660,#7661,#7662,#7663,
#7664,#7665,#7666));
#1744=EDGE_LOOP('',(#7667,#7668,#7669,#7670,#7671));
#1745=EDGE_LOOP('',(#7672,#7673,#7674,#7675,#7676,#7677,#7678,#7679,#7680));
#1746=EDGE_LOOP('',(#7681,#7682,#7683,#7684,#7685,#7686,#7687,#7688));
#1747=EDGE_LOOP('',(#7689,#7690,#7691,#7692,#7693,#7694,#7695,#7696,#7697,
#7698));
#1748=EDGE_LOOP('',(#7699,#7700,#7701,#7702,#7703,#7704,#7705,#7706));
#1749=EDGE_LOOP('',(#7707,#7708,#7709,#7710,#7711,#7712,#7713,#7714,#7715));
#1750=EDGE_LOOP('',(#7716,#7717,#7718,#7719,#7720));
#1751=EDGE_LOOP('',(#7721,#7722,#7723,#7724,#7725,#7726,#7727,#7728,#7729,
#7730));
#1752=EDGE_LOOP('',(#7731,#7732,#7733,#7734));
#1753=EDGE_LOOP('',(#7735,#7736,#7737,#7738));
#1754=EDGE_LOOP('',(#7739,#7740,#7741,#7742,#7743,#7744,#7745,#7746,#7747,
#7748,#7749,#7750));
#1755=EDGE_LOOP('',(#7751));
#1756=EDGE_LOOP('',(#7752));
#1757=EDGE_LOOP('',(#7753,#7754,#7755,#7756,#7757,#7758,#7759,#7760));
#1758=EDGE_LOOP('',(#7761,#7762,#7763,#7764,#7765,#7766,#7767,#7768));
#1759=EDGE_LOOP('',(#7769));
#1760=EDGE_LOOP('',(#7770,#7771,#7772,#7773,#7774,#7775,#7776,#7777));
#1761=EDGE_LOOP('',(#7778));
#1762=EDGE_LOOP('',(#7779,#7780,#7781,#7782,#7783,#7784,#7785,#7786));
#1763=EDGE_LOOP('',(#7787,#7788,#7789,#7790));
#1764=EDGE_LOOP('',(#7791,#7792,#7793,#7794));
#1765=EDGE_LOOP('',(#7795,#7796,#7797,#7798));
#1766=EDGE_LOOP('',(#7799,#7800,#7801,#7802));
#1767=EDGE_LOOP('',(#7803,#7804,#7805,#7806));
#1768=EDGE_LOOP('',(#7807,#7808,#7809,#7810));
#1769=EDGE_LOOP('',(#7811,#7812,#7813,#7814));
#1770=EDGE_LOOP('',(#7815,#7816,#7817,#7818));
#1771=EDGE_LOOP('',(#7819,#7820,#7821,#7822));
#1772=EDGE_LOOP('',(#7823,#7824,#7825,#7826));
#1773=EDGE_LOOP('',(#7827,#7828,#7829,#7830));
#1774=EDGE_LOOP('',(#7831,#7832,#7833,#7834));
#1775=EDGE_LOOP('',(#7835,#7836,#7837,#7838));
#1776=EDGE_LOOP('',(#7839,#7840,#7841,#7842));
#1777=EDGE_LOOP('',(#7843,#7844,#7845,#7846));
#1778=EDGE_LOOP('',(#7847,#7848,#7849,#7850));
#1779=EDGE_LOOP('',(#7851,#7852,#7853,#7854));
#1780=EDGE_LOOP('',(#7855,#7856,#7857,#7858));
#1781=EDGE_LOOP('',(#7859,#7860,#7861,#7862));
#1782=EDGE_LOOP('',(#7863,#7864,#7865,#7866));
#1783=EDGE_LOOP('',(#7867,#7868,#7869,#7870));
#1784=EDGE_LOOP('',(#7871,#7872,#7873,#7874));
#1785=EDGE_LOOP('',(#7875,#7876,#7877,#7878));
#1786=EDGE_LOOP('',(#7879,#7880,#7881,#7882));
#1787=EDGE_LOOP('',(#7883,#7884,#7885,#7886));
#1788=EDGE_LOOP('',(#7887,#7888,#7889,#7890));
#1789=EDGE_LOOP('',(#7891,#7892,#7893,#7894));
#1790=EDGE_LOOP('',(#7895,#7896,#7897,#7898));
#1791=EDGE_LOOP('',(#7899,#7900,#7901,#7902));
#1792=EDGE_LOOP('',(#7903,#7904,#7905,#7906));
#1793=EDGE_LOOP('',(#7907,#7908,#7909,#7910));
#1794=EDGE_LOOP('',(#7911,#7912,#7913,#7914));
#1795=EDGE_LOOP('',(#7915,#7916,#7917,#7918));
#1796=EDGE_LOOP('',(#7919,#7920,#7921,#7922));
#1797=EDGE_LOOP('',(#7923,#7924,#7925,#7926));
#1798=EDGE_LOOP('',(#7927,#7928,#7929,#7930));
#1799=EDGE_LOOP('',(#7931,#7932,#7933,#7934));
#1800=EDGE_LOOP('',(#7935,#7936,#7937,#7938));
#1801=EDGE_LOOP('',(#7939,#7940,#7941,#7942));
#1802=EDGE_LOOP('',(#7943,#7944,#7945,#7946));
#1803=EDGE_LOOP('',(#7947,#7948,#7949,#7950));
#1804=EDGE_LOOP('',(#7951,#7952,#7953,#7954));
#1805=EDGE_LOOP('',(#7955,#7956,#7957,#7958));
#1806=EDGE_LOOP('',(#7959,#7960,#7961,#7962));
#1807=EDGE_LOOP('',(#7963,#7964,#7965,#7966));
#1808=EDGE_LOOP('',(#7967,#7968,#7969,#7970));
#1809=EDGE_LOOP('',(#7971,#7972,#7973,#7974,#7975,#7976,#7977,#7978,#7979));
#1810=EDGE_LOOP('',(#7980,#7981,#7982,#7983));
#1811=EDGE_LOOP('',(#7984,#7985,#7986,#7987));
#1812=EDGE_LOOP('',(#7988,#7989,#7990,#7991));
#1813=EDGE_LOOP('',(#7992,#7993,#7994,#7995));
#1814=EDGE_LOOP('',(#7996));
#1815=EDGE_LOOP('',(#7997));
#1816=EDGE_LOOP('',(#7998));
#1817=EDGE_LOOP('',(#7999));
#1818=EDGE_LOOP('',(#8000));
#1819=EDGE_LOOP('',(#8001));
#1820=EDGE_LOOP('',(#8002));
#1821=EDGE_LOOP('',(#8003));
#1822=EDGE_LOOP('',(#8004));
#1823=EDGE_LOOP('',(#8005));
#1824=EDGE_LOOP('',(#8006));
#1825=EDGE_LOOP('',(#8007));
#1826=EDGE_LOOP('',(#8008));
#1827=EDGE_LOOP('',(#8009));
#1828=EDGE_LOOP('',(#8010));
#1829=EDGE_LOOP('',(#8011));
#1830=EDGE_LOOP('',(#8012));
#1831=EDGE_LOOP('',(#8013));
#1832=EDGE_LOOP('',(#8014));
#1833=EDGE_LOOP('',(#8015));
#1834=EDGE_LOOP('',(#8016));
#1835=EDGE_LOOP('',(#8017));
#1836=EDGE_LOOP('',(#8018));
#1837=EDGE_LOOP('',(#8019));
#1838=EDGE_LOOP('',(#8020));
#1839=EDGE_LOOP('',(#8021));
#1840=EDGE_LOOP('',(#8022));
#1841=EDGE_LOOP('',(#8023));
#1842=EDGE_LOOP('',(#8024));
#1843=EDGE_LOOP('',(#8025));
#1844=EDGE_LOOP('',(#8026));
#1845=EDGE_LOOP('',(#8027));
#1846=EDGE_LOOP('',(#8028));
#1847=EDGE_LOOP('',(#8029));
#1848=EDGE_LOOP('',(#8030,#8031,#8032,#8033));
#1849=EDGE_LOOP('',(#8034));
#1850=EDGE_LOOP('',(#8035));
#1851=EDGE_LOOP('',(#8036));
#1852=EDGE_LOOP('',(#8037));
#1853=EDGE_LOOP('',(#8038));
#1854=EDGE_LOOP('',(#8039));
#1855=EDGE_LOOP('',(#8040));
#1856=EDGE_LOOP('',(#8041));
#1857=EDGE_LOOP('',(#8042));
#1858=EDGE_LOOP('',(#8043));
#1859=EDGE_LOOP('',(#8044));
#1860=EDGE_LOOP('',(#8045));
#1861=EDGE_LOOP('',(#8046));
#1862=EDGE_LOOP('',(#8047));
#1863=EDGE_LOOP('',(#8048));
#1864=EDGE_LOOP('',(#8049));
#1865=EDGE_LOOP('',(#8050));
#1866=EDGE_LOOP('',(#8051));
#1867=EDGE_LOOP('',(#8052));
#1868=EDGE_LOOP('',(#8053));
#1869=EDGE_LOOP('',(#8054));
#1870=EDGE_LOOP('',(#8055));
#1871=EDGE_LOOP('',(#8056));
#1872=EDGE_LOOP('',(#8057));
#1873=EDGE_LOOP('',(#8058));
#1874=EDGE_LOOP('',(#8059));
#1875=EDGE_LOOP('',(#8060));
#1876=EDGE_LOOP('',(#8061));
#1877=EDGE_LOOP('',(#8062));
#1878=EDGE_LOOP('',(#8063));
#1879=EDGE_LOOP('',(#8064));
#1880=EDGE_LOOP('',(#8065));
#1881=EDGE_LOOP('',(#8066));
#1882=EDGE_LOOP('',(#8067));
#1883=EDGE_LOOP('',(#8068,#8069,#8070,#8071));
#1884=EDGE_LOOP('',(#8072,#8073,#8074,#8075));
#1885=EDGE_LOOP('',(#8076,#8077,#8078,#8079));
#1886=EDGE_LOOP('',(#8080,#8081,#8082,#8083));
#1887=EDGE_LOOP('',(#8084,#8085,#8086,#8087));
#1888=EDGE_LOOP('',(#8088,#8089,#8090,#8091));
#1889=EDGE_LOOP('',(#8092,#8093,#8094,#8095));
#1890=EDGE_LOOP('',(#8096,#8097,#8098,#8099));
#1891=EDGE_LOOP('',(#8100,#8101,#8102,#8103));
#1892=EDGE_LOOP('',(#8104,#8105,#8106,#8107));
#1893=EDGE_LOOP('',(#8108,#8109,#8110,#8111));
#1894=EDGE_LOOP('',(#8112,#8113,#8114,#8115));
#1895=EDGE_LOOP('',(#8116,#8117,#8118,#8119));
#1896=EDGE_LOOP('',(#8120,#8121,#8122,#8123));
#1897=EDGE_LOOP('',(#8124,#8125,#8126,#8127));
#1898=EDGE_LOOP('',(#8128,#8129,#8130,#8131));
#1899=EDGE_LOOP('',(#8132,#8133,#8134,#8135));
#1900=EDGE_LOOP('',(#8136,#8137,#8138,#8139));
#1901=EDGE_LOOP('',(#8140,#8141,#8142,#8143));
#1902=EDGE_LOOP('',(#8144,#8145,#8146,#8147));
#1903=EDGE_LOOP('',(#8148,#8149,#8150,#8151));
#1904=EDGE_LOOP('',(#8152,#8153,#8154,#8155));
#1905=EDGE_LOOP('',(#8156,#8157,#8158,#8159));
#1906=EDGE_LOOP('',(#8160,#8161,#8162,#8163));
#1907=EDGE_LOOP('',(#8164,#8165,#8166,#8167));
#1908=EDGE_LOOP('',(#8168,#8169,#8170,#8171));
#1909=EDGE_LOOP('',(#8172,#8173,#8174,#8175));
#1910=EDGE_LOOP('',(#8176,#8177,#8178,#8179));
#1911=EDGE_LOOP('',(#8180,#8181,#8182,#8183));
#1912=EDGE_LOOP('',(#8184,#8185,#8186,#8187));
#1913=EDGE_LOOP('',(#8188,#8189,#8190,#8191));
#1914=EDGE_LOOP('',(#8192,#8193,#8194,#8195));
#1915=EDGE_LOOP('',(#8196,#8197,#8198,#8199));
#1916=EDGE_LOOP('',(#8200,#8201,#8202,#8203));
#1917=EDGE_LOOP('',(#8204,#8205,#8206,#8207));
#1918=LINE('',#10858,#2694);
#1919=LINE('',#10861,#2695);
#1920=LINE('',#10864,#2696);
#1921=LINE('',#10866,#2697);
#1922=LINE('',#10868,#2698);
#1923=LINE('',#10870,#2699);
#1924=LINE('',#10872,#2700);
#1925=LINE('',#10874,#2701);
#1926=LINE('',#10876,#2702);
#1927=LINE('',#10878,#2703);
#1928=LINE('',#10880,#2704);
#1929=LINE('',#10884,#2705);
#1930=LINE('',#10888,#2706);
#1931=LINE('',#10891,#2707);
#1932=LINE('',#10902,#2708);
#1933=LINE('',#10903,#2709);
#1934=LINE('',#10905,#2710);
#1935=LINE('',#10907,#2711);
#1936=LINE('',#10908,#2712);
#1937=LINE('',#10912,#2713);
#1938=LINE('',#10915,#2714);
#1939=LINE('',#10918,#2715);
#1940=LINE('',#10921,#2716);
#1941=LINE('',#10922,#2717);
#1942=LINE('',#10926,#2718);
#1943=LINE('',#10929,#2719);
#1944=LINE('',#10930,#2720);
#1945=LINE('',#10933,#2721);
#1946=LINE('',#10934,#2722);
#1947=LINE('',#10936,#2723);
#1948=LINE('',#10939,#2724);
#1949=LINE('',#10941,#2725);
#1950=LINE('',#10942,#2726);
#1951=LINE('',#10945,#2727);
#1952=LINE('',#10947,#2728);
#1953=LINE('',#10948,#2729);
#1954=LINE('',#10950,#2730);
#1955=LINE('',#10955,#2731);
#1956=LINE('',#10961,#2732);
#1957=LINE('',#10967,#2733);
#1958=LINE('',#10973,#2734);
#1959=LINE('',#10976,#2735);
#1960=LINE('',#10979,#2736);
#1961=LINE('',#10981,#2737);
#1962=LINE('',#10985,#2738);
#1963=LINE('',#10990,#2739);
#1964=LINE('',#10995,#2740);
#1965=LINE('',#11000,#2741);
#1966=LINE('',#11007,#2742);
#1967=LINE('',#11009,#2743);
#1968=LINE('',#11011,#2744);
#1969=LINE('',#11012,#2745);
#1970=LINE('',#11015,#2746);
#1971=LINE('',#11017,#2747);
#1972=LINE('',#11018,#2748);
#1973=LINE('',#11021,#2749);
#1974=LINE('',#11023,#2750);
#1975=LINE('',#11024,#2751);
#1976=LINE('',#11027,#2752);
#1977=LINE('',#11029,#2753);
#1978=LINE('',#11030,#2754);
#1979=LINE('',#11033,#2755);
#1980=LINE('',#11035,#2756);
#1981=LINE('',#11036,#2757);
#1982=LINE('',#11039,#2758);
#1983=LINE('',#11041,#2759);
#1984=LINE('',#11042,#2760);
#1985=LINE('',#11045,#2761);
#1986=LINE('',#11047,#2762);
#1987=LINE('',#11048,#2763);
#1988=LINE('',#11051,#2764);
#1989=LINE('',#11053,#2765);
#1990=LINE('',#11054,#2766);
#1991=LINE('',#11057,#2767);
#1992=LINE('',#11059,#2768);
#1993=LINE('',#11060,#2769);
#1994=LINE('',#11063,#2770);
#1995=LINE('',#11065,#2771);
#1996=LINE('',#11066,#2772);
#1997=LINE('',#11069,#2773);
#1998=LINE('',#11071,#2774);
#1999=LINE('',#11072,#2775);
#2000=LINE('',#11074,#2776);
#2001=LINE('',#11075,#2777);
#2002=LINE('',#11080,#2778);
#2003=LINE('',#11082,#2779);
#2004=LINE('',#11084,#2780);
#2005=LINE('',#11085,#2781);
#2006=LINE('',#11088,#2782);
#2007=LINE('',#11090,#2783);
#2008=LINE('',#11091,#2784);
#2009=LINE('',#11094,#2785);
#2010=LINE('',#11096,#2786);
#2011=LINE('',#11097,#2787);
#2012=LINE('',#11100,#2788);
#2013=LINE('',#11102,#2789);
#2014=LINE('',#11103,#2790);
#2015=LINE('',#11106,#2791);
#2016=LINE('',#11108,#2792);
#2017=LINE('',#11109,#2793);
#2018=LINE('',#11112,#2794);
#2019=LINE('',#11114,#2795);
#2020=LINE('',#11115,#2796);
#2021=LINE('',#11118,#2797);
#2022=LINE('',#11120,#2798);
#2023=LINE('',#11121,#2799);
#2024=LINE('',#11124,#2800);
#2025=LINE('',#11126,#2801);
#2026=LINE('',#11127,#2802);
#2027=LINE('',#11130,#2803);
#2028=LINE('',#11132,#2804);
#2029=LINE('',#11133,#2805);
#2030=LINE('',#11135,#2806);
#2031=LINE('',#11136,#2807);
#2032=LINE('',#11141,#2808);
#2033=LINE('',#11143,#2809);
#2034=LINE('',#11145,#2810);
#2035=LINE('',#11146,#2811);
#2036=LINE('',#11164,#2812);
#2037=LINE('',#11187,#2813);
#2038=LINE('',#11210,#2814);
#2039=LINE('',#11233,#2815);
#2040=LINE('',#11256,#2816);
#2041=LINE('',#11279,#2817);
#2042=LINE('',#11287,#2818);
#2043=LINE('',#11289,#2819);
#2044=LINE('',#11290,#2820);
#2045=LINE('',#11292,#2821);
#2046=LINE('',#11293,#2822);
#2047=LINE('',#11297,#2823);
#2048=LINE('',#11299,#2824);
#2049=LINE('',#11301,#2825);
#2050=LINE('',#11302,#2826);
#2051=LINE('',#11320,#2827);
#2052=LINE('',#11343,#2828);
#2053=LINE('',#11366,#2829);
#2054=LINE('',#11389,#2830);
#2055=LINE('',#11412,#2831);
#2056=LINE('',#11435,#2832);
#2057=LINE('',#11458,#2833);
#2058=LINE('',#11466,#2834);
#2059=LINE('',#11468,#2835);
#2060=LINE('',#11469,#2836);
#2061=LINE('',#11471,#2837);
#2062=LINE('',#11472,#2838);
#2063=LINE('',#11491,#2839);
#2064=LINE('',#11498,#2840);
#2065=LINE('',#11516,#2841);
#2066=LINE('',#11539,#2842);
#2067=LINE('',#11562,#2843);
#2068=LINE('',#11585,#2844);
#2069=LINE('',#11608,#2845);
#2070=LINE('',#11631,#2846);
#2071=LINE('',#11654,#2847);
#2072=LINE('',#11677,#2848);
#2073=LINE('',#11700,#2849);
#2074=LINE('',#11723,#2850);
#2075=LINE('',#11731,#2851);
#2076=LINE('',#11733,#2852);
#2077=LINE('',#11734,#2853);
#2078=LINE('',#11737,#2854);
#2079=LINE('',#11739,#2855);
#2080=LINE('',#11740,#2856);
#2081=LINE('',#11742,#2857);
#2082=LINE('',#11743,#2858);
#2083=LINE('',#11763,#2859);
#2084=LINE('',#11770,#2860);
#2085=LINE('',#11788,#2861);
#2086=LINE('',#11796,#2862);
#2087=LINE('',#11798,#2863);
#2088=LINE('',#11799,#2864);
#2089=LINE('',#11802,#2865);
#2090=LINE('',#11804,#2866);
#2091=LINE('',#11805,#2867);
#2092=LINE('',#11807,#2868);
#2093=LINE('',#11808,#2869);
#2094=LINE('',#11812,#2870);
#2095=LINE('',#11814,#2871);
#2096=LINE('',#11816,#2872);
#2097=LINE('',#11817,#2873);
#2098=LINE('',#11820,#2874);
#2099=LINE('',#11822,#2875);
#2100=LINE('',#11823,#2876);
#2101=LINE('',#11826,#2877);
#2102=LINE('',#11828,#2878);
#2103=LINE('',#11829,#2879);
#2104=LINE('',#11832,#2880);
#2105=LINE('',#11834,#2881);
#2106=LINE('',#11835,#2882);
#2107=LINE('',#11838,#2883);
#2108=LINE('',#11840,#2884);
#2109=LINE('',#11841,#2885);
#2110=LINE('',#11844,#2886);
#2111=LINE('',#11846,#2887);
#2112=LINE('',#11847,#2888);
#2113=LINE('',#11850,#2889);
#2114=LINE('',#11852,#2890);
#2115=LINE('',#11853,#2891);
#2116=LINE('',#11855,#2892);
#2117=LINE('',#11856,#2893);
#2118=LINE('',#11861,#2894);
#2119=LINE('',#11863,#2895);
#2120=LINE('',#11865,#2896);
#2121=LINE('',#11866,#2897);
#2122=LINE('',#11884,#2898);
#2123=LINE('',#11907,#2899);
#2124=LINE('',#11930,#2900);
#2125=LINE('',#11953,#2901);
#2126=LINE('',#11976,#2902);
#2127=LINE('',#11999,#2903);
#2128=LINE('',#12022,#2904);
#2129=LINE('',#12045,#2905);
#2130=LINE('',#12068,#2906);
#2131=LINE('',#12091,#2907);
#2132=LINE('',#12114,#2908);
#2133=LINE('',#12137,#2909);
#2134=LINE('',#12145,#2910);
#2135=LINE('',#12147,#2911);
#2136=LINE('',#12148,#2912);
#2137=LINE('',#12166,#2913);
#2138=LINE('',#12189,#2914);
#2139=LINE('',#12212,#2915);
#2140=LINE('',#12235,#2916);
#2141=LINE('',#12258,#2917);
#2142=LINE('',#12281,#2918);
#2143=LINE('',#12304,#2919);
#2144=LINE('',#12327,#2920);
#2145=LINE('',#12350,#2921);
#2146=LINE('',#12373,#2922);
#2147=LINE('',#12396,#2923);
#2148=LINE('',#12404,#2924);
#2149=LINE('',#12406,#2925);
#2150=LINE('',#12407,#2926);
#2151=LINE('',#12410,#2927);
#2152=LINE('',#12412,#2928);
#2153=LINE('',#12413,#2929);
#2154=LINE('',#12416,#2930);
#2155=LINE('',#12418,#2931);
#2156=LINE('',#12419,#2932);
#2157=LINE('',#12421,#2933);
#2158=LINE('',#12422,#2934);
#2159=LINE('',#12442,#2935);
#2160=LINE('',#12449,#2936);
#2161=LINE('',#12467,#2937);
#2162=LINE('',#12490,#2938);
#2163=LINE('',#12513,#2939);
#2164=LINE('',#12536,#2940);
#2165=LINE('',#12559,#2941);
#2166=LINE('',#12582,#2942);
#2167=LINE('',#12605,#2943);
#2168=LINE('',#12649,#2944);
#2169=LINE('',#12656,#2945);
#2170=LINE('',#12674,#2946);
#2171=LINE('',#12697,#2947);
#2172=LINE('',#12720,#2948);
#2173=LINE('',#12743,#2949);
#2174=LINE('',#12766,#2950);
#2175=LINE('',#12789,#2951);
#2176=LINE('',#12812,#2952);
#2177=LINE('',#12835,#2953);
#2178=LINE('',#12858,#2954);
#2179=LINE('',#12888,#2955);
#2180=LINE('',#12890,#2956);
#2181=LINE('',#12892,#2957);
#2182=LINE('',#12893,#2958);
#2183=LINE('',#12896,#2959);
#2184=LINE('',#12898,#2960);
#2185=LINE('',#12899,#2961);
#2186=LINE('',#12902,#2962);
#2187=LINE('',#12904,#2963);
#2188=LINE('',#12905,#2964);
#2189=LINE('',#12908,#2965);
#2190=LINE('',#12910,#2966);
#2191=LINE('',#12911,#2967);
#2192=LINE('',#12914,#2968);
#2193=LINE('',#12916,#2969);
#2194=LINE('',#12917,#2970);
#2195=LINE('',#12920,#2971);
#2196=LINE('',#12922,#2972);
#2197=LINE('',#12923,#2973);
#2198=LINE('',#12926,#2974);
#2199=LINE('',#12928,#2975);
#2200=LINE('',#12929,#2976);
#2201=LINE('',#12931,#2977);
#2202=LINE('',#12932,#2978);
#2203=LINE('',#12937,#2979);
#2204=LINE('',#12939,#2980);
#2205=LINE('',#12941,#2981);
#2206=LINE('',#12942,#2982);
#2207=LINE('',#12960,#2983);
#2208=LINE('',#12983,#2984);
#2209=LINE('',#13006,#2985);
#2210=LINE('',#13029,#2986);
#2211=LINE('',#13052,#2987);
#2212=LINE('',#13060,#2988);
#2213=LINE('',#13062,#2989);
#2214=LINE('',#13063,#2990);
#2215=LINE('',#13065,#2991);
#2216=LINE('',#13066,#2992);
#2217=LINE('',#13070,#2993);
#2218=LINE('',#13072,#2994);
#2219=LINE('',#13074,#2995);
#2220=LINE('',#13075,#2996);
#2221=LINE('',#13078,#2997);
#2222=LINE('',#13080,#2998);
#2223=LINE('',#13081,#2999);
#2224=LINE('',#13099,#3000);
#2225=LINE('',#13122,#3001);
#2226=LINE('',#13145,#3002);
#2227=LINE('',#13168,#3003);
#2228=LINE('',#13191,#3004);
#2229=LINE('',#13214,#3005);
#2230=LINE('',#13222,#3006);
#2231=LINE('',#13224,#3007);
#2232=LINE('',#13225,#3008);
#2233=LINE('',#13228,#3009);
#2234=LINE('',#13230,#3010);
#2235=LINE('',#13231,#3011);
#2236=LINE('',#13233,#3012);
#2237=LINE('',#13234,#3013);
#2238=LINE('',#13239,#3014);
#2239=LINE('',#13241,#3015);
#2240=LINE('',#13243,#3016);
#2241=LINE('',#13244,#3017);
#2242=LINE('',#13247,#3018);
#2243=LINE('',#13249,#3019);
#2244=LINE('',#13250,#3020);
#2245=LINE('',#13253,#3021);
#2246=LINE('',#13255,#3022);
#2247=LINE('',#13256,#3023);
#2248=LINE('',#13259,#3024);
#2249=LINE('',#13261,#3025);
#2250=LINE('',#13262,#3026);
#2251=LINE('',#13265,#3027);
#2252=LINE('',#13267,#3028);
#2253=LINE('',#13268,#3029);
#2254=LINE('',#13271,#3030);
#2255=LINE('',#13273,#3031);
#2256=LINE('',#13274,#3032);
#2257=LINE('',#13277,#3033);
#2258=LINE('',#13279,#3034);
#2259=LINE('',#13280,#3035);
#2260=LINE('',#13283,#3036);
#2261=LINE('',#13285,#3037);
#2262=LINE('',#13286,#3038);
#2263=LINE('',#13289,#3039);
#2264=LINE('',#13291,#3040);
#2265=LINE('',#13292,#3041);
#2266=LINE('',#13294,#3042);
#2267=LINE('',#13295,#3043);
#2268=LINE('',#13300,#3044);
#2269=LINE('',#13302,#3045);
#2270=LINE('',#13304,#3046);
#2271=LINE('',#13305,#3047);
#2272=LINE('',#13308,#3048);
#2273=LINE('',#13310,#3049);
#2274=LINE('',#13311,#3050);
#2275=LINE('',#13314,#3051);
#2276=LINE('',#13316,#3052);
#2277=LINE('',#13317,#3053);
#2278=LINE('',#13319,#3054);
#2279=LINE('',#13320,#3055);
#2280=LINE('',#13325,#3056);
#2281=LINE('',#13327,#3057);
#2282=LINE('',#13329,#3058);
#2283=LINE('',#13330,#3059);
#2284=LINE('',#13333,#3060);
#2285=LINE('',#13335,#3061);
#2286=LINE('',#13336,#3062);
#2287=LINE('',#13339,#3063);
#2288=LINE('',#13341,#3064);
#2289=LINE('',#13342,#3065);
#2290=LINE('',#13345,#3066);
#2291=LINE('',#13347,#3067);
#2292=LINE('',#13348,#3068);
#2293=LINE('',#13366,#3069);
#2294=LINE('',#13389,#3070);
#2295=LINE('',#13397,#3071);
#2296=LINE('',#13399,#3072);
#2297=LINE('',#13400,#3073);
#2298=LINE('',#13403,#3074);
#2299=LINE('',#13405,#3075);
#2300=LINE('',#13406,#3076);
#2301=LINE('',#13409,#3077);
#2302=LINE('',#13411,#3078);
#2303=LINE('',#13412,#3079);
#2304=LINE('',#13415,#3080);
#2305=LINE('',#13417,#3081);
#2306=LINE('',#13418,#3082);
#2307=LINE('',#13420,#3083);
#2308=LINE('',#13421,#3084);
#2309=LINE('',#13426,#3085);
#2310=LINE('',#13428,#3086);
#2311=LINE('',#13430,#3087);
#2312=LINE('',#13431,#3088);
#2313=LINE('',#13434,#3089);
#2314=LINE('',#13436,#3090);
#2315=LINE('',#13437,#3091);
#2316=LINE('',#13440,#3092);
#2317=LINE('',#13442,#3093);
#2318=LINE('',#13443,#3094);
#2319=LINE('',#13446,#3095);
#2320=LINE('',#13448,#3096);
#2321=LINE('',#13449,#3097);
#2322=LINE('',#13452,#3098);
#2323=LINE('',#13454,#3099);
#2324=LINE('',#13455,#3100);
#2325=LINE('',#13458,#3101);
#2326=LINE('',#13460,#3102);
#2327=LINE('',#13461,#3103);
#2328=LINE('',#13464,#3104);
#2329=LINE('',#13466,#3105);
#2330=LINE('',#13467,#3106);
#2331=LINE('',#13470,#3107);
#2332=LINE('',#13472,#3108);
#2333=LINE('',#13473,#3109);
#2334=LINE('',#13476,#3110);
#2335=LINE('',#13478,#3111);
#2336=LINE('',#13479,#3112);
#2337=LINE('',#13481,#3113);
#2338=LINE('',#13482,#3114);
#2339=LINE('',#13487,#3115);
#2340=LINE('',#13489,#3116);
#2341=LINE('',#13491,#3117);
#2342=LINE('',#13492,#3118);
#2343=LINE('',#13510,#3119);
#2344=LINE('',#13533,#3120);
#2345=LINE('',#13556,#3121);
#2346=LINE('',#13579,#3122);
#2347=LINE('',#13602,#3123);
#2348=LINE('',#13625,#3124);
#2349=LINE('',#13648,#3125);
#2350=LINE('',#13656,#3126);
#2351=LINE('',#13658,#3127);
#2352=LINE('',#13659,#3128);
#2353=LINE('',#13661,#3129);
#2354=LINE('',#13662,#3130);
#2355=LINE('',#13681,#3131);
#2356=LINE('',#13688,#3132);
#2357=LINE('',#13706,#3133);
#2358=LINE('',#13729,#3134);
#2359=LINE('',#13752,#3135);
#2360=LINE('',#13775,#3136);
#2361=LINE('',#13798,#3137);
#2362=LINE('',#13821,#3138);
#2363=LINE('',#13844,#3139);
#2364=LINE('',#13867,#3140);
#2365=LINE('',#13875,#3141);
#2366=LINE('',#13877,#3142);
#2367=LINE('',#13878,#3143);
#2368=LINE('',#13881,#3144);
#2369=LINE('',#13883,#3145);
#2370=LINE('',#13884,#3146);
#2371=LINE('',#13886,#3147);
#2372=LINE('',#13887,#3148);
#2373=LINE('',#13892,#3149);
#2374=LINE('',#13894,#3150);
#2375=LINE('',#13896,#3151);
#2376=LINE('',#13897,#3152);
#2377=LINE('',#13915,#3153);
#2378=LINE('',#13938,#3154);
#2379=LINE('',#13961,#3155);
#2380=LINE('',#13984,#3156);
#2381=LINE('',#14007,#3157);
#2382=LINE('',#14015,#3158);
#2383=LINE('',#14017,#3159);
#2384=LINE('',#14018,#3160);
#2385=LINE('',#14020,#3161);
#2386=LINE('',#14021,#3162);
#2387=LINE('',#14025,#3163);
#2388=LINE('',#14027,#3164);
#2389=LINE('',#14029,#3165);
#2390=LINE('',#14030,#3166);
#2391=LINE('',#14033,#3167);
#2392=LINE('',#14035,#3168);
#2393=LINE('',#14036,#3169);
#2394=LINE('',#14054,#3170);
#2395=LINE('',#14077,#3171);
#2396=LINE('',#14100,#3172);
#2397=LINE('',#14123,#3173);
#2398=LINE('',#14131,#3174);
#2399=LINE('',#14133,#3175);
#2400=LINE('',#14134,#3176);
#2401=LINE('',#14137,#3177);
#2402=LINE('',#14139,#3178);
#2403=LINE('',#14140,#3179);
#2404=LINE('',#14143,#3180);
#2405=LINE('',#14145,#3181);
#2406=LINE('',#14146,#3182);
#2407=LINE('',#14164,#3183);
#2408=LINE('',#14187,#3184);
#2409=LINE('',#14210,#3185);
#2410=LINE('',#14233,#3186);
#2411=LINE('',#14256,#3187);
#2412=LINE('',#14279,#3188);
#2413=LINE('',#14302,#3189);
#2414=LINE('',#14310,#3190);
#2415=LINE('',#14312,#3191);
#2416=LINE('',#14313,#3192);
#2417=LINE('',#14316,#3193);
#2418=LINE('',#14318,#3194);
#2419=LINE('',#14319,#3195);
#2420=LINE('',#14321,#3196);
#2421=LINE('',#14322,#3197);
#2422=LINE('',#14342,#3198);
#2423=LINE('',#14349,#3199);
#2424=LINE('',#14367,#3200);
#2425=LINE('',#14390,#3201);
#2426=LINE('',#14413,#3202);
#2427=LINE('',#14436,#3203);
#2428=LINE('',#14459,#3204);
#2429=LINE('',#14482,#3205);
#2430=LINE('',#14505,#3206);
#2431=LINE('',#14549,#3207);
#2432=LINE('',#14556,#3208);
#2433=LINE('',#14574,#3209);
#2434=LINE('',#14597,#3210);
#2435=LINE('',#14620,#3211);
#2436=LINE('',#14643,#3212);
#2437=LINE('',#14666,#3213);
#2438=LINE('',#14689,#3214);
#2439=LINE('',#14712,#3215);
#2440=LINE('',#14735,#3216);
#2441=LINE('',#14758,#3217);
#2442=LINE('',#14803,#3218);
#2443=LINE('',#14810,#3219);
#2444=LINE('',#14828,#3220);
#2445=LINE('',#14851,#3221);
#2446=LINE('',#14874,#3222);
#2447=LINE('',#14897,#3223);
#2448=LINE('',#14920,#3224);
#2449=LINE('',#14943,#3225);
#2450=LINE('',#14966,#3226);
#2451=LINE('',#14989,#3227);
#2452=LINE('',#15012,#3228);
#2453=LINE('',#15035,#3229);
#2454=LINE('',#15058,#3230);
#2455=LINE('',#15081,#3231);
#2456=LINE('',#15104,#3232);
#2457=LINE('',#15112,#3233);
#2458=LINE('',#15114,#3234);
#2459=LINE('',#15115,#3235);
#2460=LINE('',#15133,#3236);
#2461=LINE('',#15156,#3237);
#2462=LINE('',#15179,#3238);
#2463=LINE('',#15202,#3239);
#2464=LINE('',#15225,#3240);
#2465=LINE('',#15248,#3241);
#2466=LINE('',#15271,#3242);
#2467=LINE('',#15294,#3243);
#2468=LINE('',#15317,#3244);
#2469=LINE('',#15340,#3245);
#2470=LINE('',#15363,#3246);
#2471=LINE('',#15386,#3247);
#2472=LINE('',#15409,#3248);
#2473=LINE('',#15432,#3249);
#2474=LINE('',#15455,#3250);
#2475=LINE('',#15478,#3251);
#2476=LINE('',#15501,#3252);
#2477=LINE('',#15524,#3253);
#2478=LINE('',#15532,#3254);
#2479=LINE('',#15534,#3255);
#2480=LINE('',#15535,#3256);
#2481=LINE('',#15575,#3257);
#2482=LINE('',#15582,#3258);
#2483=LINE('',#15600,#3259);
#2484=LINE('',#15608,#3260);
#2485=LINE('',#15610,#3261);
#2486=LINE('',#15611,#3262);
#2487=LINE('',#15614,#3263);
#2488=LINE('',#15616,#3264);
#2489=LINE('',#15617,#3265);
#2490=LINE('',#15619,#3266);
#2491=LINE('',#15620,#3267);
#2492=LINE('',#15624,#3268);
#2493=LINE('',#15626,#3269);
#2494=LINE('',#15628,#3270);
#2495=LINE('',#15629,#3271);
#2496=LINE('',#15632,#3272);
#2497=LINE('',#15634,#3273);
#2498=LINE('',#15635,#3274);
#2499=LINE('',#15638,#3275);
#2500=LINE('',#15640,#3276);
#2501=LINE('',#15641,#3277);
#2502=LINE('',#15644,#3278);
#2503=LINE('',#15646,#3279);
#2504=LINE('',#15647,#3280);
#2505=LINE('',#15650,#3281);
#2506=LINE('',#15652,#3282);
#2507=LINE('',#15653,#3283);
#2508=LINE('',#15656,#3284);
#2509=LINE('',#15658,#3285);
#2510=LINE('',#15659,#3286);
#2511=LINE('',#15662,#3287);
#2512=LINE('',#15664,#3288);
#2513=LINE('',#15665,#3289);
#2514=LINE('',#15667,#3290);
#2515=LINE('',#15668,#3291);
#2516=LINE('',#15673,#3292);
#2517=LINE('',#15675,#3293);
#2518=LINE('',#15677,#3294);
#2519=LINE('',#15678,#3295);
#2520=LINE('',#15681,#3296);
#2521=LINE('',#15683,#3297);
#2522=LINE('',#15684,#3298);
#2523=LINE('',#15687,#3299);
#2524=LINE('',#15689,#3300);
#2525=LINE('',#15690,#3301);
#2526=LINE('',#15693,#3302);
#2527=LINE('',#15695,#3303);
#2528=LINE('',#15696,#3304);
#2529=LINE('',#15699,#3305);
#2530=LINE('',#15701,#3306);
#2531=LINE('',#15702,#3307);
#2532=LINE('',#15705,#3308);
#2533=LINE('',#15707,#3309);
#2534=LINE('',#15708,#3310);
#2535=LINE('',#15711,#3311);
#2536=LINE('',#15713,#3312);
#2537=LINE('',#15714,#3313);
#2538=LINE('',#15717,#3314);
#2539=LINE('',#15719,#3315);
#2540=LINE('',#15720,#3316);
#2541=LINE('',#15723,#3317);
#2542=LINE('',#15725,#3318);
#2543=LINE('',#15726,#3319);
#2544=LINE('',#15729,#3320);
#2545=LINE('',#15731,#3321);
#2546=LINE('',#15732,#3322);
#2547=LINE('',#15735,#3323);
#2548=LINE('',#15737,#3324);
#2549=LINE('',#15738,#3325);
#2550=LINE('',#15740,#3326);
#2551=LINE('',#15741,#3327);
#2552=LINE('',#15748,#3328);
#2553=LINE('',#15752,#3329);
#2554=LINE('',#15756,#3330);
#2555=LINE('',#15760,#3331);
#2556=LINE('',#15762,#3332);
#2557=LINE('',#15764,#3333);
#2558=LINE('',#15766,#3334);
#2559=LINE('',#15767,#3335);
#2560=LINE('',#15772,#3336);
#2561=LINE('',#15776,#3337);
#2562=LINE('',#15780,#3338);
#2563=LINE('',#15783,#3339);
#2564=LINE('',#15790,#3340);
#2565=LINE('',#15794,#3341);
#2566=LINE('',#15798,#3342);
#2567=LINE('',#15801,#3343);
#2568=LINE('',#15808,#3344);
#2569=LINE('',#15812,#3345);
#2570=LINE('',#15816,#3346);
#2571=LINE('',#15819,#3347);
#2572=LINE('',#15824,#3348);
#2573=LINE('',#15828,#3349);
#2574=LINE('',#15832,#3350);
#2575=LINE('',#15835,#3351);
#2576=LINE('',#15850,#3352);
#2577=LINE('',#15853,#3353);
#2578=LINE('',#15856,#3354);
#2579=LINE('',#15857,#3355);
#2580=LINE('',#15860,#3356);
#2581=LINE('',#15862,#3357);
#2582=LINE('',#15864,#3358);
#2583=LINE('',#15866,#3359);
#2584=LINE('',#15868,#3360);
#2585=LINE('',#15872,#3361);
#2586=LINE('',#15876,#3362);
#2587=LINE('',#15886,#3363);
#2588=LINE('',#15890,#3364);
#2589=LINE('',#15894,#3365);
#2590=LINE('',#15897,#3366);
#2591=LINE('',#15902,#3367);
#2592=LINE('',#15906,#3368);
#2593=LINE('',#15910,#3369);
#2594=LINE('',#15913,#3370);
#2595=LINE('',#15920,#3371);
#2596=LINE('',#15924,#3372);
#2597=LINE('',#15928,#3373);
#2598=LINE('',#15931,#3374);
#2599=LINE('',#15938,#3375);
#2600=LINE('',#15942,#3376);
#2601=LINE('',#15946,#3377);
#2602=LINE('',#15949,#3378);
#2603=LINE('',#15951,#3379);
#2604=LINE('',#15952,#3380);
#2605=LINE('',#15954,#3381);
#2606=LINE('',#15956,#3382);
#2607=LINE('',#15958,#3383);
#2608=LINE('',#15960,#3384);
#2609=LINE('',#15961,#3385);
#2610=LINE('',#15963,#3386);
#2611=LINE('',#15965,#3387);
#2612=LINE('',#15967,#3388);
#2613=LINE('',#15969,#3389);
#2614=LINE('',#15971,#3390);
#2615=LINE('',#15973,#3391);
#2616=LINE('',#15976,#3392);
#2617=LINE('',#15978,#3393);
#2618=LINE('',#15979,#3394);
#2619=LINE('',#15981,#3395);
#2620=LINE('',#15983,#3396);
#2621=LINE('',#15985,#3397);
#2622=LINE('',#15987,#3398);
#2623=LINE('',#15989,#3399);
#2624=LINE('',#15991,#3400);
#2625=LINE('',#15994,#3401);
#2626=LINE('',#15996,#3402);
#2627=LINE('',#15997,#3403);
#2628=LINE('',#15999,#3404);
#2629=LINE('',#16001,#3405);
#2630=LINE('',#16003,#3406);
#2631=LINE('',#16005,#3407);
#2632=LINE('',#16007,#3408);
#2633=LINE('',#16009,#3409);
#2634=LINE('',#16012,#3410);
#2635=LINE('',#16013,#3411);
#2636=LINE('',#16015,#3412);
#2637=LINE('',#16017,#3413);
#2638=LINE('',#16019,#3414);
#2639=LINE('',#16021,#3415);
#2640=LINE('',#16023,#3416);
#2641=LINE('',#16025,#3417);
#2642=LINE('',#16028,#3418);
#2643=LINE('',#16030,#3419);
#2644=LINE('',#16032,#3420);
#2645=LINE('',#16035,#3421);
#2646=LINE('',#16037,#3422);
#2647=LINE('',#16039,#3423);
#2648=LINE('',#16047,#3424);
#2649=LINE('',#16049,#3425);
#2650=LINE('',#16051,#3426);
#2651=LINE('',#16052,#3427);
#2652=LINE('',#16056,#3428);
#2653=LINE('',#16057,#3429);
#2654=LINE('',#16058,#3430);
#2655=LINE('',#16061,#3431);
#2656=LINE('',#16063,#3432);
#2657=LINE('',#16064,#3433);
#2658=LINE('',#16066,#3434);
#2659=LINE('',#16136,#3435);
#2660=LINE('',#16207,#3436);
#2661=LINE('',#16209,#3437);
#2662=LINE('',#16211,#3438);
#2663=LINE('',#16213,#3439);
#2664=LINE('',#16215,#3440);
#2665=LINE('',#16217,#3441);
#2666=LINE('',#16219,#3442);
#2667=LINE('',#16221,#3443);
#2668=LINE('',#16223,#3444);
#2669=LINE('',#16225,#3445);
#2670=LINE('',#16227,#3446);
#2671=LINE('',#16229,#3447);
#2672=LINE('',#16231,#3448);
#2673=LINE('',#16233,#3449);
#2674=LINE('',#16235,#3450);
#2675=LINE('',#16237,#3451);
#2676=LINE('',#16239,#3452);
#2677=LINE('',#16241,#3453);
#2678=LINE('',#16243,#3454);
#2679=LINE('',#16245,#3455);
#2680=LINE('',#16247,#3456);
#2681=LINE('',#16249,#3457);
#2682=LINE('',#16251,#3458);
#2683=LINE('',#16253,#3459);
#2684=LINE('',#16255,#3460);
#2685=LINE('',#16257,#3461);
#2686=LINE('',#16259,#3462);
#2687=LINE('',#16261,#3463);
#2688=LINE('',#16263,#3464);
#2689=LINE('',#16265,#3465);
#2690=LINE('',#16267,#3466);
#2691=LINE('',#16269,#3467);
#2692=LINE('',#16271,#3468);
#2693=LINE('',#16273,#3469);
#2694=VECTOR('',#9213,10.);
#2695=VECTOR('',#9216,10.);
#2696=VECTOR('',#9219,10.);
#2697=VECTOR('',#9220,10.);
#2698=VECTOR('',#9221,10.);
#2699=VECTOR('',#9222,10.);
#2700=VECTOR('',#9223,10.);
#2701=VECTOR('',#9224,10.);
#2702=VECTOR('',#9225,10.);
#2703=VECTOR('',#9226,10.);
#2704=VECTOR('',#9227,10.);
#2705=VECTOR('',#9230,10.);
#2706=VECTOR('',#9233,10.);
#2707=VECTOR('',#9236,10.);
#2708=VECTOR('',#9247,10.);
#2709=VECTOR('',#9248,10.);
#2710=VECTOR('',#9249,10.);
#2711=VECTOR('',#9250,10.);
#2712=VECTOR('',#9251,10.);
#2713=VECTOR('',#9256,10.);
#2714=VECTOR('',#9259,10.);
#2715=VECTOR('',#9262,10.);
#2716=VECTOR('',#9265,10.);
#2717=VECTOR('',#9266,10.);
#2718=VECTOR('',#9271,10.);
#2719=VECTOR('',#9274,10.);
#2720=VECTOR('',#9275,10.);
#2721=VECTOR('',#9278,10.);
#2722=VECTOR('',#9279,10.);
#2723=VECTOR('',#9282,10.);
#2724=VECTOR('',#9285,10.);
#2725=VECTOR('',#9286,10.);
#2726=VECTOR('',#9287,10.);
#2727=VECTOR('',#9290,10.);
#2728=VECTOR('',#9291,10.);
#2729=VECTOR('',#9292,10.);
#2730=VECTOR('',#9295,10.);
#2731=VECTOR('',#9300,3.);
#2732=VECTOR('',#9307,3.);
#2733=VECTOR('',#9314,3.);
#2734=VECTOR('',#9321,3.);
#2735=VECTOR('',#9326,10.);
#2736=VECTOR('',#9331,10.);
#2737=VECTOR('',#9334,10.);
#2738=VECTOR('',#9339,1.7);
#2739=VECTOR('',#9346,1.7);
#2740=VECTOR('',#9353,1.7);
#2741=VECTOR('',#9360,1.7);
#2742=VECTOR('',#9369,10.);
#2743=VECTOR('',#9370,10.);
#2744=VECTOR('',#9371,10.);
#2745=VECTOR('',#9372,10.);
#2746=VECTOR('',#9375,10.);
#2747=VECTOR('',#9376,10.);
#2748=VECTOR('',#9377,10.);
#2749=VECTOR('',#9380,10.);
#2750=VECTOR('',#9381,10.);
#2751=VECTOR('',#9382,10.);
#2752=VECTOR('',#9385,10.);
#2753=VECTOR('',#9386,10.);
#2754=VECTOR('',#9387,10.);
#2755=VECTOR('',#9390,10.);
#2756=VECTOR('',#9391,10.);
#2757=VECTOR('',#9392,10.);
#2758=VECTOR('',#9395,10.);
#2759=VECTOR('',#9396,10.);
#2760=VECTOR('',#9397,10.);
#2761=VECTOR('',#9400,10.);
#2762=VECTOR('',#9401,10.);
#2763=VECTOR('',#9402,10.);
#2764=VECTOR('',#9405,10.);
#2765=VECTOR('',#9406,10.);
#2766=VECTOR('',#9407,10.);
#2767=VECTOR('',#9410,10.);
#2768=VECTOR('',#9411,10.);
#2769=VECTOR('',#9412,10.);
#2770=VECTOR('',#9415,10.);
#2771=VECTOR('',#9416,10.);
#2772=VECTOR('',#9417,10.);
#2773=VECTOR('',#9420,10.);
#2774=VECTOR('',#9421,10.);
#2775=VECTOR('',#9422,10.);
#2776=VECTOR('',#9425,10.);
#2777=VECTOR('',#9426,10.);
#2778=VECTOR('',#9431,10.);
#2779=VECTOR('',#9432,10.);
#2780=VECTOR('',#9433,10.);
#2781=VECTOR('',#9434,10.);
#2782=VECTOR('',#9437,10.);
#2783=VECTOR('',#9438,10.);
#2784=VECTOR('',#9439,10.);
#2785=VECTOR('',#9442,10.);
#2786=VECTOR('',#9443,10.);
#2787=VECTOR('',#9444,10.);
#2788=VECTOR('',#9447,10.);
#2789=VECTOR('',#9448,10.);
#2790=VECTOR('',#9449,10.);
#2791=VECTOR('',#9452,10.);
#2792=VECTOR('',#9453,10.);
#2793=VECTOR('',#9454,10.);
#2794=VECTOR('',#9457,10.);
#2795=VECTOR('',#9458,10.);
#2796=VECTOR('',#9459,10.);
#2797=VECTOR('',#9462,10.);
#2798=VECTOR('',#9463,10.);
#2799=VECTOR('',#9464,10.);
#2800=VECTOR('',#9467,10.);
#2801=VECTOR('',#9468,10.);
#2802=VECTOR('',#9469,10.);
#2803=VECTOR('',#9472,10.);
#2804=VECTOR('',#9473,10.);
#2805=VECTOR('',#9474,10.);
#2806=VECTOR('',#9477,10.);
#2807=VECTOR('',#9478,10.);
#2808=VECTOR('',#9483,10.);
#2809=VECTOR('',#9484,10.);
#2810=VECTOR('',#9485,10.);
#2811=VECTOR('',#9486,10.);
#2812=VECTOR('',#9487,10.);
#2813=VECTOR('',#9488,10.);
#2814=VECTOR('',#9489,10.);
#2815=VECTOR('',#9490,10.);
#2816=VECTOR('',#9491,10.);
#2817=VECTOR('',#9492,10.);
#2818=VECTOR('',#9495,10.);
#2819=VECTOR('',#9496,10.);
#2820=VECTOR('',#9497,10.);
#2821=VECTOR('',#9500,10.);
#2822=VECTOR('',#9501,10.);
#2823=VECTOR('',#9504,10.);
#2824=VECTOR('',#9505,10.);
#2825=VECTOR('',#9506,10.);
#2826=VECTOR('',#9507,10.);
#2827=VECTOR('',#9508,10.);
#2828=VECTOR('',#9509,10.);
#2829=VECTOR('',#9510,10.);
#2830=VECTOR('',#9511,10.);
#2831=VECTOR('',#9512,10.);
#2832=VECTOR('',#9513,10.);
#2833=VECTOR('',#9514,10.);
#2834=VECTOR('',#9517,10.);
#2835=VECTOR('',#9518,10.);
#2836=VECTOR('',#9519,10.);
#2837=VECTOR('',#9522,10.);
#2838=VECTOR('',#9523,10.);
#2839=VECTOR('',#9524,10.);
#2840=VECTOR('',#9525,10.);
#2841=VECTOR('',#9526,10.);
#2842=VECTOR('',#9527,10.);
#2843=VECTOR('',#9528,10.);
#2844=VECTOR('',#9529,10.);
#2845=VECTOR('',#9530,10.);
#2846=VECTOR('',#9531,10.);
#2847=VECTOR('',#9532,10.);
#2848=VECTOR('',#9533,10.);
#2849=VECTOR('',#9534,10.);
#2850=VECTOR('',#9535,10.);
#2851=VECTOR('',#9538,10.);
#2852=VECTOR('',#9539,10.);
#2853=VECTOR('',#9540,10.);
#2854=VECTOR('',#9543,10.);
#2855=VECTOR('',#9544,10.);
#2856=VECTOR('',#9545,10.);
#2857=VECTOR('',#9548,10.);
#2858=VECTOR('',#9549,10.);
#2859=VECTOR('',#9552,10.);
#2860=VECTOR('',#9553,10.);
#2861=VECTOR('',#9554,10.);
#2862=VECTOR('',#9557,10.);
#2863=VECTOR('',#9558,10.);
#2864=VECTOR('',#9559,10.);
#2865=VECTOR('',#9562,10.);
#2866=VECTOR('',#9563,10.);
#2867=VECTOR('',#9564,10.);
#2868=VECTOR('',#9567,10.);
#2869=VECTOR('',#9568,10.);
#2870=VECTOR('',#9571,10.);
#2871=VECTOR('',#9572,10.);
#2872=VECTOR('',#9573,10.);
#2873=VECTOR('',#9574,10.);
#2874=VECTOR('',#9577,10.);
#2875=VECTOR('',#9578,10.);
#2876=VECTOR('',#9579,10.);
#2877=VECTOR('',#9582,10.);
#2878=VECTOR('',#9583,10.);
#2879=VECTOR('',#9584,10.);
#2880=VECTOR('',#9587,10.);
#2881=VECTOR('',#9588,10.);
#2882=VECTOR('',#9589,10.);
#2883=VECTOR('',#9592,10.);
#2884=VECTOR('',#9593,10.);
#2885=VECTOR('',#9594,10.);
#2886=VECTOR('',#9597,10.);
#2887=VECTOR('',#9598,10.);
#2888=VECTOR('',#9599,10.);
#2889=VECTOR('',#9602,10.);
#2890=VECTOR('',#9603,10.);
#2891=VECTOR('',#9604,10.);
#2892=VECTOR('',#9607,10.);
#2893=VECTOR('',#9608,10.);
#2894=VECTOR('',#9613,10.);
#2895=VECTOR('',#9614,10.);
#2896=VECTOR('',#9615,10.);
#2897=VECTOR('',#9616,10.);
#2898=VECTOR('',#9617,10.);
#2899=VECTOR('',#9618,10.);
#2900=VECTOR('',#9619,10.);
#2901=VECTOR('',#9620,10.);
#2902=VECTOR('',#9621,10.);
#2903=VECTOR('',#9622,10.);
#2904=VECTOR('',#9623,10.);
#2905=VECTOR('',#9624,10.);
#2906=VECTOR('',#9625,10.);
#2907=VECTOR('',#9626,10.);
#2908=VECTOR('',#9627,10.);
#2909=VECTOR('',#9628,10.);
#2910=VECTOR('',#9631,10.);
#2911=VECTOR('',#9632,10.);
#2912=VECTOR('',#9633,10.);
#2913=VECTOR('',#9634,10.);
#2914=VECTOR('',#9635,10.);
#2915=VECTOR('',#9636,10.);
#2916=VECTOR('',#9637,10.);
#2917=VECTOR('',#9638,10.);
#2918=VECTOR('',#9639,10.);
#2919=VECTOR('',#9640,10.);
#2920=VECTOR('',#9641,10.);
#2921=VECTOR('',#9642,10.);
#2922=VECTOR('',#9643,10.);
#2923=VECTOR('',#9644,10.);
#2924=VECTOR('',#9647,10.);
#2925=VECTOR('',#9648,10.);
#2926=VECTOR('',#9649,10.);
#2927=VECTOR('',#9652,10.);
#2928=VECTOR('',#9653,10.);
#2929=VECTOR('',#9654,10.);
#2930=VECTOR('',#9657,10.);
#2931=VECTOR('',#9658,10.);
#2932=VECTOR('',#9659,10.);
#2933=VECTOR('',#9662,10.);
#2934=VECTOR('',#9663,10.);
#2935=VECTOR('',#9666,10.);
#2936=VECTOR('',#9667,10.);
#2937=VECTOR('',#9668,10.);
#2938=VECTOR('',#9669,10.);
#2939=VECTOR('',#9670,10.);
#2940=VECTOR('',#9671,10.);
#2941=VECTOR('',#9672,10.);
#2942=VECTOR('',#9673,10.);
#2943=VECTOR('',#9674,10.);
#2944=VECTOR('',#9675,10.);
#2945=VECTOR('',#9676,10.);
#2946=VECTOR('',#9677,10.);
#2947=VECTOR('',#9678,10.);
#2948=VECTOR('',#9679,10.);
#2949=VECTOR('',#9680,10.);
#2950=VECTOR('',#9681,10.);
#2951=VECTOR('',#9682,10.);
#2952=VECTOR('',#9683,10.);
#2953=VECTOR('',#9684,10.);
#2954=VECTOR('',#9685,10.);
#2955=VECTOR('',#9690,10.);
#2956=VECTOR('',#9691,10.);
#2957=VECTOR('',#9692,10.);
#2958=VECTOR('',#9693,10.);
#2959=VECTOR('',#9696,10.);
#2960=VECTOR('',#9697,10.);
#2961=VECTOR('',#9698,10.);
#2962=VECTOR('',#9701,10.);
#2963=VECTOR('',#9702,10.);
#2964=VECTOR('',#9703,10.);
#2965=VECTOR('',#9706,10.);
#2966=VECTOR('',#9707,10.);
#2967=VECTOR('',#9708,10.);
#2968=VECTOR('',#9711,10.);
#2969=VECTOR('',#9712,10.);
#2970=VECTOR('',#9713,10.);
#2971=VECTOR('',#9716,10.);
#2972=VECTOR('',#9717,10.);
#2973=VECTOR('',#9718,10.);
#2974=VECTOR('',#9721,10.);
#2975=VECTOR('',#9722,10.);
#2976=VECTOR('',#9723,10.);
#2977=VECTOR('',#9726,10.);
#2978=VECTOR('',#9727,10.);
#2979=VECTOR('',#9732,10.);
#2980=VECTOR('',#9733,10.);
#2981=VECTOR('',#9734,10.);
#2982=VECTOR('',#9735,10.);
#2983=VECTOR('',#9736,10.);
#2984=VECTOR('',#9737,10.);
#2985=VECTOR('',#9738,10.);
#2986=VECTOR('',#9739,10.);
#2987=VECTOR('',#9740,10.);
#2988=VECTOR('',#9743,10.);
#2989=VECTOR('',#9744,10.);
#2990=VECTOR('',#9745,10.);
#2991=VECTOR('',#9748,10.);
#2992=VECTOR('',#9749,10.);
#2993=VECTOR('',#9752,10.);
#2994=VECTOR('',#9753,10.);
#2995=VECTOR('',#9754,10.);
#2996=VECTOR('',#9755,10.);
#2997=VECTOR('',#9758,10.);
#2998=VECTOR('',#9759,10.);
#2999=VECTOR('',#9760,10.);
#3000=VECTOR('',#9761,10.);
#3001=VECTOR('',#9762,10.);
#3002=VECTOR('',#9763,10.);
#3003=VECTOR('',#9764,10.);
#3004=VECTOR('',#9765,10.);
#3005=VECTOR('',#9766,10.);
#3006=VECTOR('',#9769,10.);
#3007=VECTOR('',#9770,10.);
#3008=VECTOR('',#9771,10.);
#3009=VECTOR('',#9774,10.);
#3010=VECTOR('',#9775,10.);
#3011=VECTOR('',#9776,10.);
#3012=VECTOR('',#9779,10.);
#3013=VECTOR('',#9780,10.);
#3014=VECTOR('',#9785,10.);
#3015=VECTOR('',#9786,10.);
#3016=VECTOR('',#9787,10.);
#3017=VECTOR('',#9788,10.);
#3018=VECTOR('',#9791,10.);
#3019=VECTOR('',#9792,10.);
#3020=VECTOR('',#9793,10.);
#3021=VECTOR('',#9796,10.);
#3022=VECTOR('',#9797,10.);
#3023=VECTOR('',#9798,10.);
#3024=VECTOR('',#9801,10.);
#3025=VECTOR('',#9802,10.);
#3026=VECTOR('',#9803,10.);
#3027=VECTOR('',#9806,10.);
#3028=VECTOR('',#9807,10.);
#3029=VECTOR('',#9808,10.);
#3030=VECTOR('',#9811,10.);
#3031=VECTOR('',#9812,10.);
#3032=VECTOR('',#9813,10.);
#3033=VECTOR('',#9816,10.);
#3034=VECTOR('',#9817,10.);
#3035=VECTOR('',#9818,10.);
#3036=VECTOR('',#9821,10.);
#3037=VECTOR('',#9822,10.);
#3038=VECTOR('',#9823,10.);
#3039=VECTOR('',#9826,10.);
#3040=VECTOR('',#9827,10.);
#3041=VECTOR('',#9828,10.);
#3042=VECTOR('',#9831,10.);
#3043=VECTOR('',#9832,10.);
#3044=VECTOR('',#9837,10.);
#3045=VECTOR('',#9838,10.);
#3046=VECTOR('',#9839,10.);
#3047=VECTOR('',#9840,10.);
#3048=VECTOR('',#9843,10.);
#3049=VECTOR('',#9844,10.);
#3050=VECTOR('',#9845,10.);
#3051=VECTOR('',#9848,10.);
#3052=VECTOR('',#9849,10.);
#3053=VECTOR('',#9850,10.);
#3054=VECTOR('',#9853,10.);
#3055=VECTOR('',#9854,10.);
#3056=VECTOR('',#9859,10.);
#3057=VECTOR('',#9860,10.);
#3058=VECTOR('',#9861,10.);
#3059=VECTOR('',#9862,10.);
#3060=VECTOR('',#9865,10.);
#3061=VECTOR('',#9866,10.);
#3062=VECTOR('',#9867,10.);
#3063=VECTOR('',#9870,10.);
#3064=VECTOR('',#9871,10.);
#3065=VECTOR('',#9872,10.);
#3066=VECTOR('',#9875,10.);
#3067=VECTOR('',#9876,10.);
#3068=VECTOR('',#9877,10.);
#3069=VECTOR('',#9878,10.);
#3070=VECTOR('',#9879,10.);
#3071=VECTOR('',#9882,10.);
#3072=VECTOR('',#9883,10.);
#3073=VECTOR('',#9884,10.);
#3074=VECTOR('',#9887,10.);
#3075=VECTOR('',#9888,10.);
#3076=VECTOR('',#9889,10.);
#3077=VECTOR('',#9892,10.);
#3078=VECTOR('',#9893,10.);
#3079=VECTOR('',#9894,10.);
#3080=VECTOR('',#9897,10.);
#3081=VECTOR('',#9898,10.);
#3082=VECTOR('',#9899,10.);
#3083=VECTOR('',#9902,10.);
#3084=VECTOR('',#9903,10.);
#3085=VECTOR('',#9908,10.);
#3086=VECTOR('',#9909,10.);
#3087=VECTOR('',#9910,10.);
#3088=VECTOR('',#9911,10.);
#3089=VECTOR('',#9914,10.);
#3090=VECTOR('',#9915,10.);
#3091=VECTOR('',#9916,10.);
#3092=VECTOR('',#9919,10.);
#3093=VECTOR('',#9920,10.);
#3094=VECTOR('',#9921,10.);
#3095=VECTOR('',#9924,10.);
#3096=VECTOR('',#9925,10.);
#3097=VECTOR('',#9926,10.);
#3098=VECTOR('',#9929,10.);
#3099=VECTOR('',#9930,10.);
#3100=VECTOR('',#9931,10.);
#3101=VECTOR('',#9934,10.);
#3102=VECTOR('',#9935,10.);
#3103=VECTOR('',#9936,10.);
#3104=VECTOR('',#9939,10.);
#3105=VECTOR('',#9940,10.);
#3106=VECTOR('',#9941,10.);
#3107=VECTOR('',#9944,10.);
#3108=VECTOR('',#9945,10.);
#3109=VECTOR('',#9946,10.);
#3110=VECTOR('',#9949,10.);
#3111=VECTOR('',#9950,10.);
#3112=VECTOR('',#9951,10.);
#3113=VECTOR('',#9954,10.);
#3114=VECTOR('',#9955,10.);
#3115=VECTOR('',#9960,10.);
#3116=VECTOR('',#9961,10.);
#3117=VECTOR('',#9962,10.);
#3118=VECTOR('',#9963,10.);
#3119=VECTOR('',#9964,10.);
#3120=VECTOR('',#9965,10.);
#3121=VECTOR('',#9966,10.);
#3122=VECTOR('',#9967,10.);
#3123=VECTOR('',#9968,10.);
#3124=VECTOR('',#9969,10.);
#3125=VECTOR('',#9970,10.);
#3126=VECTOR('',#9973,10.);
#3127=VECTOR('',#9974,10.);
#3128=VECTOR('',#9975,10.);
#3129=VECTOR('',#9978,10.);
#3130=VECTOR('',#9979,10.);
#3131=VECTOR('',#9980,10.);
#3132=VECTOR('',#9981,10.);
#3133=VECTOR('',#9982,10.);
#3134=VECTOR('',#9983,10.);
#3135=VECTOR('',#9984,10.);
#3136=VECTOR('',#9985,10.);
#3137=VECTOR('',#9986,10.);
#3138=VECTOR('',#9987,10.);
#3139=VECTOR('',#9988,10.);
#3140=VECTOR('',#9989,10.);
#3141=VECTOR('',#9992,10.);
#3142=VECTOR('',#9993,10.);
#3143=VECTOR('',#9994,10.);
#3144=VECTOR('',#9997,10.);
#3145=VECTOR('',#9998,10.);
#3146=VECTOR('',#9999,10.);
#3147=VECTOR('',#10002,10.);
#3148=VECTOR('',#10003,10.);
#3149=VECTOR('',#10008,10.);
#3150=VECTOR('',#10009,10.);
#3151=VECTOR('',#10010,10.);
#3152=VECTOR('',#10011,10.);
#3153=VECTOR('',#10012,10.);
#3154=VECTOR('',#10013,10.);
#3155=VECTOR('',#10014,10.);
#3156=VECTOR('',#10015,10.);
#3157=VECTOR('',#10016,10.);
#3158=VECTOR('',#10019,10.);
#3159=VECTOR('',#10020,10.);
#3160=VECTOR('',#10021,10.);
#3161=VECTOR('',#10024,10.);
#3162=VECTOR('',#10025,10.);
#3163=VECTOR('',#10028,10.);
#3164=VECTOR('',#10029,10.);
#3165=VECTOR('',#10030,10.);
#3166=VECTOR('',#10031,10.);
#3167=VECTOR('',#10034,10.);
#3168=VECTOR('',#10035,10.);
#3169=VECTOR('',#10036,10.);
#3170=VECTOR('',#10037,10.);
#3171=VECTOR('',#10038,10.);
#3172=VECTOR('',#10039,10.);
#3173=VECTOR('',#10040,10.);
#3174=VECTOR('',#10043,10.);
#3175=VECTOR('',#10044,10.);
#3176=VECTOR('',#10045,10.);
#3177=VECTOR('',#10048,10.);
#3178=VECTOR('',#10049,10.);
#3179=VECTOR('',#10050,10.);
#3180=VECTOR('',#10053,10.);
#3181=VECTOR('',#10054,10.);
#3182=VECTOR('',#10055,10.);
#3183=VECTOR('',#10056,10.);
#3184=VECTOR('',#10057,10.);
#3185=VECTOR('',#10058,10.);
#3186=VECTOR('',#10059,10.);
#3187=VECTOR('',#10060,10.);
#3188=VECTOR('',#10061,10.);
#3189=VECTOR('',#10062,10.);
#3190=VECTOR('',#10065,10.);
#3191=VECTOR('',#10066,10.);
#3192=VECTOR('',#10067,10.);
#3193=VECTOR('',#10070,10.);
#3194=VECTOR('',#10071,10.);
#3195=VECTOR('',#10072,10.);
#3196=VECTOR('',#10075,10.);
#3197=VECTOR('',#10076,10.);
#3198=VECTOR('',#10079,10.);
#3199=VECTOR('',#10080,10.);
#3200=VECTOR('',#10081,10.);
#3201=VECTOR('',#10082,10.);
#3202=VECTOR('',#10083,10.);
#3203=VECTOR('',#10084,10.);
#3204=VECTOR('',#10085,10.);
#3205=VECTOR('',#10086,10.);
#3206=VECTOR('',#10087,10.);
#3207=VECTOR('',#10088,10.);
#3208=VECTOR('',#10089,10.);
#3209=VECTOR('',#10090,10.);
#3210=VECTOR('',#10091,10.);
#3211=VECTOR('',#10092,10.);
#3212=VECTOR('',#10093,10.);
#3213=VECTOR('',#10094,10.);
#3214=VECTOR('',#10095,10.);
#3215=VECTOR('',#10096,10.);
#3216=VECTOR('',#10097,10.);
#3217=VECTOR('',#10098,10.);
#3218=VECTOR('',#10101,10.);
#3219=VECTOR('',#10102,10.);
#3220=VECTOR('',#10103,10.);
#3221=VECTOR('',#10104,10.);
#3222=VECTOR('',#10105,10.);
#3223=VECTOR('',#10106,10.);
#3224=VECTOR('',#10107,10.);
#3225=VECTOR('',#10108,10.);
#3226=VECTOR('',#10109,10.);
#3227=VECTOR('',#10110,10.);
#3228=VECTOR('',#10111,10.);
#3229=VECTOR('',#10112,10.);
#3230=VECTOR('',#10113,10.);
#3231=VECTOR('',#10114,10.);
#3232=VECTOR('',#10115,10.);
#3233=VECTOR('',#10118,10.);
#3234=VECTOR('',#10119,10.);
#3235=VECTOR('',#10120,10.);
#3236=VECTOR('',#10121,10.);
#3237=VECTOR('',#10122,10.);
#3238=VECTOR('',#10123,10.);
#3239=VECTOR('',#10124,10.);
#3240=VECTOR('',#10125,10.);
#3241=VECTOR('',#10126,10.);
#3242=VECTOR('',#10127,10.);
#3243=VECTOR('',#10128,10.);
#3244=VECTOR('',#10129,10.);
#3245=VECTOR('',#10130,10.);
#3246=VECTOR('',#10131,10.);
#3247=VECTOR('',#10132,10.);
#3248=VECTOR('',#10133,10.);
#3249=VECTOR('',#10134,10.);
#3250=VECTOR('',#10135,10.);
#3251=VECTOR('',#10136,10.);
#3252=VECTOR('',#10137,10.);
#3253=VECTOR('',#10138,10.);
#3254=VECTOR('',#10141,10.);
#3255=VECTOR('',#10142,10.);
#3256=VECTOR('',#10143,10.);
#3257=VECTOR('',#10146,10.);
#3258=VECTOR('',#10147,10.);
#3259=VECTOR('',#10148,10.);
#3260=VECTOR('',#10151,10.);
#3261=VECTOR('',#10152,10.);
#3262=VECTOR('',#10153,10.);
#3263=VECTOR('',#10156,10.);
#3264=VECTOR('',#10157,10.);
#3265=VECTOR('',#10158,10.);
#3266=VECTOR('',#10161,10.);
#3267=VECTOR('',#10162,10.);
#3268=VECTOR('',#10165,10.);
#3269=VECTOR('',#10166,10.);
#3270=VECTOR('',#10167,10.);
#3271=VECTOR('',#10168,10.);
#3272=VECTOR('',#10171,10.);
#3273=VECTOR('',#10172,10.);
#3274=VECTOR('',#10173,10.);
#3275=VECTOR('',#10176,10.);
#3276=VECTOR('',#10177,10.);
#3277=VECTOR('',#10178,10.);
#3278=VECTOR('',#10181,10.);
#3279=VECTOR('',#10182,10.);
#3280=VECTOR('',#10183,10.);
#3281=VECTOR('',#10186,10.);
#3282=VECTOR('',#10187,10.);
#3283=VECTOR('',#10188,10.);
#3284=VECTOR('',#10191,10.);
#3285=VECTOR('',#10192,10.);
#3286=VECTOR('',#10193,10.);
#3287=VECTOR('',#10196,10.);
#3288=VECTOR('',#10197,10.);
#3289=VECTOR('',#10198,10.);
#3290=VECTOR('',#10201,10.);
#3291=VECTOR('',#10202,10.);
#3292=VECTOR('',#10207,10.);
#3293=VECTOR('',#10208,10.);
#3294=VECTOR('',#10209,10.);
#3295=VECTOR('',#10210,10.);
#3296=VECTOR('',#10213,10.);
#3297=VECTOR('',#10214,10.);
#3298=VECTOR('',#10215,10.);
#3299=VECTOR('',#10218,10.);
#3300=VECTOR('',#10219,10.);
#3301=VECTOR('',#10220,10.);
#3302=VECTOR('',#10223,10.);
#3303=VECTOR('',#10224,10.);
#3304=VECTOR('',#10225,10.);
#3305=VECTOR('',#10228,10.);
#3306=VECTOR('',#10229,10.);
#3307=VECTOR('',#10230,10.);
#3308=VECTOR('',#10233,10.);
#3309=VECTOR('',#10234,10.);
#3310=VECTOR('',#10235,10.);
#3311=VECTOR('',#10238,10.);
#3312=VECTOR('',#10239,10.);
#3313=VECTOR('',#10240,10.);
#3314=VECTOR('',#10243,10.);
#3315=VECTOR('',#10244,10.);
#3316=VECTOR('',#10245,10.);
#3317=VECTOR('',#10248,10.);
#3318=VECTOR('',#10249,10.);
#3319=VECTOR('',#10250,10.);
#3320=VECTOR('',#10253,10.);
#3321=VECTOR('',#10254,10.);
#3322=VECTOR('',#10255,10.);
#3323=VECTOR('',#10258,10.);
#3324=VECTOR('',#10259,10.);
#3325=VECTOR('',#10260,10.);
#3326=VECTOR('',#10263,10.);
#3327=VECTOR('',#10264,10.);
#3328=VECTOR('',#10271,10.);
#3329=VECTOR('',#10274,10.);
#3330=VECTOR('',#10277,10.);
#3331=VECTOR('',#10280,10.);
#3332=VECTOR('',#10281,10.);
#3333=VECTOR('',#10282,10.);
#3334=VECTOR('',#10283,10.);
#3335=VECTOR('',#10284,10.);
#3336=VECTOR('',#10287,10.);
#3337=VECTOR('',#10290,10.);
#3338=VECTOR('',#10293,10.);
#3339=VECTOR('',#10296,10.);
#3340=VECTOR('',#10301,10.);
#3341=VECTOR('',#10304,10.);
#3342=VECTOR('',#10307,10.);
#3343=VECTOR('',#10310,10.);
#3344=VECTOR('',#10315,10.);
#3345=VECTOR('',#10318,10.);
#3346=VECTOR('',#10321,10.);
#3347=VECTOR('',#10324,10.);
#3348=VECTOR('',#10327,10.);
#3349=VECTOR('',#10330,10.);
#3350=VECTOR('',#10333,10.);
#3351=VECTOR('',#10336,10.);
#3352=VECTOR('',#10359,10.);
#3353=VECTOR('',#10362,10.);
#3354=VECTOR('',#10365,10.);
#3355=VECTOR('',#10366,10.);
#3356=VECTOR('',#10369,10.);
#3357=VECTOR('',#10370,10.);
#3358=VECTOR('',#10371,10.);
#3359=VECTOR('',#10372,10.);
#3360=VECTOR('',#10373,10.);
#3361=VECTOR('',#10376,10.);
#3362=VECTOR('',#10379,10.);
#3363=VECTOR('',#10388,10.);
#3364=VECTOR('',#10391,10.);
#3365=VECTOR('',#10394,10.);
#3366=VECTOR('',#10397,10.);
#3367=VECTOR('',#10400,10.);
#3368=VECTOR('',#10403,10.);
#3369=VECTOR('',#10406,10.);
#3370=VECTOR('',#10409,10.);
#3371=VECTOR('',#10414,10.);
#3372=VECTOR('',#10417,10.);
#3373=VECTOR('',#10420,10.);
#3374=VECTOR('',#10423,10.);
#3375=VECTOR('',#10428,10.);
#3376=VECTOR('',#10431,10.);
#3377=VECTOR('',#10434,10.);
#3378=VECTOR('',#10437,10.);
#3379=VECTOR('',#10440,10.);
#3380=VECTOR('',#10441,10.);
#3381=VECTOR('',#10444,10.);
#3382=VECTOR('',#10447,10.);
#3383=VECTOR('',#10450,10.);
#3384=VECTOR('',#10453,10.);
#3385=VECTOR('',#10454,10.);
#3386=VECTOR('',#10457,10.);
#3387=VECTOR('',#10460,10.);
#3388=VECTOR('',#10463,10.);
#3389=VECTOR('',#10466,10.);
#3390=VECTOR('',#10469,10.);
#3391=VECTOR('',#10472,10.);
#3392=VECTOR('',#10477,1.7);
#3393=VECTOR('',#10480,10.);
#3394=VECTOR('',#10481,10.);
#3395=VECTOR('',#10484,10.);
#3396=VECTOR('',#10487,10.);
#3397=VECTOR('',#10490,10.);
#3398=VECTOR('',#10493,10.);
#3399=VECTOR('',#10496,10.);
#3400=VECTOR('',#10499,10.);
#3401=VECTOR('',#10504,1.7);
#3402=VECTOR('',#10507,10.);
#3403=VECTOR('',#10508,10.);
#3404=VECTOR('',#10511,10.);
#3405=VECTOR('',#10514,10.);
#3406=VECTOR('',#10517,10.);
#3407=VECTOR('',#10520,10.);
#3408=VECTOR('',#10523,10.);
#3409=VECTOR('',#10526,10.);
#3410=VECTOR('',#10531,10.);
#3411=VECTOR('',#10532,10.);
#3412=VECTOR('',#10535,10.);
#3413=VECTOR('',#10538,10.);
#3414=VECTOR('',#10541,10.);
#3415=VECTOR('',#10544,10.);
#3416=VECTOR('',#10547,10.);
#3417=VECTOR('',#10550,10.);
#3418=VECTOR('',#10555,1.7);
#3419=VECTOR('',#10558,1.7);
#3420=VECTOR('',#10561,10.);
#3421=VECTOR('',#10566,10.);
#3422=VECTOR('',#10569,10.);
#3423=VECTOR('',#10572,10.);
#3424=VECTOR('',#10583,1.);
#3425=VECTOR('',#10584,1.);
#3426=VECTOR('',#10585,1.);
#3427=VECTOR('',#10586,1.);
#3428=VECTOR('',#10589,1.);
#3429=VECTOR('',#10590,1.);
#3430=VECTOR('',#10591,1.);
#3431=VECTOR('',#10594,1.);
#3432=VECTOR('',#10595,1.);
#3433=VECTOR('',#10596,1.);
#3434=VECTOR('',#10599,1.);
#3435=VECTOR('',#10670,1.);
#3436=VECTOR('',#10743,0.85);
#3437=VECTOR('',#10746,0.75);
#3438=VECTOR('',#10749,2.);
#3439=VECTOR('',#10752,0.85);
#3440=VECTOR('',#10755,0.75);
#3441=VECTOR('',#10758,0.85);
#3442=VECTOR('',#10761,0.75);
#3443=VECTOR('',#10764,2.);
#3444=VECTOR('',#10767,0.85);
#3445=VECTOR('',#10770,0.85);
#3446=VECTOR('',#10773,0.75);
#3447=VECTOR('',#10776,2.);
#3448=VECTOR('',#10779,0.85);
#3449=VECTOR('',#10782,0.75);
#3450=VECTOR('',#10785,0.85);
#3451=VECTOR('',#10788,0.75);
#3452=VECTOR('',#10791,2.);
#3453=VECTOR('',#10794,0.85);
#3454=VECTOR('',#10797,0.75);
#3455=VECTOR('',#10800,0.4445);
#3456=VECTOR('',#10803,0.4445);
#3457=VECTOR('',#10806,0.4445);
#3458=VECTOR('',#10809,0.4445);
#3459=VECTOR('',#10812,0.4445);
#3460=VECTOR('',#10815,0.4445);
#3461=VECTOR('',#10818,0.4445);
#3462=VECTOR('',#10821,0.75);
#3463=VECTOR('',#10824,0.4445);
#3464=VECTOR('',#10827,0.4445);
#3465=VECTOR('',#10830,0.4445);
#3466=VECTOR('',#10833,0.4445);
#3467=VECTOR('',#10836,0.4445);
#3468=VECTOR('',#10839,0.4445);
#3469=VECTOR('',#10842,0.4445);
#3470=CIRCLE('',#8773,5.);
#3471=CIRCLE('',#8774,5.);
#3472=CIRCLE('',#8776,5.);
#3473=CIRCLE('',#8777,5.);
#3474=CIRCLE('',#8778,5.);
#3475=CIRCLE('',#8779,1.7);
#3476=CIRCLE('',#8780,1.7);
#3477=CIRCLE('',#8781,1.7);
#3478=CIRCLE('',#8782,1.7);
#3479=CIRCLE('',#8785,5.);
#3480=CIRCLE('',#8787,5.);
#3481=CIRCLE('',#8790,5.);
#3482=CIRCLE('',#8798,3.);
#3483=CIRCLE('',#8799,3.);
#3484=CIRCLE('',#8801,3.);
#3485=CIRCLE('',#8802,3.);
#3486=CIRCLE('',#8804,3.);
#3487=CIRCLE('',#8805,3.);
#3488=CIRCLE('',#8807,3.);
#3489=CIRCLE('',#8808,3.);
#3490=CIRCLE('',#8815,1.7);
#3491=CIRCLE('',#8818,1.7);
#3492=CIRCLE('',#8821,1.7);
#3493=CIRCLE('',#8824,1.7);
#3494=CIRCLE('',#8985,5.);
#3495=CIRCLE('',#8986,5.);
#3496=CIRCLE('',#8987,5.);
#3497=CIRCLE('',#8988,5.);
#3498=CIRCLE('',#8989,0.499999999999998);
#3499=CIRCLE('',#8990,0.500000000000003);
#3500=CIRCLE('',#8991,0.500000000000003);
#3501=CIRCLE('',#8992,0.499999999999998);
#3502=CIRCLE('',#8993,1.7);
#3503=CIRCLE('',#8994,0.499999999999998);
#3504=CIRCLE('',#8995,0.499999999999998);
#3505=CIRCLE('',#8996,0.500000000000003);
#3506=CIRCLE('',#8997,0.5);
#3507=CIRCLE('',#8998,1.7);
#3508=CIRCLE('',#8999,0.5);
#3509=CIRCLE('',#9000,0.499999999999998);
#3510=CIRCLE('',#9001,0.499999999999998);
#3511=CIRCLE('',#9002,0.5);
#3512=CIRCLE('',#9003,0.5);
#3513=CIRCLE('',#9004,0.500000000000003);
#3514=CIRCLE('',#9005,0.499999999999998);
#3515=CIRCLE('',#9006,0.499999999999998);
#3516=CIRCLE('',#9007,1.7);
#3517=CIRCLE('',#9008,1.7);
#3518=CIRCLE('',#9018,5.);
#3519=CIRCLE('',#9021,5.);
#3520=CIRCLE('',#9022,5.);
#3521=CIRCLE('',#9023,5.);
#3522=CIRCLE('',#9024,1.7);
#3523=CIRCLE('',#9025,1.7);
#3524=CIRCLE('',#9026,0.5);
#3525=CIRCLE('',#9027,0.499999999999998);
#3526=CIRCLE('',#9028,0.499999999999998);
#3527=CIRCLE('',#9029,0.500000000000003);
#3528=CIRCLE('',#9030,0.5);
#3529=CIRCLE('',#9031,0.5);
#3530=CIRCLE('',#9032,0.499999999999998);
#3531=CIRCLE('',#9033,0.499999999999998);
#3532=CIRCLE('',#9034,1.7);
#3533=CIRCLE('',#9035,0.499999999999998);
#3534=CIRCLE('',#9036,0.5);
#3535=CIRCLE('',#9037,0.500000000000003);
#3536=CIRCLE('',#9038,0.499999999999998);
#3537=CIRCLE('',#9039,1.7);
#3538=CIRCLE('',#9040,0.499999999999998);
#3539=CIRCLE('',#9041,0.499999999999998);
#3540=CIRCLE('',#9042,0.500000000000003);
#3541=CIRCLE('',#9043,0.500000000000003);
#3542=CIRCLE('',#9097,0.85);
#3543=CIRCLE('',#9098,0.75);
#3544=CIRCLE('',#9099,2.);
#3545=CIRCLE('',#9100,0.85);
#3546=CIRCLE('',#9101,0.75);
#3547=CIRCLE('',#9102,0.85);
#3548=CIRCLE('',#9103,0.75);
#3549=CIRCLE('',#9104,2.);
#3550=CIRCLE('',#9105,0.85);
#3551=CIRCLE('',#9106,0.85);
#3552=CIRCLE('',#9107,0.75);
#3553=CIRCLE('',#9108,2.);
#3554=CIRCLE('',#9109,0.85);
#3555=CIRCLE('',#9110,0.75);
#3556=CIRCLE('',#9111,0.85);
#3557=CIRCLE('',#9112,0.75);
#3558=CIRCLE('',#9113,2.);
#3559=CIRCLE('',#9114,0.85);
#3560=CIRCLE('',#9115,0.75);
#3561=CIRCLE('',#9116,0.4445);
#3562=CIRCLE('',#9117,0.4445);
#3563=CIRCLE('',#9118,0.4445);
#3564=CIRCLE('',#9119,0.4445);
#3565=CIRCLE('',#9120,0.4445);
#3566=CIRCLE('',#9121,0.4445);
#3567=CIRCLE('',#9122,0.4445);
#3568=CIRCLE('',#9123,0.75);
#3569=CIRCLE('',#9124,0.4445);
#3570=CIRCLE('',#9125,0.4445);
#3571=CIRCLE('',#9126,0.4445);
#3572=CIRCLE('',#9127,0.4445);
#3573=CIRCLE('',#9128,0.4445);
#3574=CIRCLE('',#9129,0.4445);
#3575=CIRCLE('',#9130,0.4445);
#3576=CIRCLE('',#9132,0.85);
#3577=CIRCLE('',#9133,0.75);
#3578=CIRCLE('',#9134,2.);
#3579=CIRCLE('',#9135,0.85);
#3580=CIRCLE('',#9136,0.75);
#3581=CIRCLE('',#9137,0.85);
#3582=CIRCLE('',#9138,0.75);
#3583=CIRCLE('',#9139,2.);
#3584=CIRCLE('',#9140,0.85);
#3585=CIRCLE('',#9141,0.85);
#3586=CIRCLE('',#9142,0.75);
#3587=CIRCLE('',#9143,2.);
#3588=CIRCLE('',#9144,0.85);
#3589=CIRCLE('',#9145,0.75);
#3590=CIRCLE('',#9146,0.85);
#3591=CIRCLE('',#9147,0.75);
#3592=CIRCLE('',#9148,2.);
#3593=CIRCLE('',#9149,0.85);
#3594=CIRCLE('',#9150,0.75);
#3595=CIRCLE('',#9151,0.4445);
#3596=CIRCLE('',#9152,0.4445);
#3597=CIRCLE('',#9153,0.4445);
#3598=CIRCLE('',#9154,0.4445);
#3599=CIRCLE('',#9155,0.4445);
#3600=CIRCLE('',#9156,0.4445);
#3601=CIRCLE('',#9157,0.4445);
#3602=CIRCLE('',#9158,0.75);
#3603=CIRCLE('',#9159,0.4445);
#3604=CIRCLE('',#9160,0.4445);
#3605=CIRCLE('',#9161,0.4445);
#3606=CIRCLE('',#9162,0.4445);
#3607=CIRCLE('',#9163,0.4445);
#3608=CIRCLE('',#9164,0.4445);
#3609=CIRCLE('',#9165,0.4445);
#3610=VERTEX_POINT('',#10854);
#3611=VERTEX_POINT('',#10855);
#3612=VERTEX_POINT('',#10857);
#3613=VERTEX_POINT('',#10859);
#3614=VERTEX_POINT('',#10863);
#3615=VERTEX_POINT('',#10865);
#3616=VERTEX_POINT('',#10867);
#3617=VERTEX_POINT('',#10869);
#3618=VERTEX_POINT('',#10871);
#3619=VERTEX_POINT('',#10873);
#3620=VERTEX_POINT('',#10875);
#3621=VERTEX_POINT('',#10877);
#3622=VERTEX_POINT('',#10879);
#3623=VERTEX_POINT('',#10881);
#3624=VERTEX_POINT('',#10883);
#3625=VERTEX_POINT('',#10885);
#3626=VERTEX_POINT('',#10887);
#3627=VERTEX_POINT('',#10889);
#3628=VERTEX_POINT('',#10892);
#3629=VERTEX_POINT('',#10894);
#3630=VERTEX_POINT('',#10896);
#3631=VERTEX_POINT('',#10898);
#3632=VERTEX_POINT('',#10901);
#3633=VERTEX_POINT('',#10904);
#3634=VERTEX_POINT('',#10906);
#3635=VERTEX_POINT('',#10910);
#3636=VERTEX_POINT('',#10914);
#3637=VERTEX_POINT('',#10916);
#3638=VERTEX_POINT('',#10920);
#3639=VERTEX_POINT('',#10924);
#3640=VERTEX_POINT('',#10928);
#3641=VERTEX_POINT('',#10932);
#3642=VERTEX_POINT('',#10938);
#3643=VERTEX_POINT('',#10940);
#3644=VERTEX_POINT('',#10944);
#3645=VERTEX_POINT('',#10946);
#3646=VERTEX_POINT('',#10952);
#3647=VERTEX_POINT('',#10954);
#3648=VERTEX_POINT('',#10958);
#3649=VERTEX_POINT('',#10960);
#3650=VERTEX_POINT('',#10964);
#3651=VERTEX_POINT('',#10966);
#3652=VERTEX_POINT('',#10970);
#3653=VERTEX_POINT('',#10972);
#3654=VERTEX_POINT('',#10984);
#3655=VERTEX_POINT('',#10989);
#3656=VERTEX_POINT('',#10994);
#3657=VERTEX_POINT('',#10999);
#3658=VERTEX_POINT('',#11005);
#3659=VERTEX_POINT('',#11006);
#3660=VERTEX_POINT('',#11008);
#3661=VERTEX_POINT('',#11010);
#3662=VERTEX_POINT('',#11014);
#3663=VERTEX_POINT('',#11016);
#3664=VERTEX_POINT('',#11020);
#3665=VERTEX_POINT('',#11022);
#3666=VERTEX_POINT('',#11026);
#3667=VERTEX_POINT('',#11028);
#3668=VERTEX_POINT('',#11032);
#3669=VERTEX_POINT('',#11034);
#3670=VERTEX_POINT('',#11038);
#3671=VERTEX_POINT('',#11040);
#3672=VERTEX_POINT('',#11044);
#3673=VERTEX_POINT('',#11046);
#3674=VERTEX_POINT('',#11050);
#3675=VERTEX_POINT('',#11052);
#3676=VERTEX_POINT('',#11056);
#3677=VERTEX_POINT('',#11058);
#3678=VERTEX_POINT('',#11062);
#3679=VERTEX_POINT('',#11064);
#3680=VERTEX_POINT('',#11068);
#3681=VERTEX_POINT('',#11070);
#3682=VERTEX_POINT('',#11078);
#3683=VERTEX_POINT('',#11079);
#3684=VERTEX_POINT('',#11081);
#3685=VERTEX_POINT('',#11083);
#3686=VERTEX_POINT('',#11087);
#3687=VERTEX_POINT('',#11089);
#3688=VERTEX_POINT('',#11093);
#3689=VERTEX_POINT('',#11095);
#3690=VERTEX_POINT('',#11099);
#3691=VERTEX_POINT('',#11101);
#3692=VERTEX_POINT('',#11105);
#3693=VERTEX_POINT('',#11107);
#3694=VERTEX_POINT('',#11111);
#3695=VERTEX_POINT('',#11113);
#3696=VERTEX_POINT('',#11117);
#3697=VERTEX_POINT('',#11119);
#3698=VERTEX_POINT('',#11123);
#3699=VERTEX_POINT('',#11125);
#3700=VERTEX_POINT('',#11129);
#3701=VERTEX_POINT('',#11131);
#3702=VERTEX_POINT('',#11139);
#3703=VERTEX_POINT('',#11140);
#3704=VERTEX_POINT('',#11142);
#3705=VERTEX_POINT('',#11144);
#3706=VERTEX_POINT('',#11157);
#3707=VERTEX_POINT('',#11163);
#3708=VERTEX_POINT('',#11180);
#3709=VERTEX_POINT('',#11186);
#3710=VERTEX_POINT('',#11203);
#3711=VERTEX_POINT('',#11209);
#3712=VERTEX_POINT('',#11226);
#3713=VERTEX_POINT('',#11232);
#3714=VERTEX_POINT('',#11249);
#3715=VERTEX_POINT('',#11255);
#3716=VERTEX_POINT('',#11272);
#3717=VERTEX_POINT('',#11278);
#3718=VERTEX_POINT('',#11286);
#3719=VERTEX_POINT('',#11288);
#3720=VERTEX_POINT('',#11295);
#3721=VERTEX_POINT('',#11296);
#3722=VERTEX_POINT('',#11298);
#3723=VERTEX_POINT('',#11300);
#3724=VERTEX_POINT('',#11313);
#3725=VERTEX_POINT('',#11319);
#3726=VERTEX_POINT('',#11336);
#3727=VERTEX_POINT('',#11342);
#3728=VERTEX_POINT('',#11359);
#3729=VERTEX_POINT('',#11365);
#3730=VERTEX_POINT('',#11382);
#3731=VERTEX_POINT('',#11388);
#3732=VERTEX_POINT('',#11405);
#3733=VERTEX_POINT('',#11411);
#3734=VERTEX_POINT('',#11428);
#3735=VERTEX_POINT('',#11434);
#3736=VERTEX_POINT('',#11451);
#3737=VERTEX_POINT('',#11457);
#3738=VERTEX_POINT('',#11465);
#3739=VERTEX_POINT('',#11467);
#3740=VERTEX_POINT('',#11483);
#3741=VERTEX_POINT('',#11484);
#3742=VERTEX_POINT('',#11490);
#3743=VERTEX_POINT('',#11492);
#3744=VERTEX_POINT('',#11509);
#3745=VERTEX_POINT('',#11515);
#3746=VERTEX_POINT('',#11532);
#3747=VERTEX_POINT('',#11538);
#3748=VERTEX_POINT('',#11555);
#3749=VERTEX_POINT('',#11561);
#3750=VERTEX_POINT('',#11578);
#3751=VERTEX_POINT('',#11584);
#3752=VERTEX_POINT('',#11601);
#3753=VERTEX_POINT('',#11607);
#3754=VERTEX_POINT('',#11624);
#3755=VERTEX_POINT('',#11630);
#3756=VERTEX_POINT('',#11647);
#3757=VERTEX_POINT('',#11653);
#3758=VERTEX_POINT('',#11670);
#3759=VERTEX_POINT('',#11676);
#3760=VERTEX_POINT('',#11693);
#3761=VERTEX_POINT('',#11699);
#3762=VERTEX_POINT('',#11716);
#3763=VERTEX_POINT('',#11722);
#3764=VERTEX_POINT('',#11730);
#3765=VERTEX_POINT('',#11732);
#3766=VERTEX_POINT('',#11736);
#3767=VERTEX_POINT('',#11738);
#3768=VERTEX_POINT('',#11755);
#3769=VERTEX_POINT('',#11756);
#3770=VERTEX_POINT('',#11762);
#3771=VERTEX_POINT('',#11764);
#3772=VERTEX_POINT('',#11781);
#3773=VERTEX_POINT('',#11787);
#3774=VERTEX_POINT('',#11795);
#3775=VERTEX_POINT('',#11797);
#3776=VERTEX_POINT('',#11801);
#3777=VERTEX_POINT('',#11803);
#3778=VERTEX_POINT('',#11810);
#3779=VERTEX_POINT('',#11811);
#3780=VERTEX_POINT('',#11813);
#3781=VERTEX_POINT('',#11815);
#3782=VERTEX_POINT('',#11819);
#3783=VERTEX_POINT('',#11821);
#3784=VERTEX_POINT('',#11825);
#3785=VERTEX_POINT('',#11827);
#3786=VERTEX_POINT('',#11831);
#3787=VERTEX_POINT('',#11833);
#3788=VERTEX_POINT('',#11837);
#3789=VERTEX_POINT('',#11839);
#3790=VERTEX_POINT('',#11843);
#3791=VERTEX_POINT('',#11845);
#3792=VERTEX_POINT('',#11849);
#3793=VERTEX_POINT('',#11851);
#3794=VERTEX_POINT('',#11859);
#3795=VERTEX_POINT('',#11860);
#3796=VERTEX_POINT('',#11862);
#3797=VERTEX_POINT('',#11864);
#3798=VERTEX_POINT('',#11877);
#3799=VERTEX_POINT('',#11883);
#3800=VERTEX_POINT('',#11900);
#3801=VERTEX_POINT('',#11906);
#3802=VERTEX_POINT('',#11923);
#3803=VERTEX_POINT('',#11929);
#3804=VERTEX_POINT('',#11946);
#3805=VERTEX_POINT('',#11952);
#3806=VERTEX_POINT('',#11969);
#3807=VERTEX_POINT('',#11975);
#3808=VERTEX_POINT('',#11992);
#3809=VERTEX_POINT('',#11998);
#3810=VERTEX_POINT('',#12015);
#3811=VERTEX_POINT('',#12021);
#3812=VERTEX_POINT('',#12038);
#3813=VERTEX_POINT('',#12044);
#3814=VERTEX_POINT('',#12061);
#3815=VERTEX_POINT('',#12067);
#3816=VERTEX_POINT('',#12084);
#3817=VERTEX_POINT('',#12090);
#3818=VERTEX_POINT('',#12107);
#3819=VERTEX_POINT('',#12113);
#3820=VERTEX_POINT('',#12130);
#3821=VERTEX_POINT('',#12136);
#3822=VERTEX_POINT('',#12144);
#3823=VERTEX_POINT('',#12146);
#3824=VERTEX_POINT('',#12159);
#3825=VERTEX_POINT('',#12165);
#3826=VERTEX_POINT('',#12182);
#3827=VERTEX_POINT('',#12188);
#3828=VERTEX_POINT('',#12205);
#3829=VERTEX_POINT('',#12211);
#3830=VERTEX_POINT('',#12228);
#3831=VERTEX_POINT('',#12234);
#3832=VERTEX_POINT('',#12251);
#3833=VERTEX_POINT('',#12257);
#3834=VERTEX_POINT('',#12274);
#3835=VERTEX_POINT('',#12280);
#3836=VERTEX_POINT('',#12297);
#3837=VERTEX_POINT('',#12303);
#3838=VERTEX_POINT('',#12320);
#3839=VERTEX_POINT('',#12326);
#3840=VERTEX_POINT('',#12343);
#3841=VERTEX_POINT('',#12349);
#3842=VERTEX_POINT('',#12366);
#3843=VERTEX_POINT('',#12372);
#3844=VERTEX_POINT('',#12389);
#3845=VERTEX_POINT('',#12395);
#3846=VERTEX_POINT('',#12403);
#3847=VERTEX_POINT('',#12405);
#3848=VERTEX_POINT('',#12409);
#3849=VERTEX_POINT('',#12411);
#3850=VERTEX_POINT('',#12415);
#3851=VERTEX_POINT('',#12417);
#3852=VERTEX_POINT('',#12434);
#3853=VERTEX_POINT('',#12435);
#3854=VERTEX_POINT('',#12441);
#3855=VERTEX_POINT('',#12443);
#3856=VERTEX_POINT('',#12460);
#3857=VERTEX_POINT('',#12466);
#3858=VERTEX_POINT('',#12483);
#3859=VERTEX_POINT('',#12489);
#3860=VERTEX_POINT('',#12506);
#3861=VERTEX_POINT('',#12512);
#3862=VERTEX_POINT('',#12529);
#3863=VERTEX_POINT('',#12535);
#3864=VERTEX_POINT('',#12552);
#3865=VERTEX_POINT('',#12558);
#3866=VERTEX_POINT('',#12575);
#3867=VERTEX_POINT('',#12581);
#3868=VERTEX_POINT('',#12598);
#3869=VERTEX_POINT('',#12604);
#3870=VERTEX_POINT('',#12641);
#3871=VERTEX_POINT('',#12642);
#3872=VERTEX_POINT('',#12648);
#3873=VERTEX_POINT('',#12650);
#3874=VERTEX_POINT('',#12667);
#3875=VERTEX_POINT('',#12673);
#3876=VERTEX_POINT('',#12690);
#3877=VERTEX_POINT('',#12696);
#3878=VERTEX_POINT('',#12713);
#3879=VERTEX_POINT('',#12719);
#3880=VERTEX_POINT('',#12736);
#3881=VERTEX_POINT('',#12742);
#3882=VERTEX_POINT('',#12759);
#3883=VERTEX_POINT('',#12765);
#3884=VERTEX_POINT('',#12782);
#3885=VERTEX_POINT('',#12788);
#3886=VERTEX_POINT('',#12805);
#3887=VERTEX_POINT('',#12811);
#3888=VERTEX_POINT('',#12828);
#3889=VERTEX_POINT('',#12834);
#3890=VERTEX_POINT('',#12851);
#3891=VERTEX_POINT('',#12857);
#3892=VERTEX_POINT('',#12886);
#3893=VERTEX_POINT('',#12887);
#3894=VERTEX_POINT('',#12889);
#3895=VERTEX_POINT('',#12891);
#3896=VERTEX_POINT('',#12895);
#3897=VERTEX_POINT('',#12897);
#3898=VERTEX_POINT('',#12901);
#3899=VERTEX_POINT('',#12903);
#3900=VERTEX_POINT('',#12907);
#3901=VERTEX_POINT('',#12909);
#3902=VERTEX_POINT('',#12913);
#3903=VERTEX_POINT('',#12915);
#3904=VERTEX_POINT('',#12919);
#3905=VERTEX_POINT('',#12921);
#3906=VERTEX_POINT('',#12925);
#3907=VERTEX_POINT('',#12927);
#3908=VERTEX_POINT('',#12935);
#3909=VERTEX_POINT('',#12936);
#3910=VERTEX_POINT('',#12938);
#3911=VERTEX_POINT('',#12940);
#3912=VERTEX_POINT('',#12953);
#3913=VERTEX_POINT('',#12959);
#3914=VERTEX_POINT('',#12976);
#3915=VERTEX_POINT('',#12982);
#3916=VERTEX_POINT('',#12999);
#3917=VERTEX_POINT('',#13005);
#3918=VERTEX_POINT('',#13022);
#3919=VERTEX_POINT('',#13028);
#3920=VERTEX_POINT('',#13045);
#3921=VERTEX_POINT('',#13051);
#3922=VERTEX_POINT('',#13059);
#3923=VERTEX_POINT('',#13061);
#3924=VERTEX_POINT('',#13068);
#3925=VERTEX_POINT('',#13069);
#3926=VERTEX_POINT('',#13071);
#3927=VERTEX_POINT('',#13073);
#3928=VERTEX_POINT('',#13077);
#3929=VERTEX_POINT('',#13079);
#3930=VERTEX_POINT('',#13092);
#3931=VERTEX_POINT('',#13098);
#3932=VERTEX_POINT('',#13115);
#3933=VERTEX_POINT('',#13121);
#3934=VERTEX_POINT('',#13138);
#3935=VERTEX_POINT('',#13144);
#3936=VERTEX_POINT('',#13161);
#3937=VERTEX_POINT('',#13167);
#3938=VERTEX_POINT('',#13184);
#3939=VERTEX_POINT('',#13190);
#3940=VERTEX_POINT('',#13207);
#3941=VERTEX_POINT('',#13213);
#3942=VERTEX_POINT('',#13221);
#3943=VERTEX_POINT('',#13223);
#3944=VERTEX_POINT('',#13227);
#3945=VERTEX_POINT('',#13229);
#3946=VERTEX_POINT('',#13237);
#3947=VERTEX_POINT('',#13238);
#3948=VERTEX_POINT('',#13240);
#3949=VERTEX_POINT('',#13242);
#3950=VERTEX_POINT('',#13246);
#3951=VERTEX_POINT('',#13248);
#3952=VERTEX_POINT('',#13252);
#3953=VERTEX_POINT('',#13254);
#3954=VERTEX_POINT('',#13258);
#3955=VERTEX_POINT('',#13260);
#3956=VERTEX_POINT('',#13264);
#3957=VERTEX_POINT('',#13266);
#3958=VERTEX_POINT('',#13270);
#3959=VERTEX_POINT('',#13272);
#3960=VERTEX_POINT('',#13276);
#3961=VERTEX_POINT('',#13278);
#3962=VERTEX_POINT('',#13282);
#3963=VERTEX_POINT('',#13284);
#3964=VERTEX_POINT('',#13288);
#3965=VERTEX_POINT('',#13290);
#3966=VERTEX_POINT('',#13298);
#3967=VERTEX_POINT('',#13299);
#3968=VERTEX_POINT('',#13301);
#3969=VERTEX_POINT('',#13303);
#3970=VERTEX_POINT('',#13307);
#3971=VERTEX_POINT('',#13309);
#3972=VERTEX_POINT('',#13313);
#3973=VERTEX_POINT('',#13315);
#3974=VERTEX_POINT('',#13323);
#3975=VERTEX_POINT('',#13324);
#3976=VERTEX_POINT('',#13326);
#3977=VERTEX_POINT('',#13328);
#3978=VERTEX_POINT('',#13332);
#3979=VERTEX_POINT('',#13334);
#3980=VERTEX_POINT('',#13338);
#3981=VERTEX_POINT('',#13340);
#3982=VERTEX_POINT('',#13344);
#3983=VERTEX_POINT('',#13346);
#3984=VERTEX_POINT('',#13359);
#3985=VERTEX_POINT('',#13365);
#3986=VERTEX_POINT('',#13382);
#3987=VERTEX_POINT('',#13388);
#3988=VERTEX_POINT('',#13396);
#3989=VERTEX_POINT('',#13398);
#3990=VERTEX_POINT('',#13402);
#3991=VERTEX_POINT('',#13404);
#3992=VERTEX_POINT('',#13408);
#3993=VERTEX_POINT('',#13410);
#3994=VERTEX_POINT('',#13414);
#3995=VERTEX_POINT('',#13416);
#3996=VERTEX_POINT('',#13424);
#3997=VERTEX_POINT('',#13425);
#3998=VERTEX_POINT('',#13427);
#3999=VERTEX_POINT('',#13429);
#4000=VERTEX_POINT('',#13433);
#4001=VERTEX_POINT('',#13435);
#4002=VERTEX_POINT('',#13439);
#4003=VERTEX_POINT('',#13441);
#4004=VERTEX_POINT('',#13445);
#4005=VERTEX_POINT('',#13447);
#4006=VERTEX_POINT('',#13451);
#4007=VERTEX_POINT('',#13453);
#4008=VERTEX_POINT('',#13457);
#4009=VERTEX_POINT('',#13459);
#4010=VERTEX_POINT('',#13463);
#4011=VERTEX_POINT('',#13465);
#4012=VERTEX_POINT('',#13469);
#4013=VERTEX_POINT('',#13471);
#4014=VERTEX_POINT('',#13475);
#4015=VERTEX_POINT('',#13477);
#4016=VERTEX_POINT('',#13485);
#4017=VERTEX_POINT('',#13486);
#4018=VERTEX_POINT('',#13488);
#4019=VERTEX_POINT('',#13490);
#4020=VERTEX_POINT('',#13503);
#4021=VERTEX_POINT('',#13509);
#4022=VERTEX_POINT('',#13526);
#4023=VERTEX_POINT('',#13532);
#4024=VERTEX_POINT('',#13549);
#4025=VERTEX_POINT('',#13555);
#4026=VERTEX_POINT('',#13572);
#4027=VERTEX_POINT('',#13578);
#4028=VERTEX_POINT('',#13595);
#4029=VERTEX_POINT('',#13601);
#4030=VERTEX_POINT('',#13618);
#4031=VERTEX_POINT('',#13624);
#4032=VERTEX_POINT('',#13641);
#4033=VERTEX_POINT('',#13647);
#4034=VERTEX_POINT('',#13655);
#4035=VERTEX_POINT('',#13657);
#4036=VERTEX_POINT('',#13673);
#4037=VERTEX_POINT('',#13674);
#4038=VERTEX_POINT('',#13680);
#4039=VERTEX_POINT('',#13682);
#4040=VERTEX_POINT('',#13699);
#4041=VERTEX_POINT('',#13705);
#4042=VERTEX_POINT('',#13722);
#4043=VERTEX_POINT('',#13728);
#4044=VERTEX_POINT('',#13745);
#4045=VERTEX_POINT('',#13751);
#4046=VERTEX_POINT('',#13768);
#4047=VERTEX_POINT('',#13774);
#4048=VERTEX_POINT('',#13791);
#4049=VERTEX_POINT('',#13797);
#4050=VERTEX_POINT('',#13814);
#4051=VERTEX_POINT('',#13820);
#4052=VERTEX_POINT('',#13837);
#4053=VERTEX_POINT('',#13843);
#4054=VERTEX_POINT('',#13860);
#4055=VERTEX_POINT('',#13866);
#4056=VERTEX_POINT('',#13874);
#4057=VERTEX_POINT('',#13876);
#4058=VERTEX_POINT('',#13880);
#4059=VERTEX_POINT('',#13882);
#4060=VERTEX_POINT('',#13890);
#4061=VERTEX_POINT('',#13891);
#4062=VERTEX_POINT('',#13893);
#4063=VERTEX_POINT('',#13895);
#4064=VERTEX_POINT('',#13908);
#4065=VERTEX_POINT('',#13914);
#4066=VERTEX_POINT('',#13931);
#4067=VERTEX_POINT('',#13937);
#4068=VERTEX_POINT('',#13954);
#4069=VERTEX_POINT('',#13960);
#4070=VERTEX_POINT('',#13977);
#4071=VERTEX_POINT('',#13983);
#4072=VERTEX_POINT('',#14000);
#4073=VERTEX_POINT('',#14006);
#4074=VERTEX_POINT('',#14014);
#4075=VERTEX_POINT('',#14016);
#4076=VERTEX_POINT('',#14023);
#4077=VERTEX_POINT('',#14024);
#4078=VERTEX_POINT('',#14026);
#4079=VERTEX_POINT('',#14028);
#4080=VERTEX_POINT('',#14032);
#4081=VERTEX_POINT('',#14034);
#4082=VERTEX_POINT('',#14047);
#4083=VERTEX_POINT('',#14053);
#4084=VERTEX_POINT('',#14070);
#4085=VERTEX_POINT('',#14076);
#4086=VERTEX_POINT('',#14093);
#4087=VERTEX_POINT('',#14099);
#4088=VERTEX_POINT('',#14116);
#4089=VERTEX_POINT('',#14122);
#4090=VERTEX_POINT('',#14130);
#4091=VERTEX_POINT('',#14132);
#4092=VERTEX_POINT('',#14136);
#4093=VERTEX_POINT('',#14138);
#4094=VERTEX_POINT('',#14142);
#4095=VERTEX_POINT('',#14144);
#4096=VERTEX_POINT('',#14157);
#4097=VERTEX_POINT('',#14163);
#4098=VERTEX_POINT('',#14180);
#4099=VERTEX_POINT('',#14186);
#4100=VERTEX_POINT('',#14203);
#4101=VERTEX_POINT('',#14209);
#4102=VERTEX_POINT('',#14226);
#4103=VERTEX_POINT('',#14232);
#4104=VERTEX_POINT('',#14249);
#4105=VERTEX_POINT('',#14255);
#4106=VERTEX_POINT('',#14272);
#4107=VERTEX_POINT('',#14278);
#4108=VERTEX_POINT('',#14295);
#4109=VERTEX_POINT('',#14301);
#4110=VERTEX_POINT('',#14309);
#4111=VERTEX_POINT('',#14311);
#4112=VERTEX_POINT('',#14315);
#4113=VERTEX_POINT('',#14317);
#4114=VERTEX_POINT('',#14334);
#4115=VERTEX_POINT('',#14335);
#4116=VERTEX_POINT('',#14341);
#4117=VERTEX_POINT('',#14343);
#4118=VERTEX_POINT('',#14360);
#4119=VERTEX_POINT('',#14366);
#4120=VERTEX_POINT('',#14383);
#4121=VERTEX_POINT('',#14389);
#4122=VERTEX_POINT('',#14406);
#4123=VERTEX_POINT('',#14412);
#4124=VERTEX_POINT('',#14429);
#4125=VERTEX_POINT('',#14435);
#4126=VERTEX_POINT('',#14452);
#4127=VERTEX_POINT('',#14458);
#4128=VERTEX_POINT('',#14475);
#4129=VERTEX_POINT('',#14481);
#4130=VERTEX_POINT('',#14498);
#4131=VERTEX_POINT('',#14504);
#4132=VERTEX_POINT('',#14541);
#4133=VERTEX_POINT('',#14542);
#4134=VERTEX_POINT('',#14548);
#4135=VERTEX_POINT('',#14550);
#4136=VERTEX_POINT('',#14567);
#4137=VERTEX_POINT('',#14573);
#4138=VERTEX_POINT('',#14590);
#4139=VERTEX_POINT('',#14596);
#4140=VERTEX_POINT('',#14613);
#4141=VERTEX_POINT('',#14619);
#4142=VERTEX_POINT('',#14636);
#4143=VERTEX_POINT('',#14642);
#4144=VERTEX_POINT('',#14659);
#4145=VERTEX_POINT('',#14665);
#4146=VERTEX_POINT('',#14682);
#4147=VERTEX_POINT('',#14688);
#4148=VERTEX_POINT('',#14705);
#4149=VERTEX_POINT('',#14711);
#4150=VERTEX_POINT('',#14728);
#4151=VERTEX_POINT('',#14734);
#4152=VERTEX_POINT('',#14751);
#4153=VERTEX_POINT('',#14757);
#4154=VERTEX_POINT('',#14795);
#4155=VERTEX_POINT('',#14796);
#4156=VERTEX_POINT('',#14802);
#4157=VERTEX_POINT('',#14804);
#4158=VERTEX_POINT('',#14821);
#4159=VERTEX_POINT('',#14827);
#4160=VERTEX_POINT('',#14844);
#4161=VERTEX_POINT('',#14850);
#4162=VERTEX_POINT('',#14867);
#4163=VERTEX_POINT('',#14873);
#4164=VERTEX_POINT('',#14890);
#4165=VERTEX_POINT('',#14896);
#4166=VERTEX_POINT('',#14913);
#4167=VERTEX_POINT('',#14919);
#4168=VERTEX_POINT('',#14936);
#4169=VERTEX_POINT('',#14942);
#4170=VERTEX_POINT('',#14959);
#4171=VERTEX_POINT('',#14965);
#4172=VERTEX_POINT('',#14982);
#4173=VERTEX_POINT('',#14988);
#4174=VERTEX_POINT('',#15005);
#4175=VERTEX_POINT('',#15011);
#4176=VERTEX_POINT('',#15028);
#4177=VERTEX_POINT('',#15034);
#4178=VERTEX_POINT('',#15051);
#4179=VERTEX_POINT('',#15057);
#4180=VERTEX_POINT('',#15074);
#4181=VERTEX_POINT('',#15080);
#4182=VERTEX_POINT('',#15097);
#4183=VERTEX_POINT('',#15103);
#4184=VERTEX_POINT('',#15111);
#4185=VERTEX_POINT('',#15113);
#4186=VERTEX_POINT('',#15126);
#4187=VERTEX_POINT('',#15132);
#4188=VERTEX_POINT('',#15149);
#4189=VERTEX_POINT('',#15155);
#4190=VERTEX_POINT('',#15172);
#4191=VERTEX_POINT('',#15178);
#4192=VERTEX_POINT('',#15195);
#4193=VERTEX_POINT('',#15201);
#4194=VERTEX_POINT('',#15218);
#4195=VERTEX_POINT('',#15224);
#4196=VERTEX_POINT('',#15241);
#4197=VERTEX_POINT('',#15247);
#4198=VERTEX_POINT('',#15264);
#4199=VERTEX_POINT('',#15270);
#4200=VERTEX_POINT('',#15287);
#4201=VERTEX_POINT('',#15293);
#4202=VERTEX_POINT('',#15310);
#4203=VERTEX_POINT('',#15316);
#4204=VERTEX_POINT('',#15333);
#4205=VERTEX_POINT('',#15339);
#4206=VERTEX_POINT('',#15356);
#4207=VERTEX_POINT('',#15362);
#4208=VERTEX_POINT('',#15379);
#4209=VERTEX_POINT('',#15385);
#4210=VERTEX_POINT('',#15402);
#4211=VERTEX_POINT('',#15408);
#4212=VERTEX_POINT('',#15425);
#4213=VERTEX_POINT('',#15431);
#4214=VERTEX_POINT('',#15448);
#4215=VERTEX_POINT('',#15454);
#4216=VERTEX_POINT('',#15471);
#4217=VERTEX_POINT('',#15477);
#4218=VERTEX_POINT('',#15494);
#4219=VERTEX_POINT('',#15500);
#4220=VERTEX_POINT('',#15517);
#4221=VERTEX_POINT('',#15523);
#4222=VERTEX_POINT('',#15531);
#4223=VERTEX_POINT('',#15533);
#4224=VERTEX_POINT('',#15567);
#4225=VERTEX_POINT('',#15568);
#4226=VERTEX_POINT('',#15574);
#4227=VERTEX_POINT('',#15576);
#4228=VERTEX_POINT('',#15593);
#4229=VERTEX_POINT('',#15599);
#4230=VERTEX_POINT('',#15607);
#4231=VERTEX_POINT('',#15609);
#4232=VERTEX_POINT('',#15613);
#4233=VERTEX_POINT('',#15615);
#4234=VERTEX_POINT('',#15622);
#4235=VERTEX_POINT('',#15623);
#4236=VERTEX_POINT('',#15625);
#4237=VERTEX_POINT('',#15627);
#4238=VERTEX_POINT('',#15631);
#4239=VERTEX_POINT('',#15633);
#4240=VERTEX_POINT('',#15637);
#4241=VERTEX_POINT('',#15639);
#4242=VERTEX_POINT('',#15643);
#4243=VERTEX_POINT('',#15645);
#4244=VERTEX_POINT('',#15649);
#4245=VERTEX_POINT('',#15651);
#4246=VERTEX_POINT('',#15655);
#4247=VERTEX_POINT('',#15657);
#4248=VERTEX_POINT('',#15661);
#4249=VERTEX_POINT('',#15663);
#4250=VERTEX_POINT('',#15671);
#4251=VERTEX_POINT('',#15672);
#4252=VERTEX_POINT('',#15674);
#4253=VERTEX_POINT('',#15676);
#4254=VERTEX_POINT('',#15680);
#4255=VERTEX_POINT('',#15682);
#4256=VERTEX_POINT('',#15686);
#4257=VERTEX_POINT('',#15688);
#4258=VERTEX_POINT('',#15692);
#4259=VERTEX_POINT('',#15694);
#4260=VERTEX_POINT('',#15698);
#4261=VERTEX_POINT('',#15700);
#4262=VERTEX_POINT('',#15704);
#4263=VERTEX_POINT('',#15706);
#4264=VERTEX_POINT('',#15710);
#4265=VERTEX_POINT('',#15712);
#4266=VERTEX_POINT('',#15716);
#4267=VERTEX_POINT('',#15718);
#4268=VERTEX_POINT('',#15722);
#4269=VERTEX_POINT('',#15724);
#4270=VERTEX_POINT('',#15728);
#4271=VERTEX_POINT('',#15730);
#4272=VERTEX_POINT('',#15734);
#4273=VERTEX_POINT('',#15736);
#4274=VERTEX_POINT('',#15744);
#4275=VERTEX_POINT('',#15745);
#4276=VERTEX_POINT('',#15747);
#4277=VERTEX_POINT('',#15749);
#4278=VERTEX_POINT('',#15751);
#4279=VERTEX_POINT('',#15753);
#4280=VERTEX_POINT('',#15755);
#4281=VERTEX_POINT('',#15757);
#4282=VERTEX_POINT('',#15759);
#4283=VERTEX_POINT('',#15761);
#4284=VERTEX_POINT('',#15763);
#4285=VERTEX_POINT('',#15765);
#4286=VERTEX_POINT('',#15768);
#4287=VERTEX_POINT('',#15769);
#4288=VERTEX_POINT('',#15771);
#4289=VERTEX_POINT('',#15773);
#4290=VERTEX_POINT('',#15775);
#4291=VERTEX_POINT('',#15777);
#4292=VERTEX_POINT('',#15779);
#4293=VERTEX_POINT('',#15781);
#4294=VERTEX_POINT('',#15784);
#4295=VERTEX_POINT('',#15786);
#4296=VERTEX_POINT('',#15787);
#4297=VERTEX_POINT('',#15789);
#4298=VERTEX_POINT('',#15791);
#4299=VERTEX_POINT('',#15793);
#4300=VERTEX_POINT('',#15795);
#4301=VERTEX_POINT('',#15797);
#4302=VERTEX_POINT('',#15799);
#4303=VERTEX_POINT('',#15802);
#4304=VERTEX_POINT('',#15804);
#4305=VERTEX_POINT('',#15805);
#4306=VERTEX_POINT('',#15807);
#4307=VERTEX_POINT('',#15809);
#4308=VERTEX_POINT('',#15811);
#4309=VERTEX_POINT('',#15813);
#4310=VERTEX_POINT('',#15815);
#4311=VERTEX_POINT('',#15817);
#4312=VERTEX_POINT('',#15820);
#4313=VERTEX_POINT('',#15821);
#4314=VERTEX_POINT('',#15823);
#4315=VERTEX_POINT('',#15825);
#4316=VERTEX_POINT('',#15827);
#4317=VERTEX_POINT('',#15829);
#4318=VERTEX_POINT('',#15831);
#4319=VERTEX_POINT('',#15833);
#4320=VERTEX_POINT('',#15836);
#4321=VERTEX_POINT('',#15838);
#4322=VERTEX_POINT('',#15849);
#4323=VERTEX_POINT('',#15851);
#4324=VERTEX_POINT('',#15855);
#4325=VERTEX_POINT('',#15859);
#4326=VERTEX_POINT('',#15861);
#4327=VERTEX_POINT('',#15863);
#4328=VERTEX_POINT('',#15865);
#4329=VERTEX_POINT('',#15867);
#4330=VERTEX_POINT('',#15869);
#4331=VERTEX_POINT('',#15871);
#4332=VERTEX_POINT('',#15873);
#4333=VERTEX_POINT('',#15875);
#4334=VERTEX_POINT('',#15878);
#4335=VERTEX_POINT('',#15880);
#4336=VERTEX_POINT('',#15882);
#4337=VERTEX_POINT('',#15883);
#4338=VERTEX_POINT('',#15885);
#4339=VERTEX_POINT('',#15887);
#4340=VERTEX_POINT('',#15889);
#4341=VERTEX_POINT('',#15891);
#4342=VERTEX_POINT('',#15893);
#4343=VERTEX_POINT('',#15895);
#4344=VERTEX_POINT('',#15898);
#4345=VERTEX_POINT('',#15899);
#4346=VERTEX_POINT('',#15901);
#4347=VERTEX_POINT('',#15903);
#4348=VERTEX_POINT('',#15905);
#4349=VERTEX_POINT('',#15907);
#4350=VERTEX_POINT('',#15909);
#4351=VERTEX_POINT('',#15911);
#4352=VERTEX_POINT('',#15914);
#4353=VERTEX_POINT('',#15916);
#4354=VERTEX_POINT('',#15917);
#4355=VERTEX_POINT('',#15919);
#4356=VERTEX_POINT('',#15921);
#4357=VERTEX_POINT('',#15923);
#4358=VERTEX_POINT('',#15925);
#4359=VERTEX_POINT('',#15927);
#4360=VERTEX_POINT('',#15929);
#4361=VERTEX_POINT('',#15932);
#4362=VERTEX_POINT('',#15934);
#4363=VERTEX_POINT('',#15935);
#4364=VERTEX_POINT('',#15937);
#4365=VERTEX_POINT('',#15939);
#4366=VERTEX_POINT('',#15941);
#4367=VERTEX_POINT('',#15943);
#4368=VERTEX_POINT('',#15945);
#4369=VERTEX_POINT('',#15947);
#4370=VERTEX_POINT('',#16045);
#4371=VERTEX_POINT('',#16046);
#4372=VERTEX_POINT('',#16048);
#4373=VERTEX_POINT('',#16050);
#4374=VERTEX_POINT('',#16054);
#4375=VERTEX_POINT('',#16055);
#4376=VERTEX_POINT('',#16060);
#4377=VERTEX_POINT('',#16062);
#4378=VERTEX_POINT('',#16067);
#4379=VERTEX_POINT('',#16069);
#4380=VERTEX_POINT('',#16071);
#4381=VERTEX_POINT('',#16073);
#4382=VERTEX_POINT('',#16075);
#4383=VERTEX_POINT('',#16077);
#4384=VERTEX_POINT('',#16079);
#4385=VERTEX_POINT('',#16081);
#4386=VERTEX_POINT('',#16083);
#4387=VERTEX_POINT('',#16085);
#4388=VERTEX_POINT('',#16087);
#4389=VERTEX_POINT('',#16089);
#4390=VERTEX_POINT('',#16091);
#4391=VERTEX_POINT('',#16093);
#4392=VERTEX_POINT('',#16095);
#4393=VERTEX_POINT('',#16097);
#4394=VERTEX_POINT('',#16099);
#4395=VERTEX_POINT('',#16101);
#4396=VERTEX_POINT('',#16103);
#4397=VERTEX_POINT('',#16105);
#4398=VERTEX_POINT('',#16107);
#4399=VERTEX_POINT('',#16109);
#4400=VERTEX_POINT('',#16111);
#4401=VERTEX_POINT('',#16113);
#4402=VERTEX_POINT('',#16115);
#4403=VERTEX_POINT('',#16117);
#4404=VERTEX_POINT('',#16119);
#4405=VERTEX_POINT('',#16121);
#4406=VERTEX_POINT('',#16123);
#4407=VERTEX_POINT('',#16125);
#4408=VERTEX_POINT('',#16127);
#4409=VERTEX_POINT('',#16129);
#4410=VERTEX_POINT('',#16131);
#4411=VERTEX_POINT('',#16133);
#4412=VERTEX_POINT('',#16137);
#4413=VERTEX_POINT('',#16139);
#4414=VERTEX_POINT('',#16141);
#4415=VERTEX_POINT('',#16143);
#4416=VERTEX_POINT('',#16145);
#4417=VERTEX_POINT('',#16147);
#4418=VERTEX_POINT('',#16149);
#4419=VERTEX_POINT('',#16151);
#4420=VERTEX_POINT('',#16153);
#4421=VERTEX_POINT('',#16155);
#4422=VERTEX_POINT('',#16157);
#4423=VERTEX_POINT('',#16159);
#4424=VERTEX_POINT('',#16161);
#4425=VERTEX_POINT('',#16163);
#4426=VERTEX_POINT('',#16165);
#4427=VERTEX_POINT('',#16167);
#4428=VERTEX_POINT('',#16169);
#4429=VERTEX_POINT('',#16171);
#4430=VERTEX_POINT('',#16173);
#4431=VERTEX_POINT('',#16175);
#4432=VERTEX_POINT('',#16177);
#4433=VERTEX_POINT('',#16179);
#4434=VERTEX_POINT('',#16181);
#4435=VERTEX_POINT('',#16183);
#4436=VERTEX_POINT('',#16185);
#4437=VERTEX_POINT('',#16187);
#4438=VERTEX_POINT('',#16189);
#4439=VERTEX_POINT('',#16191);
#4440=VERTEX_POINT('',#16193);
#4441=VERTEX_POINT('',#16195);
#4442=VERTEX_POINT('',#16197);
#4443=VERTEX_POINT('',#16199);
#4444=VERTEX_POINT('',#16201);
#4445=VERTEX_POINT('',#16203);
#4446=EDGE_CURVE('',#3610,#3611,#3470,.T.);
#4447=EDGE_CURVE('',#3611,#3612,#1918,.T.);
#4448=EDGE_CURVE('',#3612,#3613,#3471,.T.);
#4449=EDGE_CURVE('',#3613,#3610,#1919,.T.);
#4450=EDGE_CURVE('',#3610,#3614,#1920,.T.);
#4451=EDGE_CURVE('',#3614,#3615,#1921,.T.);
#4452=EDGE_CURVE('',#3615,#3616,#1922,.T.);
#4453=EDGE_CURVE('',#3616,#3617,#1923,.T.);
#4454=EDGE_CURVE('',#3617,#3618,#1924,.T.);
#4455=EDGE_CURVE('',#3618,#3619,#1925,.T.);
#4456=EDGE_CURVE('',#3619,#3620,#1926,.T.);
#4457=EDGE_CURVE('',#3620,#3621,#1927,.T.);
#4458=EDGE_CURVE('',#3621,#3622,#1928,.T.);
#4459=EDGE_CURVE('',#3623,#3622,#3472,.T.);
#4460=EDGE_CURVE('',#3623,#3624,#1929,.T.);
#4461=EDGE_CURVE('',#3625,#3624,#3473,.T.);
#4462=EDGE_CURVE('',#3625,#3626,#1930,.T.);
#4463=EDGE_CURVE('',#3627,#3626,#3474,.T.);
#4464=EDGE_CURVE('',#3627,#3611,#1931,.T.);
#4465=EDGE_CURVE('',#3628,#3628,#3475,.T.);
#4466=EDGE_CURVE('',#3629,#3629,#3476,.T.);
#4467=EDGE_CURVE('',#3630,#3630,#3477,.T.);
#4468=EDGE_CURVE('',#3631,#3631,#3478,.T.);
#4469=EDGE_CURVE('',#3613,#3632,#1932,.T.);
#4470=EDGE_CURVE('',#3622,#3632,#1933,.T.);
#4471=EDGE_CURVE('',#3621,#3633,#1934,.T.);
#4472=EDGE_CURVE('',#3633,#3634,#1935,.T.);
#4473=EDGE_CURVE('',#3634,#3614,#1936,.T.);
#4474=EDGE_CURVE('',#3632,#3635,#3479,.T.);
#4475=EDGE_CURVE('',#3635,#3623,#1937,.T.);
#4476=EDGE_CURVE('',#3624,#3636,#1938,.T.);
#4477=EDGE_CURVE('',#3636,#3637,#3480,.T.);
#4478=EDGE_CURVE('',#3637,#3625,#1939,.T.);
#4479=EDGE_CURVE('',#3637,#3638,#1940,.T.);
#4480=EDGE_CURVE('',#3626,#3638,#1941,.T.);
#4481=EDGE_CURVE('',#3638,#3639,#3481,.T.);
#4482=EDGE_CURVE('',#3639,#3627,#1942,.T.);
#4483=EDGE_CURVE('',#3634,#3640,#1943,.T.);
#4484=EDGE_CURVE('',#3615,#3640,#1944,.T.);
#4485=EDGE_CURVE('',#3641,#3620,#1945,.T.);
#4486=EDGE_CURVE('',#3641,#3633,#1946,.T.);
#4487=EDGE_CURVE('',#3640,#3641,#1947,.T.);
#4488=EDGE_CURVE('',#3642,#3619,#1948,.T.);
#4489=EDGE_CURVE('',#3642,#3643,#1949,.T.);
#4490=EDGE_CURVE('',#3643,#3616,#1950,.T.);
#4491=EDGE_CURVE('',#3643,#3644,#1951,.T.);
#4492=EDGE_CURVE('',#3645,#3642,#1952,.T.);
#4493=EDGE_CURVE('',#3644,#3645,#1953,.T.);
#4494=EDGE_CURVE('',#3645,#3618,#1954,.T.);
#4495=EDGE_CURVE('',#3646,#3646,#3482,.T.);
#4496=EDGE_CURVE('',#3646,#3647,#1955,.T.);
#4497=EDGE_CURVE('',#3647,#3647,#3483,.T.);
#4498=EDGE_CURVE('',#3648,#3648,#3484,.T.);
#4499=EDGE_CURVE('',#3648,#3649,#1956,.T.);
#4500=EDGE_CURVE('',#3649,#3649,#3485,.T.);
#4501=EDGE_CURVE('',#3650,#3650,#3486,.T.);
#4502=EDGE_CURVE('',#3650,#3651,#1957,.T.);
#4503=EDGE_CURVE('',#3651,#3651,#3487,.T.);
#4504=EDGE_CURVE('',#3652,#3652,#3488,.T.);
#4505=EDGE_CURVE('',#3652,#3653,#1958,.T.);
#4506=EDGE_CURVE('',#3653,#3653,#3489,.T.);
#4507=EDGE_CURVE('',#3644,#3617,#1959,.T.);
#4508=EDGE_CURVE('',#3635,#3636,#1960,.T.);
#4509=EDGE_CURVE('',#3639,#3612,#1961,.T.);
#4510=EDGE_CURVE('',#3630,#3654,#1962,.T.);
#4511=EDGE_CURVE('',#3654,#3654,#3490,.T.);
#4512=EDGE_CURVE('',#3629,#3655,#1963,.T.);
#4513=EDGE_CURVE('',#3655,#3655,#3491,.T.);
#4514=EDGE_CURVE('',#3631,#3656,#1964,.T.);
#4515=EDGE_CURVE('',#3656,#3656,#3492,.T.);
#4516=EDGE_CURVE('',#3628,#3657,#1965,.T.);
#4517=EDGE_CURVE('',#3657,#3657,#3493,.T.);
#4518=EDGE_CURVE('',#3658,#3659,#1966,.T.);
#4519=EDGE_CURVE('',#3658,#3660,#1967,.T.);
#4520=EDGE_CURVE('',#3660,#3661,#1968,.T.);
#4521=EDGE_CURVE('',#3659,#3661,#1969,.T.);
#4522=EDGE_CURVE('',#3662,#3658,#1970,.T.);
#4523=EDGE_CURVE('',#3662,#3663,#1971,.T.);
#4524=EDGE_CURVE('',#3663,#3660,#1972,.T.);
#4525=EDGE_CURVE('',#3664,#3662,#1973,.T.);
#4526=EDGE_CURVE('',#3664,#3665,#1974,.T.);
#4527=EDGE_CURVE('',#3665,#3663,#1975,.T.);
#4528=EDGE_CURVE('',#3666,#3664,#1976,.T.);
#4529=EDGE_CURVE('',#3666,#3667,#1977,.T.);
#4530=EDGE_CURVE('',#3667,#3665,#1978,.T.);
#4531=EDGE_CURVE('',#3668,#3666,#1979,.T.);
#4532=EDGE_CURVE('',#3668,#3669,#1980,.T.);
#4533=EDGE_CURVE('',#3669,#3667,#1981,.T.);
#4534=EDGE_CURVE('',#3670,#3668,#1982,.T.);
#4535=EDGE_CURVE('',#3670,#3671,#1983,.T.);
#4536=EDGE_CURVE('',#3671,#3669,#1984,.T.);
#4537=EDGE_CURVE('',#3672,#3670,#1985,.T.);
#4538=EDGE_CURVE('',#3672,#3673,#1986,.T.);
#4539=EDGE_CURVE('',#3673,#3671,#1987,.T.);
#4540=EDGE_CURVE('',#3674,#3672,#1988,.T.);
#4541=EDGE_CURVE('',#3674,#3675,#1989,.T.);
#4542=EDGE_CURVE('',#3675,#3673,#1990,.T.);
#4543=EDGE_CURVE('',#3676,#3674,#1991,.T.);
#4544=EDGE_CURVE('',#3676,#3677,#1992,.T.);
#4545=EDGE_CURVE('',#3677,#3675,#1993,.T.);
#4546=EDGE_CURVE('',#3678,#3676,#1994,.T.);
#4547=EDGE_CURVE('',#3678,#3679,#1995,.T.);
#4548=EDGE_CURVE('',#3679,#3677,#1996,.T.);
#4549=EDGE_CURVE('',#3680,#3678,#1997,.T.);
#4550=EDGE_CURVE('',#3680,#3681,#1998,.T.);
#4551=EDGE_CURVE('',#3681,#3679,#1999,.T.);
#4552=EDGE_CURVE('',#3659,#3680,#2000,.T.);
#4553=EDGE_CURVE('',#3661,#3681,#2001,.T.);
#4554=EDGE_CURVE('',#3682,#3683,#2002,.T.);
#4555=EDGE_CURVE('',#3682,#3684,#2003,.T.);
#4556=EDGE_CURVE('',#3684,#3685,#2004,.T.);
#4557=EDGE_CURVE('',#3683,#3685,#2005,.T.);
#4558=EDGE_CURVE('',#3686,#3682,#2006,.T.);
#4559=EDGE_CURVE('',#3686,#3687,#2007,.T.);
#4560=EDGE_CURVE('',#3687,#3684,#2008,.T.);
#4561=EDGE_CURVE('',#3688,#3686,#2009,.T.);
#4562=EDGE_CURVE('',#3688,#3689,#2010,.T.);
#4563=EDGE_CURVE('',#3689,#3687,#2011,.T.);
#4564=EDGE_CURVE('',#3690,#3688,#2012,.T.);
#4565=EDGE_CURVE('',#3690,#3691,#2013,.T.);
#4566=EDGE_CURVE('',#3691,#3689,#2014,.T.);
#4567=EDGE_CURVE('',#3692,#3690,#2015,.T.);
#4568=EDGE_CURVE('',#3692,#3693,#2016,.T.);
#4569=EDGE_CURVE('',#3693,#3691,#2017,.T.);
#4570=EDGE_CURVE('',#3694,#3692,#2018,.T.);
#4571=EDGE_CURVE('',#3694,#3695,#2019,.T.);
#4572=EDGE_CURVE('',#3695,#3693,#2020,.T.);
#4573=EDGE_CURVE('',#3696,#3694,#2021,.T.);
#4574=EDGE_CURVE('',#3696,#3697,#2022,.T.);
#4575=EDGE_CURVE('',#3697,#3695,#2023,.T.);
#4576=EDGE_CURVE('',#3698,#3696,#2024,.T.);
#4577=EDGE_CURVE('',#3698,#3699,#2025,.T.);
#4578=EDGE_CURVE('',#3699,#3697,#2026,.T.);
#4579=EDGE_CURVE('',#3700,#3698,#2027,.T.);
#4580=EDGE_CURVE('',#3700,#3701,#2028,.T.);
#4581=EDGE_CURVE('',#3701,#3699,#2029,.T.);
#4582=EDGE_CURVE('',#3683,#3700,#2030,.T.);
#4583=EDGE_CURVE('',#3685,#3701,#2031,.T.);
#4584=EDGE_CURVE('',#3702,#3703,#2032,.T.);
#4585=EDGE_CURVE('',#3702,#3704,#2033,.T.);
#4586=EDGE_CURVE('',#3704,#3705,#2034,.T.);
#4587=EDGE_CURVE('',#3703,#3705,#2035,.T.);
#4588=EDGE_CURVE('',#3706,#3702,#27,.T.);
#4589=EDGE_CURVE('',#3706,#3707,#2036,.T.);
#4590=EDGE_CURVE('',#3707,#3704,#28,.T.);
#4591=EDGE_CURVE('',#3708,#3706,#29,.T.);
#4592=EDGE_CURVE('',#3708,#3709,#2037,.T.);
#4593=EDGE_CURVE('',#3709,#3707,#30,.T.);
#4594=EDGE_CURVE('',#3710,#3708,#31,.T.);
#4595=EDGE_CURVE('',#3710,#3711,#2038,.T.);
#4596=EDGE_CURVE('',#3711,#3709,#32,.T.);
#4597=EDGE_CURVE('',#3712,#3710,#33,.T.);
#4598=EDGE_CURVE('',#3712,#3713,#2039,.T.);
#4599=EDGE_CURVE('',#3713,#3711,#34,.T.);
#4600=EDGE_CURVE('',#3714,#3712,#35,.T.);
#4601=EDGE_CURVE('',#3714,#3715,#2040,.T.);
#4602=EDGE_CURVE('',#3715,#3713,#36,.T.);
#4603=EDGE_CURVE('',#3716,#3714,#37,.T.);
#4604=EDGE_CURVE('',#3716,#3717,#2041,.T.);
#4605=EDGE_CURVE('',#3717,#3715,#38,.T.);
#4606=EDGE_CURVE('',#3718,#3716,#2042,.T.);
#4607=EDGE_CURVE('',#3718,#3719,#2043,.T.);
#4608=EDGE_CURVE('',#3719,#3717,#2044,.T.);
#4609=EDGE_CURVE('',#3703,#3718,#2045,.T.);
#4610=EDGE_CURVE('',#3705,#3719,#2046,.T.);
#4611=EDGE_CURVE('',#3720,#3721,#2047,.T.);
#4612=EDGE_CURVE('',#3720,#3722,#2048,.T.);
#4613=EDGE_CURVE('',#3722,#3723,#2049,.T.);
#4614=EDGE_CURVE('',#3721,#3723,#2050,.T.);
#4615=EDGE_CURVE('',#3724,#3720,#39,.T.);
#4616=EDGE_CURVE('',#3724,#3725,#2051,.T.);
#4617=EDGE_CURVE('',#3725,#3722,#40,.T.);
#4618=EDGE_CURVE('',#3726,#3724,#41,.T.);
#4619=EDGE_CURVE('',#3726,#3727,#2052,.T.);
#4620=EDGE_CURVE('',#3727,#3725,#42,.T.);
#4621=EDGE_CURVE('',#3728,#3726,#43,.T.);
#4622=EDGE_CURVE('',#3728,#3729,#2053,.T.);
#4623=EDGE_CURVE('',#3729,#3727,#44,.T.);
#4624=EDGE_CURVE('',#3730,#3728,#45,.T.);
#4625=EDGE_CURVE('',#3730,#3731,#2054,.T.);
#4626=EDGE_CURVE('',#3731,#3729,#46,.T.);
#4627=EDGE_CURVE('',#3732,#3730,#47,.T.);
#4628=EDGE_CURVE('',#3732,#3733,#2055,.T.);
#4629=EDGE_CURVE('',#3733,#3731,#48,.T.);
#4630=EDGE_CURVE('',#3734,#3732,#49,.T.);
#4631=EDGE_CURVE('',#3734,#3735,#2056,.T.);
#4632=EDGE_CURVE('',#3735,#3733,#50,.T.);
#4633=EDGE_CURVE('',#3736,#3734,#51,.T.);
#4634=EDGE_CURVE('',#3736,#3737,#2057,.T.);
#4635=EDGE_CURVE('',#3737,#3735,#52,.T.);
#4636=EDGE_CURVE('',#3738,#3736,#2058,.T.);
#4637=EDGE_CURVE('',#3738,#3739,#2059,.T.);
#4638=EDGE_CURVE('',#3739,#3737,#2060,.T.);
#4639=EDGE_CURVE('',#3721,#3738,#2061,.T.);
#4640=EDGE_CURVE('',#3723,#3739,#2062,.T.);
#4641=EDGE_CURVE('',#3740,#3741,#53,.T.);
#4642=EDGE_CURVE('',#3740,#3742,#2063,.T.);
#4643=EDGE_CURVE('',#3742,#3743,#54,.T.);
#4644=EDGE_CURVE('',#3741,#3743,#2064,.T.);
#4645=EDGE_CURVE('',#3744,#3740,#55,.T.);
#4646=EDGE_CURVE('',#3744,#3745,#2065,.T.);
#4647=EDGE_CURVE('',#3745,#3742,#56,.T.);
#4648=EDGE_CURVE('',#3746,#3744,#57,.T.);
#4649=EDGE_CURVE('',#3746,#3747,#2066,.T.);
#4650=EDGE_CURVE('',#3747,#3745,#58,.T.);
#4651=EDGE_CURVE('',#3748,#3746,#59,.T.);
#4652=EDGE_CURVE('',#3748,#3749,#2067,.T.);
#4653=EDGE_CURVE('',#3749,#3747,#60,.T.);
#4654=EDGE_CURVE('',#3750,#3748,#61,.T.);
#4655=EDGE_CURVE('',#3750,#3751,#2068,.T.);
#4656=EDGE_CURVE('',#3751,#3749,#62,.T.);
#4657=EDGE_CURVE('',#3752,#3750,#63,.T.);
#4658=EDGE_CURVE('',#3752,#3753,#2069,.T.);
#4659=EDGE_CURVE('',#3753,#3751,#64,.T.);
#4660=EDGE_CURVE('',#3754,#3752,#65,.T.);
#4661=EDGE_CURVE('',#3754,#3755,#2070,.T.);
#4662=EDGE_CURVE('',#3755,#3753,#66,.T.);
#4663=EDGE_CURVE('',#3756,#3754,#67,.T.);
#4664=EDGE_CURVE('',#3756,#3757,#2071,.T.);
#4665=EDGE_CURVE('',#3757,#3755,#68,.T.);
#4666=EDGE_CURVE('',#3758,#3756,#69,.T.);
#4667=EDGE_CURVE('',#3758,#3759,#2072,.T.);
#4668=EDGE_CURVE('',#3759,#3757,#70,.T.);
#4669=EDGE_CURVE('',#3760,#3758,#71,.T.);
#4670=EDGE_CURVE('',#3760,#3761,#2073,.T.);
#4671=EDGE_CURVE('',#3761,#3759,#72,.T.);
#4672=EDGE_CURVE('',#3762,#3760,#73,.T.);
#4673=EDGE_CURVE('',#3762,#3763,#2074,.T.);
#4674=EDGE_CURVE('',#3763,#3761,#74,.T.);
#4675=EDGE_CURVE('',#3764,#3762,#2075,.T.);
#4676=EDGE_CURVE('',#3764,#3765,#2076,.T.);
#4677=EDGE_CURVE('',#3765,#3763,#2077,.T.);
#4678=EDGE_CURVE('',#3766,#3764,#2078,.T.);
#4679=EDGE_CURVE('',#3766,#3767,#2079,.T.);
#4680=EDGE_CURVE('',#3767,#3765,#2080,.T.);
#4681=EDGE_CURVE('',#3741,#3766,#2081,.T.);
#4682=EDGE_CURVE('',#3743,#3767,#2082,.T.);
#4683=EDGE_CURVE('',#3768,#3769,#75,.T.);
#4684=EDGE_CURVE('',#3768,#3770,#2083,.T.);
#4685=EDGE_CURVE('',#3770,#3771,#76,.T.);
#4686=EDGE_CURVE('',#3769,#3771,#2084,.T.);
#4687=EDGE_CURVE('',#3772,#3768,#77,.T.);
#4688=EDGE_CURVE('',#3772,#3773,#2085,.T.);
#4689=EDGE_CURVE('',#3773,#3770,#78,.T.);
#4690=EDGE_CURVE('',#3774,#3772,#2086,.T.);
#4691=EDGE_CURVE('',#3774,#3775,#2087,.T.);
#4692=EDGE_CURVE('',#3775,#3773,#2088,.T.);
#4693=EDGE_CURVE('',#3776,#3774,#2089,.T.);
#4694=EDGE_CURVE('',#3776,#3777,#2090,.T.);
#4695=EDGE_CURVE('',#3777,#3775,#2091,.T.);
#4696=EDGE_CURVE('',#3769,#3776,#2092,.T.);
#4697=EDGE_CURVE('',#3771,#3777,#2093,.T.);
#4698=EDGE_CURVE('',#3778,#3779,#2094,.T.);
#4699=EDGE_CURVE('',#3778,#3780,#2095,.T.);
#4700=EDGE_CURVE('',#3780,#3781,#2096,.T.);
#4701=EDGE_CURVE('',#3779,#3781,#2097,.T.);
#4702=EDGE_CURVE('',#3782,#3778,#2098,.T.);
#4703=EDGE_CURVE('',#3782,#3783,#2099,.T.);
#4704=EDGE_CURVE('',#3783,#3780,#2100,.T.);
#4705=EDGE_CURVE('',#3784,#3782,#2101,.T.);
#4706=EDGE_CURVE('',#3784,#3785,#2102,.T.);
#4707=EDGE_CURVE('',#3785,#3783,#2103,.T.);
#4708=EDGE_CURVE('',#3786,#3784,#2104,.T.);
#4709=EDGE_CURVE('',#3786,#3787,#2105,.T.);
#4710=EDGE_CURVE('',#3787,#3785,#2106,.T.);
#4711=EDGE_CURVE('',#3788,#3786,#2107,.T.);
#4712=EDGE_CURVE('',#3788,#3789,#2108,.T.);
#4713=EDGE_CURVE('',#3789,#3787,#2109,.T.);
#4714=EDGE_CURVE('',#3790,#3788,#2110,.T.);
#4715=EDGE_CURVE('',#3790,#3791,#2111,.T.);
#4716=EDGE_CURVE('',#3791,#3789,#2112,.T.);
#4717=EDGE_CURVE('',#3792,#3790,#2113,.T.);
#4718=EDGE_CURVE('',#3792,#3793,#2114,.T.);
#4719=EDGE_CURVE('',#3793,#3791,#2115,.T.);
#4720=EDGE_CURVE('',#3779,#3792,#2116,.T.);
#4721=EDGE_CURVE('',#3781,#3793,#2117,.T.);
#4722=EDGE_CURVE('',#3794,#3795,#2118,.T.);
#4723=EDGE_CURVE('',#3794,#3796,#2119,.T.);
#4724=EDGE_CURVE('',#3796,#3797,#2120,.T.);
#4725=EDGE_CURVE('',#3795,#3797,#2121,.T.);
#4726=EDGE_CURVE('',#3798,#3794,#79,.T.);
#4727=EDGE_CURVE('',#3798,#3799,#2122,.T.);
#4728=EDGE_CURVE('',#3799,#3796,#80,.T.);
#4729=EDGE_CURVE('',#3800,#3798,#81,.T.);
#4730=EDGE_CURVE('',#3800,#3801,#2123,.T.);
#4731=EDGE_CURVE('',#3801,#3799,#82,.T.);
#4732=EDGE_CURVE('',#3802,#3800,#83,.T.);
#4733=EDGE_CURVE('',#3802,#3803,#2124,.T.);
#4734=EDGE_CURVE('',#3803,#3801,#84,.T.);
#4735=EDGE_CURVE('',#3804,#3802,#85,.T.);
#4736=EDGE_CURVE('',#3804,#3805,#2125,.T.);
#4737=EDGE_CURVE('',#3805,#3803,#86,.T.);
#4738=EDGE_CURVE('',#3806,#3804,#87,.T.);
#4739=EDGE_CURVE('',#3806,#3807,#2126,.T.);
#4740=EDGE_CURVE('',#3807,#3805,#88,.T.);
#4741=EDGE_CURVE('',#3808,#3806,#89,.T.);
#4742=EDGE_CURVE('',#3808,#3809,#2127,.T.);
#4743=EDGE_CURVE('',#3809,#3807,#90,.T.);
#4744=EDGE_CURVE('',#3810,#3808,#91,.T.);
#4745=EDGE_CURVE('',#3810,#3811,#2128,.T.);
#4746=EDGE_CURVE('',#3811,#3809,#92,.T.);
#4747=EDGE_CURVE('',#3812,#3810,#93,.T.);
#4748=EDGE_CURVE('',#3812,#3813,#2129,.T.);
#4749=EDGE_CURVE('',#3813,#3811,#94,.T.);
#4750=EDGE_CURVE('',#3814,#3812,#95,.T.);
#4751=EDGE_CURVE('',#3814,#3815,#2130,.T.);
#4752=EDGE_CURVE('',#3815,#3813,#96,.T.);
#4753=EDGE_CURVE('',#3816,#3814,#97,.T.);
#4754=EDGE_CURVE('',#3816,#3817,#2131,.T.);
#4755=EDGE_CURVE('',#3817,#3815,#98,.T.);
#4756=EDGE_CURVE('',#3818,#3816,#99,.T.);
#4757=EDGE_CURVE('',#3818,#3819,#2132,.T.);
#4758=EDGE_CURVE('',#3819,#3817,#100,.T.);
#4759=EDGE_CURVE('',#3820,#3818,#101,.T.);
#4760=EDGE_CURVE('',#3820,#3821,#2133,.T.);
#4761=EDGE_CURVE('',#3821,#3819,#102,.T.);
#4762=EDGE_CURVE('',#3822,#3820,#2134,.T.);
#4763=EDGE_CURVE('',#3822,#3823,#2135,.T.);
#4764=EDGE_CURVE('',#3823,#3821,#2136,.T.);
#4765=EDGE_CURVE('',#3824,#3822,#103,.T.);
#4766=EDGE_CURVE('',#3824,#3825,#2137,.T.);
#4767=EDGE_CURVE('',#3825,#3823,#104,.T.);
#4768=EDGE_CURVE('',#3826,#3824,#105,.T.);
#4769=EDGE_CURVE('',#3826,#3827,#2138,.T.);
#4770=EDGE_CURVE('',#3827,#3825,#106,.T.);
#4771=EDGE_CURVE('',#3828,#3826,#107,.T.);
#4772=EDGE_CURVE('',#3828,#3829,#2139,.T.);
#4773=EDGE_CURVE('',#3829,#3827,#108,.T.);
#4774=EDGE_CURVE('',#3830,#3828,#109,.T.);
#4775=EDGE_CURVE('',#3830,#3831,#2140,.T.);
#4776=EDGE_CURVE('',#3831,#3829,#110,.T.);
#4777=EDGE_CURVE('',#3832,#3830,#111,.T.);
#4778=EDGE_CURVE('',#3832,#3833,#2141,.T.);
#4779=EDGE_CURVE('',#3833,#3831,#112,.T.);
#4780=EDGE_CURVE('',#3834,#3832,#113,.T.);
#4781=EDGE_CURVE('',#3834,#3835,#2142,.T.);
#4782=EDGE_CURVE('',#3835,#3833,#114,.T.);
#4783=EDGE_CURVE('',#3836,#3834,#115,.T.);
#4784=EDGE_CURVE('',#3836,#3837,#2143,.T.);
#4785=EDGE_CURVE('',#3837,#3835,#116,.T.);
#4786=EDGE_CURVE('',#3838,#3836,#117,.T.);
#4787=EDGE_CURVE('',#3838,#3839,#2144,.T.);
#4788=EDGE_CURVE('',#3839,#3837,#118,.T.);
#4789=EDGE_CURVE('',#3840,#3838,#119,.T.);
#4790=EDGE_CURVE('',#3840,#3841,#2145,.T.);
#4791=EDGE_CURVE('',#3841,#3839,#120,.T.);
#4792=EDGE_CURVE('',#3842,#3840,#121,.T.);
#4793=EDGE_CURVE('',#3842,#3843,#2146,.T.);
#4794=EDGE_CURVE('',#3843,#3841,#122,.T.);
#4795=EDGE_CURVE('',#3844,#3842,#123,.T.);
#4796=EDGE_CURVE('',#3844,#3845,#2147,.T.);
#4797=EDGE_CURVE('',#3845,#3843,#124,.T.);
#4798=EDGE_CURVE('',#3846,#3844,#2148,.T.);
#4799=EDGE_CURVE('',#3846,#3847,#2149,.T.);
#4800=EDGE_CURVE('',#3847,#3845,#2150,.T.);
#4801=EDGE_CURVE('',#3848,#3846,#2151,.T.);
#4802=EDGE_CURVE('',#3848,#3849,#2152,.T.);
#4803=EDGE_CURVE('',#3849,#3847,#2153,.T.);
#4804=EDGE_CURVE('',#3850,#3848,#2154,.T.);
#4805=EDGE_CURVE('',#3850,#3851,#2155,.T.);
#4806=EDGE_CURVE('',#3851,#3849,#2156,.T.);
#4807=EDGE_CURVE('',#3795,#3850,#2157,.T.);
#4808=EDGE_CURVE('',#3797,#3851,#2158,.T.);
#4809=EDGE_CURVE('',#3852,#3853,#125,.T.);
#4810=EDGE_CURVE('',#3852,#3854,#2159,.T.);
#4811=EDGE_CURVE('',#3854,#3855,#126,.T.);
#4812=EDGE_CURVE('',#3853,#3855,#2160,.T.);
#4813=EDGE_CURVE('',#3856,#3852,#127,.T.);
#4814=EDGE_CURVE('',#3856,#3857,#2161,.T.);
#4815=EDGE_CURVE('',#3857,#3854,#128,.T.);
#4816=EDGE_CURVE('',#3858,#3856,#129,.T.);
#4817=EDGE_CURVE('',#3858,#3859,#2162,.T.);
#4818=EDGE_CURVE('',#3859,#3857,#130,.T.);
#4819=EDGE_CURVE('',#3860,#3858,#131,.T.);
#4820=EDGE_CURVE('',#3860,#3861,#2163,.T.);
#4821=EDGE_CURVE('',#3861,#3859,#132,.T.);
#4822=EDGE_CURVE('',#3862,#3860,#133,.T.);
#4823=EDGE_CURVE('',#3862,#3863,#2164,.T.);
#4824=EDGE_CURVE('',#3863,#3861,#134,.T.);
#4825=EDGE_CURVE('',#3864,#3862,#135,.T.);
#4826=EDGE_CURVE('',#3864,#3865,#2165,.T.);
#4827=EDGE_CURVE('',#3865,#3863,#136,.T.);
#4828=EDGE_CURVE('',#3866,#3864,#137,.T.);
#4829=EDGE_CURVE('',#3866,#3867,#2166,.T.);
#4830=EDGE_CURVE('',#3867,#3865,#138,.T.);
#4831=EDGE_CURVE('',#3868,#3866,#139,.T.);
#4832=EDGE_CURVE('',#3868,#3869,#2167,.T.);
#4833=EDGE_CURVE('',#3869,#3867,#140,.T.);
#4834=EDGE_CURVE('',#3853,#3868,#141,.T.);
#4835=EDGE_CURVE('',#3855,#3869,#142,.T.);
#4836=EDGE_CURVE('',#3870,#3871,#143,.T.);
#4837=EDGE_CURVE('',#3870,#3872,#2168,.T.);
#4838=EDGE_CURVE('',#3872,#3873,#144,.T.);
#4839=EDGE_CURVE('',#3871,#3873,#2169,.T.);
#4840=EDGE_CURVE('',#3874,#3870,#145,.T.);
#4841=EDGE_CURVE('',#3874,#3875,#2170,.T.);
#4842=EDGE_CURVE('',#3875,#3872,#146,.T.);
#4843=EDGE_CURVE('',#3876,#3874,#147,.T.);
#4844=EDGE_CURVE('',#3876,#3877,#2171,.T.);
#4845=EDGE_CURVE('',#3877,#3875,#148,.T.);
#4846=EDGE_CURVE('',#3878,#3876,#149,.T.);
#4847=EDGE_CURVE('',#3878,#3879,#2172,.T.);
#4848=EDGE_CURVE('',#3879,#3877,#150,.T.);
#4849=EDGE_CURVE('',#3880,#3878,#151,.T.);
#4850=EDGE_CURVE('',#3880,#3881,#2173,.T.);
#4851=EDGE_CURVE('',#3881,#3879,#152,.T.);
#4852=EDGE_CURVE('',#3882,#3880,#153,.T.);
#4853=EDGE_CURVE('',#3882,#3883,#2174,.T.);
#4854=EDGE_CURVE('',#3883,#3881,#154,.T.);
#4855=EDGE_CURVE('',#3884,#3882,#155,.T.);
#4856=EDGE_CURVE('',#3884,#3885,#2175,.T.);
#4857=EDGE_CURVE('',#3885,#3883,#156,.T.);
#4858=EDGE_CURVE('',#3886,#3884,#157,.T.);
#4859=EDGE_CURVE('',#3886,#3887,#2176,.T.);
#4860=EDGE_CURVE('',#3887,#3885,#158,.T.);
#4861=EDGE_CURVE('',#3888,#3886,#159,.T.);
#4862=EDGE_CURVE('',#3888,#3889,#2177,.T.);
#4863=EDGE_CURVE('',#3889,#3887,#160,.T.);
#4864=EDGE_CURVE('',#3890,#3888,#161,.T.);
#4865=EDGE_CURVE('',#3890,#3891,#2178,.T.);
#4866=EDGE_CURVE('',#3891,#3889,#162,.T.);
#4867=EDGE_CURVE('',#3871,#3890,#163,.T.);
#4868=EDGE_CURVE('',#3873,#3891,#164,.T.);
#4869=EDGE_CURVE('',#3892,#3893,#2179,.T.);
#4870=EDGE_CURVE('',#3892,#3894,#2180,.T.);
#4871=EDGE_CURVE('',#3894,#3895,#2181,.T.);
#4872=EDGE_CURVE('',#3893,#3895,#2182,.T.);
#4873=EDGE_CURVE('',#3896,#3892,#2183,.T.);
#4874=EDGE_CURVE('',#3896,#3897,#2184,.T.);
#4875=EDGE_CURVE('',#3897,#3894,#2185,.T.);
#4876=EDGE_CURVE('',#3898,#3896,#2186,.T.);
#4877=EDGE_CURVE('',#3898,#3899,#2187,.T.);
#4878=EDGE_CURVE('',#3899,#3897,#2188,.T.);
#4879=EDGE_CURVE('',#3900,#3898,#2189,.T.);
#4880=EDGE_CURVE('',#3900,#3901,#2190,.T.);
#4881=EDGE_CURVE('',#3901,#3899,#2191,.T.);
#4882=EDGE_CURVE('',#3902,#3900,#2192,.T.);
#4883=EDGE_CURVE('',#3902,#3903,#2193,.T.);
#4884=EDGE_CURVE('',#3903,#3901,#2194,.T.);
#4885=EDGE_CURVE('',#3904,#3902,#2195,.T.);
#4886=EDGE_CURVE('',#3904,#3905,#2196,.T.);
#4887=EDGE_CURVE('',#3905,#3903,#2197,.T.);
#4888=EDGE_CURVE('',#3906,#3904,#2198,.T.);
#4889=EDGE_CURVE('',#3906,#3907,#2199,.T.);
#4890=EDGE_CURVE('',#3907,#3905,#2200,.T.);
#4891=EDGE_CURVE('',#3893,#3906,#2201,.T.);
#4892=EDGE_CURVE('',#3895,#3907,#2202,.T.);
#4893=EDGE_CURVE('',#3908,#3909,#2203,.T.);
#4894=EDGE_CURVE('',#3908,#3910,#2204,.T.);
#4895=EDGE_CURVE('',#3910,#3911,#2205,.T.);
#4896=EDGE_CURVE('',#3909,#3911,#2206,.T.);
#4897=EDGE_CURVE('',#3912,#3908,#165,.T.);
#4898=EDGE_CURVE('',#3912,#3913,#2207,.T.);
#4899=EDGE_CURVE('',#3913,#3910,#166,.T.);
#4900=EDGE_CURVE('',#3914,#3912,#167,.T.);
#4901=EDGE_CURVE('',#3914,#3915,#2208,.T.);
#4902=EDGE_CURVE('',#3915,#3913,#168,.T.);
#4903=EDGE_CURVE('',#3916,#3914,#169,.T.);
#4904=EDGE_CURVE('',#3916,#3917,#2209,.T.);
#4905=EDGE_CURVE('',#3917,#3915,#170,.T.);
#4906=EDGE_CURVE('',#3918,#3916,#171,.T.);
#4907=EDGE_CURVE('',#3918,#3919,#2210,.T.);
#4908=EDGE_CURVE('',#3919,#3917,#172,.T.);
#4909=EDGE_CURVE('',#3920,#3918,#173,.T.);
#4910=EDGE_CURVE('',#3920,#3921,#2211,.T.);
#4911=EDGE_CURVE('',#3921,#3919,#174,.T.);
#4912=EDGE_CURVE('',#3922,#3920,#2212,.T.);
#4913=EDGE_CURVE('',#3922,#3923,#2213,.T.);
#4914=EDGE_CURVE('',#3923,#3921,#2214,.T.);
#4915=EDGE_CURVE('',#3909,#3922,#2215,.T.);
#4916=EDGE_CURVE('',#3911,#3923,#2216,.T.);
#4917=EDGE_CURVE('',#3924,#3925,#2217,.T.);
#4918=EDGE_CURVE('',#3924,#3926,#2218,.T.);
#4919=EDGE_CURVE('',#3926,#3927,#2219,.T.);
#4920=EDGE_CURVE('',#3925,#3927,#2220,.T.);
#4921=EDGE_CURVE('',#3928,#3924,#2221,.T.);
#4922=EDGE_CURVE('',#3928,#3929,#2222,.T.);
#4923=EDGE_CURVE('',#3929,#3926,#2223,.T.);
#4924=EDGE_CURVE('',#3930,#3928,#175,.T.);
#4925=EDGE_CURVE('',#3930,#3931,#2224,.T.);
#4926=EDGE_CURVE('',#3931,#3929,#176,.T.);
#4927=EDGE_CURVE('',#3932,#3930,#177,.T.);
#4928=EDGE_CURVE('',#3932,#3933,#2225,.T.);
#4929=EDGE_CURVE('',#3933,#3931,#178,.T.);
#4930=EDGE_CURVE('',#3934,#3932,#179,.T.);
#4931=EDGE_CURVE('',#3934,#3935,#2226,.T.);
#4932=EDGE_CURVE('',#3935,#3933,#180,.T.);
#4933=EDGE_CURVE('',#3936,#3934,#181,.T.);
#4934=EDGE_CURVE('',#3936,#3937,#2227,.T.);
#4935=EDGE_CURVE('',#3937,#3935,#182,.T.);
#4936=EDGE_CURVE('',#3938,#3936,#183,.T.);
#4937=EDGE_CURVE('',#3938,#3939,#2228,.T.);
#4938=EDGE_CURVE('',#3939,#3937,#184,.T.);
#4939=EDGE_CURVE('',#3940,#3938,#185,.T.);
#4940=EDGE_CURVE('',#3940,#3941,#2229,.T.);
#4941=EDGE_CURVE('',#3941,#3939,#186,.T.);
#4942=EDGE_CURVE('',#3942,#3940,#2230,.T.);
#4943=EDGE_CURVE('',#3942,#3943,#2231,.T.);
#4944=EDGE_CURVE('',#3943,#3941,#2232,.T.);
#4945=EDGE_CURVE('',#3944,#3942,#2233,.T.);
#4946=EDGE_CURVE('',#3944,#3945,#2234,.T.);
#4947=EDGE_CURVE('',#3945,#3943,#2235,.T.);
#4948=EDGE_CURVE('',#3925,#3944,#2236,.T.);
#4949=EDGE_CURVE('',#3927,#3945,#2237,.T.);
#4950=EDGE_CURVE('',#3946,#3947,#2238,.T.);
#4951=EDGE_CURVE('',#3946,#3948,#2239,.T.);
#4952=EDGE_CURVE('',#3948,#3949,#2240,.T.);
#4953=EDGE_CURVE('',#3947,#3949,#2241,.T.);
#4954=EDGE_CURVE('',#3950,#3946,#2242,.T.);
#4955=EDGE_CURVE('',#3950,#3951,#2243,.T.);
#4956=EDGE_CURVE('',#3951,#3948,#2244,.T.);
#4957=EDGE_CURVE('',#3952,#3950,#2245,.T.);
#4958=EDGE_CURVE('',#3952,#3953,#2246,.T.);
#4959=EDGE_CURVE('',#3953,#3951,#2247,.T.);
#4960=EDGE_CURVE('',#3954,#3952,#2248,.T.);
#4961=EDGE_CURVE('',#3954,#3955,#2249,.T.);
#4962=EDGE_CURVE('',#3955,#3953,#2250,.T.);
#4963=EDGE_CURVE('',#3956,#3954,#2251,.T.);
#4964=EDGE_CURVE('',#3956,#3957,#2252,.T.);
#4965=EDGE_CURVE('',#3957,#3955,#2253,.T.);
#4966=EDGE_CURVE('',#3958,#3956,#2254,.T.);
#4967=EDGE_CURVE('',#3958,#3959,#2255,.T.);
#4968=EDGE_CURVE('',#3959,#3957,#2256,.T.);
#4969=EDGE_CURVE('',#3960,#3958,#2257,.T.);
#4970=EDGE_CURVE('',#3960,#3961,#2258,.T.);
#4971=EDGE_CURVE('',#3961,#3959,#2259,.T.);
#4972=EDGE_CURVE('',#3962,#3960,#2260,.T.);
#4973=EDGE_CURVE('',#3962,#3963,#2261,.T.);
#4974=EDGE_CURVE('',#3963,#3961,#2262,.T.);
#4975=EDGE_CURVE('',#3964,#3962,#2263,.T.);
#4976=EDGE_CURVE('',#3964,#3965,#2264,.T.);
#4977=EDGE_CURVE('',#3965,#3963,#2265,.T.);
#4978=EDGE_CURVE('',#3947,#3964,#2266,.T.);
#4979=EDGE_CURVE('',#3949,#3965,#2267,.T.);
#4980=EDGE_CURVE('',#3966,#3967,#2268,.T.);
#4981=EDGE_CURVE('',#3966,#3968,#2269,.T.);
#4982=EDGE_CURVE('',#3968,#3969,#2270,.T.);
#4983=EDGE_CURVE('',#3967,#3969,#2271,.T.);
#4984=EDGE_CURVE('',#3970,#3966,#2272,.T.);
#4985=EDGE_CURVE('',#3970,#3971,#2273,.T.);
#4986=EDGE_CURVE('',#3971,#3968,#2274,.T.);
#4987=EDGE_CURVE('',#3972,#3970,#2275,.T.);
#4988=EDGE_CURVE('',#3972,#3973,#2276,.T.);
#4989=EDGE_CURVE('',#3973,#3971,#2277,.T.);
#4990=EDGE_CURVE('',#3967,#3972,#2278,.T.);
#4991=EDGE_CURVE('',#3969,#3973,#2279,.T.);
#4992=EDGE_CURVE('',#3974,#3975,#2280,.T.);
#4993=EDGE_CURVE('',#3974,#3976,#2281,.T.);
#4994=EDGE_CURVE('',#3976,#3977,#2282,.T.);
#4995=EDGE_CURVE('',#3975,#3977,#2283,.T.);
#4996=EDGE_CURVE('',#3978,#3974,#2284,.T.);
#4997=EDGE_CURVE('',#3978,#3979,#2285,.T.);
#4998=EDGE_CURVE('',#3979,#3976,#2286,.T.);
#4999=EDGE_CURVE('',#3980,#3978,#2287,.T.);
#5000=EDGE_CURVE('',#3980,#3981,#2288,.T.);
#5001=EDGE_CURVE('',#3981,#3979,#2289,.T.);
#5002=EDGE_CURVE('',#3982,#3980,#2290,.T.);
#5003=EDGE_CURVE('',#3982,#3983,#2291,.T.);
#5004=EDGE_CURVE('',#3983,#3981,#2292,.T.);
#5005=EDGE_CURVE('',#3984,#3982,#187,.T.);
#5006=EDGE_CURVE('',#3984,#3985,#2293,.T.);
#5007=EDGE_CURVE('',#3985,#3983,#188,.T.);
#5008=EDGE_CURVE('',#3986,#3984,#189,.T.);
#5009=EDGE_CURVE('',#3986,#3987,#2294,.T.);
#5010=EDGE_CURVE('',#3987,#3985,#190,.T.);
#5011=EDGE_CURVE('',#3988,#3986,#2295,.T.);
#5012=EDGE_CURVE('',#3988,#3989,#2296,.T.);
#5013=EDGE_CURVE('',#3989,#3987,#2297,.T.);
#5014=EDGE_CURVE('',#3990,#3988,#2298,.T.);
#5015=EDGE_CURVE('',#3990,#3991,#2299,.T.);
#5016=EDGE_CURVE('',#3991,#3989,#2300,.T.);
#5017=EDGE_CURVE('',#3992,#3990,#2301,.T.);
#5018=EDGE_CURVE('',#3992,#3993,#2302,.T.);
#5019=EDGE_CURVE('',#3993,#3991,#2303,.T.);
#5020=EDGE_CURVE('',#3994,#3992,#2304,.T.);
#5021=EDGE_CURVE('',#3994,#3995,#2305,.T.);
#5022=EDGE_CURVE('',#3995,#3993,#2306,.T.);
#5023=EDGE_CURVE('',#3975,#3994,#2307,.T.);
#5024=EDGE_CURVE('',#3977,#3995,#2308,.T.);
#5025=EDGE_CURVE('',#3996,#3997,#2309,.T.);
#5026=EDGE_CURVE('',#3996,#3998,#2310,.T.);
#5027=EDGE_CURVE('',#3998,#3999,#2311,.T.);
#5028=EDGE_CURVE('',#3997,#3999,#2312,.T.);
#5029=EDGE_CURVE('',#4000,#3996,#2313,.T.);
#5030=EDGE_CURVE('',#4000,#4001,#2314,.T.);
#5031=EDGE_CURVE('',#4001,#3998,#2315,.T.);
#5032=EDGE_CURVE('',#4002,#4000,#2316,.T.);
#5033=EDGE_CURVE('',#4002,#4003,#2317,.T.);
#5034=EDGE_CURVE('',#4003,#4001,#2318,.T.);
#5035=EDGE_CURVE('',#4004,#4002,#2319,.T.);
#5036=EDGE_CURVE('',#4004,#4005,#2320,.T.);
#5037=EDGE_CURVE('',#4005,#4003,#2321,.T.);
#5038=EDGE_CURVE('',#4006,#4004,#2322,.T.);
#5039=EDGE_CURVE('',#4006,#4007,#2323,.T.);
#5040=EDGE_CURVE('',#4007,#4005,#2324,.T.);
#5041=EDGE_CURVE('',#4008,#4006,#2325,.T.);
#5042=EDGE_CURVE('',#4008,#4009,#2326,.T.);
#5043=EDGE_CURVE('',#4009,#4007,#2327,.T.);
#5044=EDGE_CURVE('',#4010,#4008,#2328,.T.);
#5045=EDGE_CURVE('',#4010,#4011,#2329,.T.);
#5046=EDGE_CURVE('',#4011,#4009,#2330,.T.);
#5047=EDGE_CURVE('',#4012,#4010,#2331,.T.);
#5048=EDGE_CURVE('',#4012,#4013,#2332,.T.);
#5049=EDGE_CURVE('',#4013,#4011,#2333,.T.);
#5050=EDGE_CURVE('',#4014,#4012,#2334,.T.);
#5051=EDGE_CURVE('',#4014,#4015,#2335,.T.);
#5052=EDGE_CURVE('',#4015,#4013,#2336,.T.);
#5053=EDGE_CURVE('',#3997,#4014,#2337,.T.);
#5054=EDGE_CURVE('',#3999,#4015,#2338,.T.);
#5055=EDGE_CURVE('',#4016,#4017,#2339,.T.);
#5056=EDGE_CURVE('',#4016,#4018,#2340,.T.);
#5057=EDGE_CURVE('',#4018,#4019,#2341,.T.);
#5058=EDGE_CURVE('',#4017,#4019,#2342,.T.);
#5059=EDGE_CURVE('',#4020,#4016,#191,.T.);
#5060=EDGE_CURVE('',#4020,#4021,#2343,.T.);
#5061=EDGE_CURVE('',#4021,#4018,#192,.T.);
#5062=EDGE_CURVE('',#4022,#4020,#193,.T.);
#5063=EDGE_CURVE('',#4022,#4023,#2344,.T.);
#5064=EDGE_CURVE('',#4023,#4021,#194,.T.);
#5065=EDGE_CURVE('',#4024,#4022,#195,.T.);
#5066=EDGE_CURVE('',#4024,#4025,#2345,.T.);
#5067=EDGE_CURVE('',#4025,#4023,#196,.T.);
#5068=EDGE_CURVE('',#4026,#4024,#197,.T.);
#5069=EDGE_CURVE('',#4026,#4027,#2346,.T.);
#5070=EDGE_CURVE('',#4027,#4025,#198,.T.);
#5071=EDGE_CURVE('',#4028,#4026,#199,.T.);
#5072=EDGE_CURVE('',#4028,#4029,#2347,.T.);
#5073=EDGE_CURVE('',#4029,#4027,#200,.T.);
#5074=EDGE_CURVE('',#4030,#4028,#201,.T.);
#5075=EDGE_CURVE('',#4030,#4031,#2348,.T.);
#5076=EDGE_CURVE('',#4031,#4029,#202,.T.);
#5077=EDGE_CURVE('',#4032,#4030,#203,.T.);
#5078=EDGE_CURVE('',#4032,#4033,#2349,.T.);
#5079=EDGE_CURVE('',#4033,#4031,#204,.T.);
#5080=EDGE_CURVE('',#4034,#4032,#2350,.T.);
#5081=EDGE_CURVE('',#4034,#4035,#2351,.T.);
#5082=EDGE_CURVE('',#4035,#4033,#2352,.T.);
#5083=EDGE_CURVE('',#4017,#4034,#2353,.T.);
#5084=EDGE_CURVE('',#4019,#4035,#2354,.T.);
#5085=EDGE_CURVE('',#4036,#4037,#205,.T.);
#5086=EDGE_CURVE('',#4036,#4038,#2355,.T.);
#5087=EDGE_CURVE('',#4038,#4039,#206,.T.);
#5088=EDGE_CURVE('',#4037,#4039,#2356,.T.);
#5089=EDGE_CURVE('',#4040,#4036,#207,.T.);
#5090=EDGE_CURVE('',#4040,#4041,#2357,.T.);
#5091=EDGE_CURVE('',#4041,#4038,#208,.T.);
#5092=EDGE_CURVE('',#4042,#4040,#209,.T.);
#5093=EDGE_CURVE('',#4042,#4043,#2358,.T.);
#5094=EDGE_CURVE('',#4043,#4041,#210,.T.);
#5095=EDGE_CURVE('',#4044,#4042,#211,.T.);
#5096=EDGE_CURVE('',#4044,#4045,#2359,.T.);
#5097=EDGE_CURVE('',#4045,#4043,#212,.T.);
#5098=EDGE_CURVE('',#4046,#4044,#213,.T.);
#5099=EDGE_CURVE('',#4046,#4047,#2360,.T.);
#5100=EDGE_CURVE('',#4047,#4045,#214,.T.);
#5101=EDGE_CURVE('',#4048,#4046,#215,.T.);
#5102=EDGE_CURVE('',#4048,#4049,#2361,.T.);
#5103=EDGE_CURVE('',#4049,#4047,#216,.T.);
#5104=EDGE_CURVE('',#4050,#4048,#217,.T.);
#5105=EDGE_CURVE('',#4050,#4051,#2362,.T.);
#5106=EDGE_CURVE('',#4051,#4049,#218,.T.);
#5107=EDGE_CURVE('',#4052,#4050,#219,.T.);
#5108=EDGE_CURVE('',#4052,#4053,#2363,.T.);
#5109=EDGE_CURVE('',#4053,#4051,#220,.T.);
#5110=EDGE_CURVE('',#4054,#4052,#221,.T.);
#5111=EDGE_CURVE('',#4054,#4055,#2364,.T.);
#5112=EDGE_CURVE('',#4055,#4053,#222,.T.);
#5113=EDGE_CURVE('',#4056,#4054,#2365,.T.);
#5114=EDGE_CURVE('',#4056,#4057,#2366,.T.);
#5115=EDGE_CURVE('',#4057,#4055,#2367,.T.);
#5116=EDGE_CURVE('',#4058,#4056,#2368,.T.);
#5117=EDGE_CURVE('',#4058,#4059,#2369,.T.);
#5118=EDGE_CURVE('',#4059,#4057,#2370,.T.);
#5119=EDGE_CURVE('',#4037,#4058,#2371,.T.);
#5120=EDGE_CURVE('',#4039,#4059,#2372,.T.);
#5121=EDGE_CURVE('',#4060,#4061,#2373,.T.);
#5122=EDGE_CURVE('',#4060,#4062,#2374,.T.);
#5123=EDGE_CURVE('',#4062,#4063,#2375,.T.);
#5124=EDGE_CURVE('',#4061,#4063,#2376,.T.);
#5125=EDGE_CURVE('',#4064,#4060,#223,.T.);
#5126=EDGE_CURVE('',#4064,#4065,#2377,.T.);
#5127=EDGE_CURVE('',#4065,#4062,#224,.T.);
#5128=EDGE_CURVE('',#4066,#4064,#225,.T.);
#5129=EDGE_CURVE('',#4066,#4067,#2378,.T.);
#5130=EDGE_CURVE('',#4067,#4065,#226,.T.);
#5131=EDGE_CURVE('',#4068,#4066,#227,.T.);
#5132=EDGE_CURVE('',#4068,#4069,#2379,.T.);
#5133=EDGE_CURVE('',#4069,#4067,#228,.T.);
#5134=EDGE_CURVE('',#4070,#4068,#229,.T.);
#5135=EDGE_CURVE('',#4070,#4071,#2380,.T.);
#5136=EDGE_CURVE('',#4071,#4069,#230,.T.);
#5137=EDGE_CURVE('',#4072,#4070,#231,.T.);
#5138=EDGE_CURVE('',#4072,#4073,#2381,.T.);
#5139=EDGE_CURVE('',#4073,#4071,#232,.T.);
#5140=EDGE_CURVE('',#4074,#4072,#2382,.T.);
#5141=EDGE_CURVE('',#4074,#4075,#2383,.T.);
#5142=EDGE_CURVE('',#4075,#4073,#2384,.T.);
#5143=EDGE_CURVE('',#4061,#4074,#2385,.T.);
#5144=EDGE_CURVE('',#4063,#4075,#2386,.T.);
#5145=EDGE_CURVE('',#4076,#4077,#2387,.T.);
#5146=EDGE_CURVE('',#4076,#4078,#2388,.T.);
#5147=EDGE_CURVE('',#4078,#4079,#2389,.T.);
#5148=EDGE_CURVE('',#4077,#4079,#2390,.T.);
#5149=EDGE_CURVE('',#4080,#4076,#2391,.T.);
#5150=EDGE_CURVE('',#4080,#4081,#2392,.T.);
#5151=EDGE_CURVE('',#4081,#4078,#2393,.T.);
#5152=EDGE_CURVE('',#4082,#4080,#233,.T.);
#5153=EDGE_CURVE('',#4082,#4083,#2394,.T.);
#5154=EDGE_CURVE('',#4083,#4081,#234,.T.);
#5155=EDGE_CURVE('',#4084,#4082,#235,.T.);
#5156=EDGE_CURVE('',#4084,#4085,#2395,.T.);
#5157=EDGE_CURVE('',#4085,#4083,#236,.T.);
#5158=EDGE_CURVE('',#4086,#4084,#237,.T.);
#5159=EDGE_CURVE('',#4086,#4087,#2396,.T.);
#5160=EDGE_CURVE('',#4087,#4085,#238,.T.);
#5161=EDGE_CURVE('',#4088,#4086,#239,.T.);
#5162=EDGE_CURVE('',#4088,#4089,#2397,.T.);
#5163=EDGE_CURVE('',#4089,#4087,#240,.T.);
#5164=EDGE_CURVE('',#4090,#4088,#2398,.T.);
#5165=EDGE_CURVE('',#4090,#4091,#2399,.T.);
#5166=EDGE_CURVE('',#4091,#4089,#2400,.T.);
#5167=EDGE_CURVE('',#4092,#4090,#2401,.T.);
#5168=EDGE_CURVE('',#4092,#4093,#2402,.T.);
#5169=EDGE_CURVE('',#4093,#4091,#2403,.T.);
#5170=EDGE_CURVE('',#4094,#4092,#2404,.T.);
#5171=EDGE_CURVE('',#4094,#4095,#2405,.T.);
#5172=EDGE_CURVE('',#4095,#4093,#2406,.T.);
#5173=EDGE_CURVE('',#4096,#4094,#241,.T.);
#5174=EDGE_CURVE('',#4096,#4097,#2407,.T.);
#5175=EDGE_CURVE('',#4097,#4095,#242,.T.);
#5176=EDGE_CURVE('',#4098,#4096,#243,.T.);
#5177=EDGE_CURVE('',#4098,#4099,#2408,.T.);
#5178=EDGE_CURVE('',#4099,#4097,#244,.T.);
#5179=EDGE_CURVE('',#4100,#4098,#245,.T.);
#5180=EDGE_CURVE('',#4100,#4101,#2409,.T.);
#5181=EDGE_CURVE('',#4101,#4099,#246,.T.);
#5182=EDGE_CURVE('',#4102,#4100,#247,.T.);
#5183=EDGE_CURVE('',#4102,#4103,#2410,.T.);
#5184=EDGE_CURVE('',#4103,#4101,#248,.T.);
#5185=EDGE_CURVE('',#4104,#4102,#249,.T.);
#5186=EDGE_CURVE('',#4104,#4105,#2411,.T.);
#5187=EDGE_CURVE('',#4105,#4103,#250,.T.);
#5188=EDGE_CURVE('',#4106,#4104,#251,.T.);
#5189=EDGE_CURVE('',#4106,#4107,#2412,.T.);
#5190=EDGE_CURVE('',#4107,#4105,#252,.T.);
#5191=EDGE_CURVE('',#4108,#4106,#253,.T.);
#5192=EDGE_CURVE('',#4108,#4109,#2413,.T.);
#5193=EDGE_CURVE('',#4109,#4107,#254,.T.);
#5194=EDGE_CURVE('',#4110,#4108,#2414,.T.);
#5195=EDGE_CURVE('',#4110,#4111,#2415,.T.);
#5196=EDGE_CURVE('',#4111,#4109,#2416,.T.);
#5197=EDGE_CURVE('',#4112,#4110,#2417,.T.);
#5198=EDGE_CURVE('',#4112,#4113,#2418,.T.);
#5199=EDGE_CURVE('',#4113,#4111,#2419,.T.);
#5200=EDGE_CURVE('',#4077,#4112,#2420,.T.);
#5201=EDGE_CURVE('',#4079,#4113,#2421,.T.);
#5202=EDGE_CURVE('',#4114,#4115,#255,.T.);
#5203=EDGE_CURVE('',#4114,#4116,#2422,.T.);
#5204=EDGE_CURVE('',#4116,#4117,#256,.T.);
#5205=EDGE_CURVE('',#4115,#4117,#2423,.T.);
#5206=EDGE_CURVE('',#4118,#4114,#257,.T.);
#5207=EDGE_CURVE('',#4118,#4119,#2424,.T.);
#5208=EDGE_CURVE('',#4119,#4116,#258,.T.);
#5209=EDGE_CURVE('',#4120,#4118,#259,.T.);
#5210=EDGE_CURVE('',#4120,#4121,#2425,.T.);
#5211=EDGE_CURVE('',#4121,#4119,#260,.T.);
#5212=EDGE_CURVE('',#4122,#4120,#261,.T.);
#5213=EDGE_CURVE('',#4122,#4123,#2426,.T.);
#5214=EDGE_CURVE('',#4123,#4121,#262,.T.);
#5215=EDGE_CURVE('',#4124,#4122,#263,.T.);
#5216=EDGE_CURVE('',#4124,#4125,#2427,.T.);
#5217=EDGE_CURVE('',#4125,#4123,#264,.T.);
#5218=EDGE_CURVE('',#4126,#4124,#265,.T.);
#5219=EDGE_CURVE('',#4126,#4127,#2428,.T.);
#5220=EDGE_CURVE('',#4127,#4125,#266,.T.);
#5221=EDGE_CURVE('',#4128,#4126,#267,.T.);
#5222=EDGE_CURVE('',#4128,#4129,#2429,.T.);
#5223=EDGE_CURVE('',#4129,#4127,#268,.T.);
#5224=EDGE_CURVE('',#4130,#4128,#269,.T.);
#5225=EDGE_CURVE('',#4130,#4131,#2430,.T.);
#5226=EDGE_CURVE('',#4131,#4129,#270,.T.);
#5227=EDGE_CURVE('',#4115,#4130,#271,.T.);
#5228=EDGE_CURVE('',#4117,#4131,#272,.T.);
#5229=EDGE_CURVE('',#4132,#4133,#273,.T.);
#5230=EDGE_CURVE('',#4132,#4134,#2431,.T.);
#5231=EDGE_CURVE('',#4134,#4135,#274,.T.);
#5232=EDGE_CURVE('',#4133,#4135,#2432,.T.);
#5233=EDGE_CURVE('',#4136,#4132,#275,.T.);
#5234=EDGE_CURVE('',#4136,#4137,#2433,.T.);
#5235=EDGE_CURVE('',#4137,#4134,#276,.T.);
#5236=EDGE_CURVE('',#4138,#4136,#277,.T.);
#5237=EDGE_CURVE('',#4138,#4139,#2434,.T.);
#5238=EDGE_CURVE('',#4139,#4137,#278,.T.);
#5239=EDGE_CURVE('',#4140,#4138,#279,.T.);
#5240=EDGE_CURVE('',#4140,#4141,#2435,.T.);
#5241=EDGE_CURVE('',#4141,#4139,#280,.T.);
#5242=EDGE_CURVE('',#4142,#4140,#281,.T.);
#5243=EDGE_CURVE('',#4142,#4143,#2436,.T.);
#5244=EDGE_CURVE('',#4143,#4141,#282,.T.);
#5245=EDGE_CURVE('',#4144,#4142,#283,.T.);
#5246=EDGE_CURVE('',#4144,#4145,#2437,.T.);
#5247=EDGE_CURVE('',#4145,#4143,#284,.T.);
#5248=EDGE_CURVE('',#4146,#4144,#285,.T.);
#5249=EDGE_CURVE('',#4146,#4147,#2438,.T.);
#5250=EDGE_CURVE('',#4147,#4145,#286,.T.);
#5251=EDGE_CURVE('',#4148,#4146,#287,.T.);
#5252=EDGE_CURVE('',#4148,#4149,#2439,.T.);
#5253=EDGE_CURVE('',#4149,#4147,#288,.T.);
#5254=EDGE_CURVE('',#4150,#4148,#289,.T.);
#5255=EDGE_CURVE('',#4150,#4151,#2440,.T.);
#5256=EDGE_CURVE('',#4151,#4149,#290,.T.);
#5257=EDGE_CURVE('',#4152,#4150,#291,.T.);
#5258=EDGE_CURVE('',#4152,#4153,#2441,.T.);
#5259=EDGE_CURVE('',#4153,#4151,#292,.T.);
#5260=EDGE_CURVE('',#4133,#4152,#293,.T.);
#5261=EDGE_CURVE('',#4135,#4153,#294,.T.);
#5262=EDGE_CURVE('',#4154,#4155,#295,.T.);
#5263=EDGE_CURVE('',#4154,#4156,#2442,.T.);
#5264=EDGE_CURVE('',#4156,#4157,#296,.T.);
#5265=EDGE_CURVE('',#4155,#4157,#2443,.T.);
#5266=EDGE_CURVE('',#4158,#4154,#297,.T.);
#5267=EDGE_CURVE('',#4158,#4159,#2444,.T.);
#5268=EDGE_CURVE('',#4159,#4156,#298,.T.);
#5269=EDGE_CURVE('',#4160,#4158,#299,.T.);
#5270=EDGE_CURVE('',#4160,#4161,#2445,.T.);
#5271=EDGE_CURVE('',#4161,#4159,#300,.T.);
#5272=EDGE_CURVE('',#4162,#4160,#301,.T.);
#5273=EDGE_CURVE('',#4162,#4163,#2446,.T.);
#5274=EDGE_CURVE('',#4163,#4161,#302,.T.);
#5275=EDGE_CURVE('',#4164,#4162,#303,.T.);
#5276=EDGE_CURVE('',#4164,#4165,#2447,.T.);
#5277=EDGE_CURVE('',#4165,#4163,#304,.T.);
#5278=EDGE_CURVE('',#4166,#4164,#305,.T.);
#5279=EDGE_CURVE('',#4166,#4167,#2448,.T.);
#5280=EDGE_CURVE('',#4167,#4165,#306,.T.);
#5281=EDGE_CURVE('',#4168,#4166,#307,.T.);
#5282=EDGE_CURVE('',#4168,#4169,#2449,.T.);
#5283=EDGE_CURVE('',#4169,#4167,#308,.T.);
#5284=EDGE_CURVE('',#4170,#4168,#309,.T.);
#5285=EDGE_CURVE('',#4170,#4171,#2450,.T.);
#5286=EDGE_CURVE('',#4171,#4169,#310,.T.);
#5287=EDGE_CURVE('',#4172,#4170,#311,.T.);
#5288=EDGE_CURVE('',#4172,#4173,#2451,.T.);
#5289=EDGE_CURVE('',#4173,#4171,#312,.T.);
#5290=EDGE_CURVE('',#4174,#4172,#313,.T.);
#5291=EDGE_CURVE('',#4174,#4175,#2452,.T.);
#5292=EDGE_CURVE('',#4175,#4173,#314,.T.);
#5293=EDGE_CURVE('',#4176,#4174,#315,.T.);
#5294=EDGE_CURVE('',#4176,#4177,#2453,.T.);
#5295=EDGE_CURVE('',#4177,#4175,#316,.T.);
#5296=EDGE_CURVE('',#4178,#4176,#317,.T.);
#5297=EDGE_CURVE('',#4178,#4179,#2454,.T.);
#5298=EDGE_CURVE('',#4179,#4177,#318,.T.);
#5299=EDGE_CURVE('',#4180,#4178,#319,.T.);
#5300=EDGE_CURVE('',#4180,#4181,#2455,.T.);
#5301=EDGE_CURVE('',#4181,#4179,#320,.T.);
#5302=EDGE_CURVE('',#4182,#4180,#321,.T.);
#5303=EDGE_CURVE('',#4182,#4183,#2456,.T.);
#5304=EDGE_CURVE('',#4183,#4181,#322,.T.);
#5305=EDGE_CURVE('',#4184,#4182,#2457,.T.);
#5306=EDGE_CURVE('',#4184,#4185,#2458,.T.);
#5307=EDGE_CURVE('',#4185,#4183,#2459,.T.);
#5308=EDGE_CURVE('',#4186,#4184,#323,.T.);
#5309=EDGE_CURVE('',#4186,#4187,#2460,.T.);
#5310=EDGE_CURVE('',#4187,#4185,#324,.T.);
#5311=EDGE_CURVE('',#4188,#4186,#325,.T.);
#5312=EDGE_CURVE('',#4188,#4189,#2461,.T.);
#5313=EDGE_CURVE('',#4189,#4187,#326,.T.);
#5314=EDGE_CURVE('',#4190,#4188,#327,.T.);
#5315=EDGE_CURVE('',#4190,#4191,#2462,.T.);
#5316=EDGE_CURVE('',#4191,#4189,#328,.T.);
#5317=EDGE_CURVE('',#4192,#4190,#329,.T.);
#5318=EDGE_CURVE('',#4192,#4193,#2463,.T.);
#5319=EDGE_CURVE('',#4193,#4191,#330,.T.);
#5320=EDGE_CURVE('',#4194,#4192,#331,.T.);
#5321=EDGE_CURVE('',#4194,#4195,#2464,.T.);
#5322=EDGE_CURVE('',#4195,#4193,#332,.T.);
#5323=EDGE_CURVE('',#4196,#4194,#333,.T.);
#5324=EDGE_CURVE('',#4196,#4197,#2465,.T.);
#5325=EDGE_CURVE('',#4197,#4195,#334,.T.);
#5326=EDGE_CURVE('',#4198,#4196,#335,.T.);
#5327=EDGE_CURVE('',#4198,#4199,#2466,.T.);
#5328=EDGE_CURVE('',#4199,#4197,#336,.T.);
#5329=EDGE_CURVE('',#4200,#4198,#337,.T.);
#5330=EDGE_CURVE('',#4200,#4201,#2467,.T.);
#5331=EDGE_CURVE('',#4201,#4199,#338,.T.);
#5332=EDGE_CURVE('',#4202,#4200,#339,.T.);
#5333=EDGE_CURVE('',#4202,#4203,#2468,.T.);
#5334=EDGE_CURVE('',#4203,#4201,#340,.T.);
#5335=EDGE_CURVE('',#4204,#4202,#341,.T.);
#5336=EDGE_CURVE('',#4204,#4205,#2469,.T.);
#5337=EDGE_CURVE('',#4205,#4203,#342,.T.);
#5338=EDGE_CURVE('',#4206,#4204,#343,.T.);
#5339=EDGE_CURVE('',#4206,#4207,#2470,.T.);
#5340=EDGE_CURVE('',#4207,#4205,#344,.T.);
#5341=EDGE_CURVE('',#4208,#4206,#345,.T.);
#5342=EDGE_CURVE('',#4208,#4209,#2471,.T.);
#5343=EDGE_CURVE('',#4209,#4207,#346,.T.);
#5344=EDGE_CURVE('',#4210,#4208,#347,.T.);
#5345=EDGE_CURVE('',#4210,#4211,#2472,.T.);
#5346=EDGE_CURVE('',#4211,#4209,#348,.T.);
#5347=EDGE_CURVE('',#4212,#4210,#349,.T.);
#5348=EDGE_CURVE('',#4212,#4213,#2473,.T.);
#5349=EDGE_CURVE('',#4213,#4211,#350,.T.);
#5350=EDGE_CURVE('',#4214,#4212,#351,.T.);
#5351=EDGE_CURVE('',#4214,#4215,#2474,.T.);
#5352=EDGE_CURVE('',#4215,#4213,#352,.T.);
#5353=EDGE_CURVE('',#4216,#4214,#353,.T.);
#5354=EDGE_CURVE('',#4216,#4217,#2475,.T.);
#5355=EDGE_CURVE('',#4217,#4215,#354,.T.);
#5356=EDGE_CURVE('',#4218,#4216,#355,.T.);
#5357=EDGE_CURVE('',#4218,#4219,#2476,.T.);
#5358=EDGE_CURVE('',#4219,#4217,#356,.T.);
#5359=EDGE_CURVE('',#4220,#4218,#357,.T.);
#5360=EDGE_CURVE('',#4220,#4221,#2477,.T.);
#5361=EDGE_CURVE('',#4221,#4219,#358,.T.);
#5362=EDGE_CURVE('',#4222,#4220,#2478,.T.);
#5363=EDGE_CURVE('',#4222,#4223,#2479,.T.);
#5364=EDGE_CURVE('',#4223,#4221,#2480,.T.);
#5365=EDGE_CURVE('',#4155,#4222,#359,.T.);
#5366=EDGE_CURVE('',#4157,#4223,#360,.T.);
#5367=EDGE_CURVE('',#4224,#4225,#361,.T.);
#5368=EDGE_CURVE('',#4224,#4226,#2481,.T.);
#5369=EDGE_CURVE('',#4226,#4227,#362,.T.);
#5370=EDGE_CURVE('',#4225,#4227,#2482,.T.);
#5371=EDGE_CURVE('',#4228,#4224,#363,.T.);
#5372=EDGE_CURVE('',#4228,#4229,#2483,.T.);
#5373=EDGE_CURVE('',#4229,#4226,#364,.T.);
#5374=EDGE_CURVE('',#4230,#4228,#2484,.T.);
#5375=EDGE_CURVE('',#4230,#4231,#2485,.T.);
#5376=EDGE_CURVE('',#4231,#4229,#2486,.T.);
#5377=EDGE_CURVE('',#4232,#4230,#2487,.T.);
#5378=EDGE_CURVE('',#4232,#4233,#2488,.T.);
#5379=EDGE_CURVE('',#4233,#4231,#2489,.T.);
#5380=EDGE_CURVE('',#4225,#4232,#2490,.T.);
#5381=EDGE_CURVE('',#4227,#4233,#2491,.T.);
#5382=EDGE_CURVE('',#4234,#4235,#2492,.T.);
#5383=EDGE_CURVE('',#4234,#4236,#2493,.T.);
#5384=EDGE_CURVE('',#4236,#4237,#2494,.T.);
#5385=EDGE_CURVE('',#4235,#4237,#2495,.T.);
#5386=EDGE_CURVE('',#4238,#4234,#2496,.T.);
#5387=EDGE_CURVE('',#4238,#4239,#2497,.T.);
#5388=EDGE_CURVE('',#4239,#4236,#2498,.T.);
#5389=EDGE_CURVE('',#4240,#4238,#2499,.T.);
#5390=EDGE_CURVE('',#4240,#4241,#2500,.T.);
#5391=EDGE_CURVE('',#4241,#4239,#2501,.T.);
#5392=EDGE_CURVE('',#4242,#4240,#2502,.T.);
#5393=EDGE_CURVE('',#4242,#4243,#2503,.T.);
#5394=EDGE_CURVE('',#4243,#4241,#2504,.T.);
#5395=EDGE_CURVE('',#4244,#4242,#2505,.T.);
#5396=EDGE_CURVE('',#4244,#4245,#2506,.T.);
#5397=EDGE_CURVE('',#4245,#4243,#2507,.T.);
#5398=EDGE_CURVE('',#4246,#4244,#2508,.T.);
#5399=EDGE_CURVE('',#4246,#4247,#2509,.T.);
#5400=EDGE_CURVE('',#4247,#4245,#2510,.T.);
#5401=EDGE_CURVE('',#4248,#4246,#2511,.T.);
#5402=EDGE_CURVE('',#4248,#4249,#2512,.T.);
#5403=EDGE_CURVE('',#4249,#4247,#2513,.T.);
#5404=EDGE_CURVE('',#4235,#4248,#2514,.T.);
#5405=EDGE_CURVE('',#4237,#4249,#2515,.T.);
#5406=EDGE_CURVE('',#4250,#4251,#2516,.T.);
#5407=EDGE_CURVE('',#4250,#4252,#2517,.T.);
#5408=EDGE_CURVE('',#4252,#4253,#2518,.T.);
#5409=EDGE_CURVE('',#4251,#4253,#2519,.T.);
#5410=EDGE_CURVE('',#4254,#4250,#2520,.T.);
#5411=EDGE_CURVE('',#4254,#4255,#2521,.T.);
#5412=EDGE_CURVE('',#4255,#4252,#2522,.T.);
#5413=EDGE_CURVE('',#4256,#4254,#2523,.T.);
#5414=EDGE_CURVE('',#4256,#4257,#2524,.T.);
#5415=EDGE_CURVE('',#4257,#4255,#2525,.T.);
#5416=EDGE_CURVE('',#4258,#4256,#2526,.T.);
#5417=EDGE_CURVE('',#4258,#4259,#2527,.T.);
#5418=EDGE_CURVE('',#4259,#4257,#2528,.T.);
#5419=EDGE_CURVE('',#4260,#4258,#2529,.T.);
#5420=EDGE_CURVE('',#4260,#4261,#2530,.T.);
#5421=EDGE_CURVE('',#4261,#4259,#2531,.T.);
#5422=EDGE_CURVE('',#4262,#4260,#2532,.T.);
#5423=EDGE_CURVE('',#4262,#4263,#2533,.T.);
#5424=EDGE_CURVE('',#4263,#4261,#2534,.T.);
#5425=EDGE_CURVE('',#4264,#4262,#2535,.T.);
#5426=EDGE_CURVE('',#4264,#4265,#2536,.T.);
#5427=EDGE_CURVE('',#4265,#4263,#2537,.T.);
#5428=EDGE_CURVE('',#4266,#4264,#2538,.T.);
#5429=EDGE_CURVE('',#4266,#4267,#2539,.T.);
#5430=EDGE_CURVE('',#4267,#4265,#2540,.T.);
#5431=EDGE_CURVE('',#4268,#4266,#2541,.T.);
#5432=EDGE_CURVE('',#4268,#4269,#2542,.T.);
#5433=EDGE_CURVE('',#4269,#4267,#2543,.T.);
#5434=EDGE_CURVE('',#4270,#4268,#2544,.T.);
#5435=EDGE_CURVE('',#4270,#4271,#2545,.T.);
#5436=EDGE_CURVE('',#4271,#4269,#2546,.T.);
#5437=EDGE_CURVE('',#4272,#4270,#2547,.T.);
#5438=EDGE_CURVE('',#4272,#4273,#2548,.T.);
#5439=EDGE_CURVE('',#4273,#4271,#2549,.T.);
#5440=EDGE_CURVE('',#4251,#4272,#2550,.T.);
#5441=EDGE_CURVE('',#4253,#4273,#2551,.T.);
#5442=EDGE_CURVE('',#4274,#4275,#3494,.T.);
#5443=EDGE_CURVE('',#4274,#4276,#2552,.T.);
#5444=EDGE_CURVE('',#4277,#4276,#3495,.T.);
#5445=EDGE_CURVE('',#4277,#4278,#2553,.T.);
#5446=EDGE_CURVE('',#4279,#4278,#3496,.T.);
#5447=EDGE_CURVE('',#4279,#4280,#2554,.T.);
#5448=EDGE_CURVE('',#4281,#4280,#3497,.T.);
#5449=EDGE_CURVE('',#4281,#4282,#2555,.T.);
#5450=EDGE_CURVE('',#4282,#4283,#2556,.T.);
#5451=EDGE_CURVE('',#4283,#4284,#2557,.T.);
#5452=EDGE_CURVE('',#4284,#4285,#2558,.T.);
#5453=EDGE_CURVE('',#4285,#4275,#2559,.T.);
#5454=EDGE_CURVE('',#4286,#4287,#3498,.T.);
#5455=EDGE_CURVE('',#4287,#4288,#2560,.T.);
#5456=EDGE_CURVE('',#4288,#4289,#3499,.T.);
#5457=EDGE_CURVE('',#4289,#4290,#2561,.T.);
#5458=EDGE_CURVE('',#4290,#4291,#3500,.T.);
#5459=EDGE_CURVE('',#4291,#4292,#2562,.T.);
#5460=EDGE_CURVE('',#4292,#4293,#3501,.T.);
#5461=EDGE_CURVE('',#4293,#4286,#2563,.T.);
#5462=EDGE_CURVE('',#4294,#4294,#3502,.T.);
#5463=EDGE_CURVE('',#4295,#4296,#3503,.T.);
#5464=EDGE_CURVE('',#4296,#4297,#2564,.T.);
#5465=EDGE_CURVE('',#4297,#4298,#3504,.T.);
#5466=EDGE_CURVE('',#4298,#4299,#2565,.T.);
#5467=EDGE_CURVE('',#4299,#4300,#3505,.T.);
#5468=EDGE_CURVE('',#4300,#4301,#2566,.T.);
#5469=EDGE_CURVE('',#4301,#4302,#3506,.T.);
#5470=EDGE_CURVE('',#4302,#4295,#2567,.T.);
#5471=EDGE_CURVE('',#4303,#4303,#3507,.T.);
#5472=EDGE_CURVE('',#4304,#4305,#3508,.T.);
#5473=EDGE_CURVE('',#4305,#4306,#2568,.T.);
#5474=EDGE_CURVE('',#4306,#4307,#3509,.T.);
#5475=EDGE_CURVE('',#4307,#4308,#2569,.T.);
#5476=EDGE_CURVE('',#4308,#4309,#3510,.T.);
#5477=EDGE_CURVE('',#4309,#4310,#2570,.T.);
#5478=EDGE_CURVE('',#4310,#4311,#3511,.T.);
#5479=EDGE_CURVE('',#4311,#4304,#2571,.T.);
#5480=EDGE_CURVE('',#4312,#4313,#3512,.T.);
#5481=EDGE_CURVE('',#4313,#4314,#2572,.T.);
#5482=EDGE_CURVE('',#4314,#4315,#3513,.T.);
#5483=EDGE_CURVE('',#4315,#4316,#2573,.T.);
#5484=EDGE_CURVE('',#4316,#4317,#3514,.T.);
#5485=EDGE_CURVE('',#4317,#4318,#2574,.T.);
#5486=EDGE_CURVE('',#4318,#4319,#3515,.T.);
#5487=EDGE_CURVE('',#4319,#4312,#2575,.T.);
#5488=EDGE_CURVE('',#4320,#4320,#3516,.T.);
#5489=EDGE_CURVE('',#4321,#4321,#3517,.T.);
#5490=EDGE_CURVE('',#4275,#4322,#2576,.T.);
#5491=EDGE_CURVE('',#4322,#4323,#3518,.T.);
#5492=EDGE_CURVE('',#4323,#4274,#2577,.T.);
#5493=EDGE_CURVE('',#4324,#4323,#2578,.T.);
#5494=EDGE_CURVE('',#4276,#4324,#2579,.T.);
#5495=EDGE_CURVE('',#4322,#4325,#2580,.T.);
#5496=EDGE_CURVE('',#4325,#4326,#2581,.T.);
#5497=EDGE_CURVE('',#4327,#4326,#2582,.T.);
#5498=EDGE_CURVE('',#4328,#4327,#2583,.T.);
#5499=EDGE_CURVE('',#4328,#4329,#2584,.T.);
#5500=EDGE_CURVE('',#4330,#4329,#3519,.T.);
#5501=EDGE_CURVE('',#4330,#4331,#2585,.T.);
#5502=EDGE_CURVE('',#4332,#4331,#3520,.T.);
#5503=EDGE_CURVE('',#4332,#4333,#2586,.T.);
#5504=EDGE_CURVE('',#4324,#4333,#3521,.T.);
#5505=EDGE_CURVE('',#4334,#4334,#3522,.T.);
#5506=EDGE_CURVE('',#4335,#4335,#3523,.T.);
#5507=EDGE_CURVE('',#4336,#4337,#3524,.T.);
#5508=EDGE_CURVE('',#4338,#4336,#2587,.T.);
#5509=EDGE_CURVE('',#4339,#4338,#3525,.T.);
#5510=EDGE_CURVE('',#4340,#4339,#2588,.T.);
#5511=EDGE_CURVE('',#4341,#4340,#3526,.T.);
#5512=EDGE_CURVE('',#4342,#4341,#2589,.T.);
#5513=EDGE_CURVE('',#4343,#4342,#3527,.T.);
#5514=EDGE_CURVE('',#4337,#4343,#2590,.T.);
#5515=EDGE_CURVE('',#4344,#4345,#3528,.T.);
#5516=EDGE_CURVE('',#4346,#4344,#2591,.T.);
#5517=EDGE_CURVE('',#4347,#4346,#3529,.T.);
#5518=EDGE_CURVE('',#4348,#4347,#2592,.T.);
#5519=EDGE_CURVE('',#4349,#4348,#3530,.T.);
#5520=EDGE_CURVE('',#4350,#4349,#2593,.T.);
#5521=EDGE_CURVE('',#4351,#4350,#3531,.T.);
#5522=EDGE_CURVE('',#4345,#4351,#2594,.T.);
#5523=EDGE_CURVE('',#4352,#4352,#3532,.T.);
#5524=EDGE_CURVE('',#4353,#4354,#3533,.T.);
#5525=EDGE_CURVE('',#4355,#4353,#2595,.T.);
#5526=EDGE_CURVE('',#4356,#4355,#3534,.T.);
#5527=EDGE_CURVE('',#4357,#4356,#2596,.T.);
#5528=EDGE_CURVE('',#4358,#4357,#3535,.T.);
#5529=EDGE_CURVE('',#4359,#4358,#2597,.T.);
#5530=EDGE_CURVE('',#4360,#4359,#3536,.T.);
#5531=EDGE_CURVE('',#4354,#4360,#2598,.T.);
#5532=EDGE_CURVE('',#4361,#4361,#3537,.T.);
#5533=EDGE_CURVE('',#4362,#4363,#3538,.T.);
#5534=EDGE_CURVE('',#4364,#4362,#2599,.T.);
#5535=EDGE_CURVE('',#4365,#4364,#3539,.T.);
#5536=EDGE_CURVE('',#4366,#4365,#2600,.T.);
#5537=EDGE_CURVE('',#4367,#4366,#3540,.T.);
#5538=EDGE_CURVE('',#4368,#4367,#2601,.T.);
#5539=EDGE_CURVE('',#4369,#4368,#3541,.T.);
#5540=EDGE_CURVE('',#4363,#4369,#2602,.T.);
#5541=EDGE_CURVE('',#4280,#4330,#2603,.T.);
#5542=EDGE_CURVE('',#4329,#4281,#2604,.T.);
#5543=EDGE_CURVE('',#4331,#4279,#2605,.T.);
#5544=EDGE_CURVE('',#4278,#4332,#2606,.T.);
#5545=EDGE_CURVE('',#4333,#4277,#2607,.T.);
#5546=EDGE_CURVE('',#4362,#4286,#2608,.T.);
#5547=EDGE_CURVE('',#4364,#4293,#2609,.T.);
#5548=EDGE_CURVE('',#4365,#4292,#2610,.T.);
#5549=EDGE_CURVE('',#4366,#4291,#2611,.T.);
#5550=EDGE_CURVE('',#4367,#4290,#2612,.T.);
#5551=EDGE_CURVE('',#4368,#4289,#2613,.T.);
#5552=EDGE_CURVE('',#4369,#4288,#2614,.T.);
#5553=EDGE_CURVE('',#4363,#4287,#2615,.T.);
#5554=EDGE_CURVE('',#4294,#4361,#2616,.T.);
#5555=EDGE_CURVE('',#4353,#4295,#2617,.T.);
#5556=EDGE_CURVE('',#4355,#4302,#2618,.T.);
#5557=EDGE_CURVE('',#4356,#4301,#2619,.T.);
#5558=EDGE_CURVE('',#4357,#4300,#2620,.T.);
#5559=EDGE_CURVE('',#4358,#4299,#2621,.T.);
#5560=EDGE_CURVE('',#4359,#4298,#2622,.T.);
#5561=EDGE_CURVE('',#4360,#4297,#2623,.T.);
#5562=EDGE_CURVE('',#4354,#4296,#2624,.T.);
#5563=EDGE_CURVE('',#4303,#4352,#2625,.T.);
#5564=EDGE_CURVE('',#4344,#4304,#2626,.T.);
#5565=EDGE_CURVE('',#4346,#4311,#2627,.T.);
#5566=EDGE_CURVE('',#4347,#4310,#2628,.T.);
#5567=EDGE_CURVE('',#4348,#4309,#2629,.T.);
#5568=EDGE_CURVE('',#4349,#4308,#2630,.T.);
#5569=EDGE_CURVE('',#4350,#4307,#2631,.T.);
#5570=EDGE_CURVE('',#4351,#4306,#2632,.T.);
#5571=EDGE_CURVE('',#4345,#4305,#2633,.T.);
#5572=EDGE_CURVE('',#4336,#4312,#2634,.T.);
#5573=EDGE_CURVE('',#4338,#4319,#2635,.T.);
#5574=EDGE_CURVE('',#4339,#4318,#2636,.T.);
#5575=EDGE_CURVE('',#4340,#4317,#2637,.T.);
#5576=EDGE_CURVE('',#4341,#4316,#2638,.T.);
#5577=EDGE_CURVE('',#4342,#4315,#2639,.T.);
#5578=EDGE_CURVE('',#4343,#4314,#2640,.T.);
#5579=EDGE_CURVE('',#4337,#4313,#2641,.T.);
#5580=EDGE_CURVE('',#4320,#4335,#2642,.T.);
#5581=EDGE_CURVE('',#4321,#4334,#2643,.T.);
#5582=EDGE_CURVE('',#4328,#4282,#2644,.T.);
#5583=EDGE_CURVE('',#4325,#4285,#2645,.T.);
#5584=EDGE_CURVE('',#4326,#4284,#2646,.T.);
#5585=EDGE_CURVE('',#4327,#4283,#2647,.T.);
#5586=EDGE_CURVE('',#4370,#4371,#2648,.T.);
#5587=EDGE_CURVE('',#4371,#4372,#2649,.T.);
#5588=EDGE_CURVE('',#4373,#4372,#2650,.T.);
#5589=EDGE_CURVE('',#4370,#4373,#2651,.T.);
#5590=EDGE_CURVE('',#4374,#4375,#2652,.T.);
#5591=EDGE_CURVE('',#4375,#4371,#2653,.T.);
#5592=EDGE_CURVE('',#4374,#4370,#2654,.T.);
#5593=EDGE_CURVE('',#4372,#4376,#2655,.T.);
#5594=EDGE_CURVE('',#4377,#4376,#2656,.T.);
#5595=EDGE_CURVE('',#4373,#4377,#2657,.T.);
#5596=EDGE_CURVE('',#4377,#4374,#2658,.T.);
#5597=EDGE_CURVE('',#4378,#4378,#3542,.T.);
#5598=EDGE_CURVE('',#4379,#4379,#3543,.T.);
#5599=EDGE_CURVE('',#4380,#4380,#3544,.T.);
#5600=EDGE_CURVE('',#4381,#4381,#3545,.T.);
#5601=EDGE_CURVE('',#4382,#4382,#3546,.T.);
#5602=EDGE_CURVE('',#4383,#4383,#3547,.T.);
#5603=EDGE_CURVE('',#4384,#4384,#3548,.T.);
#5604=EDGE_CURVE('',#4385,#4385,#3549,.T.);
#5605=EDGE_CURVE('',#4386,#4386,#3550,.T.);
#5606=EDGE_CURVE('',#4387,#4387,#3551,.T.);
#5607=EDGE_CURVE('',#4388,#4388,#3552,.T.);
#5608=EDGE_CURVE('',#4389,#4389,#3553,.T.);
#5609=EDGE_CURVE('',#4390,#4390,#3554,.T.);
#5610=EDGE_CURVE('',#4391,#4391,#3555,.T.);
#5611=EDGE_CURVE('',#4392,#4392,#3556,.T.);
#5612=EDGE_CURVE('',#4393,#4393,#3557,.T.);
#5613=EDGE_CURVE('',#4394,#4394,#3558,.T.);
#5614=EDGE_CURVE('',#4395,#4395,#3559,.T.);
#5615=EDGE_CURVE('',#4396,#4396,#3560,.T.);
#5616=EDGE_CURVE('',#4397,#4397,#3561,.T.);
#5617=EDGE_CURVE('',#4398,#4398,#3562,.T.);
#5618=EDGE_CURVE('',#4399,#4399,#3563,.T.);
#5619=EDGE_CURVE('',#4400,#4400,#3564,.T.);
#5620=EDGE_CURVE('',#4401,#4401,#3565,.T.);
#5621=EDGE_CURVE('',#4402,#4402,#3566,.T.);
#5622=EDGE_CURVE('',#4403,#4403,#3567,.T.);
#5623=EDGE_CURVE('',#4404,#4404,#3568,.T.);
#5624=EDGE_CURVE('',#4405,#4405,#3569,.T.);
#5625=EDGE_CURVE('',#4406,#4406,#3570,.T.);
#5626=EDGE_CURVE('',#4407,#4407,#3571,.T.);
#5627=EDGE_CURVE('',#4408,#4408,#3572,.T.);
#5628=EDGE_CURVE('',#4409,#4409,#3573,.T.);
#5629=EDGE_CURVE('',#4410,#4410,#3574,.T.);
#5630=EDGE_CURVE('',#4411,#4411,#3575,.T.);
#5631=EDGE_CURVE('',#4376,#4375,#2659,.T.);
#5632=EDGE_CURVE('',#4412,#4412,#3576,.T.);
#5633=EDGE_CURVE('',#4413,#4413,#3577,.T.);
#5634=EDGE_CURVE('',#4414,#4414,#3578,.T.);
#5635=EDGE_CURVE('',#4415,#4415,#3579,.T.);
#5636=EDGE_CURVE('',#4416,#4416,#3580,.T.);
#5637=EDGE_CURVE('',#4417,#4417,#3581,.T.);
#5638=EDGE_CURVE('',#4418,#4418,#3582,.T.);
#5639=EDGE_CURVE('',#4419,#4419,#3583,.T.);
#5640=EDGE_CURVE('',#4420,#4420,#3584,.T.);
#5641=EDGE_CURVE('',#4421,#4421,#3585,.T.);
#5642=EDGE_CURVE('',#4422,#4422,#3586,.T.);
#5643=EDGE_CURVE('',#4423,#4423,#3587,.T.);
#5644=EDGE_CURVE('',#4424,#4424,#3588,.T.);
#5645=EDGE_CURVE('',#4425,#4425,#3589,.T.);
#5646=EDGE_CURVE('',#4426,#4426,#3590,.T.);
#5647=EDGE_CURVE('',#4427,#4427,#3591,.T.);
#5648=EDGE_CURVE('',#4428,#4428,#3592,.T.);
#5649=EDGE_CURVE('',#4429,#4429,#3593,.T.);
#5650=EDGE_CURVE('',#4430,#4430,#3594,.T.);
#5651=EDGE_CURVE('',#4431,#4431,#3595,.T.);
#5652=EDGE_CURVE('',#4432,#4432,#3596,.T.);
#5653=EDGE_CURVE('',#4433,#4433,#3597,.T.);
#5654=EDGE_CURVE('',#4434,#4434,#3598,.T.);
#5655=EDGE_CURVE('',#4435,#4435,#3599,.T.);
#5656=EDGE_CURVE('',#4436,#4436,#3600,.T.);
#5657=EDGE_CURVE('',#4437,#4437,#3601,.T.);
#5658=EDGE_CURVE('',#4438,#4438,#3602,.T.);
#5659=EDGE_CURVE('',#4439,#4439,#3603,.T.);
#5660=EDGE_CURVE('',#4440,#4440,#3604,.T.);
#5661=EDGE_CURVE('',#4441,#4441,#3605,.T.);
#5662=EDGE_CURVE('',#4442,#4442,#3606,.T.);
#5663=EDGE_CURVE('',#4443,#4443,#3607,.T.);
#5664=EDGE_CURVE('',#4444,#4444,#3608,.T.);
#5665=EDGE_CURVE('',#4445,#4445,#3609,.T.);
#5666=EDGE_CURVE('',#4412,#4378,#2660,.T.);
#5667=EDGE_CURVE('',#4413,#4379,#2661,.T.);
#5668=EDGE_CURVE('',#4414,#4380,#2662,.T.);
#5669=EDGE_CURVE('',#4415,#4381,#2663,.T.);
#5670=EDGE_CURVE('',#4416,#4382,#2664,.T.);
#5671=EDGE_CURVE('',#4417,#4383,#2665,.T.);
#5672=EDGE_CURVE('',#4418,#4384,#2666,.T.);
#5673=EDGE_CURVE('',#4419,#4385,#2667,.T.);
#5674=EDGE_CURVE('',#4420,#4386,#2668,.T.);
#5675=EDGE_CURVE('',#4421,#4387,#2669,.T.);
#5676=EDGE_CURVE('',#4422,#4388,#2670,.T.);
#5677=EDGE_CURVE('',#4423,#4389,#2671,.T.);
#5678=EDGE_CURVE('',#4424,#4390,#2672,.T.);
#5679=EDGE_CURVE('',#4425,#4391,#2673,.T.);
#5680=EDGE_CURVE('',#4426,#4392,#2674,.T.);
#5681=EDGE_CURVE('',#4427,#4393,#2675,.T.);
#5682=EDGE_CURVE('',#4428,#4394,#2676,.T.);
#5683=EDGE_CURVE('',#4429,#4395,#2677,.T.);
#5684=EDGE_CURVE('',#4430,#4396,#2678,.T.);
#5685=EDGE_CURVE('',#4431,#4397,#2679,.T.);
#5686=EDGE_CURVE('',#4432,#4398,#2680,.T.);
#5687=EDGE_CURVE('',#4433,#4399,#2681,.T.);
#5688=EDGE_CURVE('',#4434,#4400,#2682,.T.);
#5689=EDGE_CURVE('',#4435,#4401,#2683,.T.);
#5690=EDGE_CURVE('',#4436,#4402,#2684,.T.);
#5691=EDGE_CURVE('',#4437,#4403,#2685,.T.);
#5692=EDGE_CURVE('',#4438,#4404,#2686,.T.);
#5693=EDGE_CURVE('',#4439,#4405,#2687,.T.);
#5694=EDGE_CURVE('',#4440,#4406,#2688,.T.);
#5695=EDGE_CURVE('',#4441,#4407,#2689,.T.);
#5696=EDGE_CURVE('',#4442,#4408,#2690,.T.);
#5697=EDGE_CURVE('',#4443,#4409,#2691,.T.);
#5698=EDGE_CURVE('',#4444,#4410,#2692,.T.);
#5699=EDGE_CURVE('',#4445,#4411,#2693,.T.);
#5700=ORIENTED_EDGE('',*,*,#4446,.T.);
#5701=ORIENTED_EDGE('',*,*,#4447,.T.);
#5702=ORIENTED_EDGE('',*,*,#4448,.T.);
#5703=ORIENTED_EDGE('',*,*,#4449,.T.);
#5704=ORIENTED_EDGE('',*,*,#4446,.F.);
#5705=ORIENTED_EDGE('',*,*,#4450,.T.);
#5706=ORIENTED_EDGE('',*,*,#4451,.T.);
#5707=ORIENTED_EDGE('',*,*,#4452,.T.);
#5708=ORIENTED_EDGE('',*,*,#4453,.T.);
#5709=ORIENTED_EDGE('',*,*,#4454,.T.);
#5710=ORIENTED_EDGE('',*,*,#4455,.T.);
#5711=ORIENTED_EDGE('',*,*,#4456,.T.);
#5712=ORIENTED_EDGE('',*,*,#4457,.T.);
#5713=ORIENTED_EDGE('',*,*,#4458,.T.);
#5714=ORIENTED_EDGE('',*,*,#4459,.F.);
#5715=ORIENTED_EDGE('',*,*,#4460,.T.);
#5716=ORIENTED_EDGE('',*,*,#4461,.F.);
#5717=ORIENTED_EDGE('',*,*,#4462,.T.);
#5718=ORIENTED_EDGE('',*,*,#4463,.F.);
#5719=ORIENTED_EDGE('',*,*,#4464,.T.);
#5720=ORIENTED_EDGE('',*,*,#4465,.T.);
#5721=ORIENTED_EDGE('',*,*,#4466,.T.);
#5722=ORIENTED_EDGE('',*,*,#4467,.T.);
#5723=ORIENTED_EDGE('',*,*,#4468,.T.);
#5724=ORIENTED_EDGE('',*,*,#4449,.F.);
#5725=ORIENTED_EDGE('',*,*,#4469,.T.);
#5726=ORIENTED_EDGE('',*,*,#4470,.F.);
#5727=ORIENTED_EDGE('',*,*,#4458,.F.);
#5728=ORIENTED_EDGE('',*,*,#4471,.T.);
#5729=ORIENTED_EDGE('',*,*,#4472,.T.);
#5730=ORIENTED_EDGE('',*,*,#4473,.T.);
#5731=ORIENTED_EDGE('',*,*,#4450,.F.);
#5732=ORIENTED_EDGE('',*,*,#4459,.T.);
#5733=ORIENTED_EDGE('',*,*,#4470,.T.);
#5734=ORIENTED_EDGE('',*,*,#4474,.T.);
#5735=ORIENTED_EDGE('',*,*,#4475,.T.);
#5736=ORIENTED_EDGE('',*,*,#4461,.T.);
#5737=ORIENTED_EDGE('',*,*,#4476,.T.);
#5738=ORIENTED_EDGE('',*,*,#4477,.T.);
#5739=ORIENTED_EDGE('',*,*,#4478,.T.);
#5740=ORIENTED_EDGE('',*,*,#4478,.F.);
#5741=ORIENTED_EDGE('',*,*,#4479,.T.);
#5742=ORIENTED_EDGE('',*,*,#4480,.F.);
#5743=ORIENTED_EDGE('',*,*,#4462,.F.);
#5744=ORIENTED_EDGE('',*,*,#4463,.T.);
#5745=ORIENTED_EDGE('',*,*,#4480,.T.);
#5746=ORIENTED_EDGE('',*,*,#4481,.T.);
#5747=ORIENTED_EDGE('',*,*,#4482,.T.);
#5748=ORIENTED_EDGE('',*,*,#4451,.F.);
#5749=ORIENTED_EDGE('',*,*,#4473,.F.);
#5750=ORIENTED_EDGE('',*,*,#4483,.T.);
#5751=ORIENTED_EDGE('',*,*,#4484,.F.);
#5752=ORIENTED_EDGE('',*,*,#4457,.F.);
#5753=ORIENTED_EDGE('',*,*,#4485,.F.);
#5754=ORIENTED_EDGE('',*,*,#4486,.T.);
#5755=ORIENTED_EDGE('',*,*,#4471,.F.);
#5756=ORIENTED_EDGE('',*,*,#4487,.F.);
#5757=ORIENTED_EDGE('',*,*,#4483,.F.);
#5758=ORIENTED_EDGE('',*,*,#4472,.F.);
#5759=ORIENTED_EDGE('',*,*,#4486,.F.);
#5760=ORIENTED_EDGE('',*,*,#4484,.T.);
#5761=ORIENTED_EDGE('',*,*,#4487,.T.);
#5762=ORIENTED_EDGE('',*,*,#4485,.T.);
#5763=ORIENTED_EDGE('',*,*,#4456,.F.);
#5764=ORIENTED_EDGE('',*,*,#4488,.F.);
#5765=ORIENTED_EDGE('',*,*,#4489,.T.);
#5766=ORIENTED_EDGE('',*,*,#4490,.T.);
#5767=ORIENTED_EDGE('',*,*,#4452,.F.);
#5768=ORIENTED_EDGE('',*,*,#4491,.F.);
#5769=ORIENTED_EDGE('',*,*,#4489,.F.);
#5770=ORIENTED_EDGE('',*,*,#4492,.F.);
#5771=ORIENTED_EDGE('',*,*,#4493,.F.);
#5772=ORIENTED_EDGE('',*,*,#4492,.T.);
#5773=ORIENTED_EDGE('',*,*,#4488,.T.);
#5774=ORIENTED_EDGE('',*,*,#4455,.F.);
#5775=ORIENTED_EDGE('',*,*,#4494,.F.);
#5776=ORIENTED_EDGE('',*,*,#4495,.T.);
#5777=ORIENTED_EDGE('',*,*,#4496,.T.);
#5778=ORIENTED_EDGE('',*,*,#4497,.T.);
#5779=ORIENTED_EDGE('',*,*,#4496,.F.);
#5780=ORIENTED_EDGE('',*,*,#4498,.T.);
#5781=ORIENTED_EDGE('',*,*,#4499,.T.);
#5782=ORIENTED_EDGE('',*,*,#4500,.T.);
#5783=ORIENTED_EDGE('',*,*,#4499,.F.);
#5784=ORIENTED_EDGE('',*,*,#4501,.T.);
#5785=ORIENTED_EDGE('',*,*,#4502,.T.);
#5786=ORIENTED_EDGE('',*,*,#4503,.T.);
#5787=ORIENTED_EDGE('',*,*,#4502,.F.);
#5788=ORIENTED_EDGE('',*,*,#4504,.T.);
#5789=ORIENTED_EDGE('',*,*,#4505,.T.);
#5790=ORIENTED_EDGE('',*,*,#4506,.T.);
#5791=ORIENTED_EDGE('',*,*,#4505,.F.);
#5792=ORIENTED_EDGE('',*,*,#4493,.T.);
#5793=ORIENTED_EDGE('',*,*,#4494,.T.);
#5794=ORIENTED_EDGE('',*,*,#4454,.F.);
#5795=ORIENTED_EDGE('',*,*,#4507,.F.);
#5796=ORIENTED_EDGE('',*,*,#4491,.T.);
#5797=ORIENTED_EDGE('',*,*,#4507,.T.);
#5798=ORIENTED_EDGE('',*,*,#4453,.F.);
#5799=ORIENTED_EDGE('',*,*,#4490,.F.);
#5800=ORIENTED_EDGE('',*,*,#4475,.F.);
#5801=ORIENTED_EDGE('',*,*,#4508,.T.);
#5802=ORIENTED_EDGE('',*,*,#4476,.F.);
#5803=ORIENTED_EDGE('',*,*,#4460,.F.);
#5804=ORIENTED_EDGE('',*,*,#4447,.F.);
#5805=ORIENTED_EDGE('',*,*,#4464,.F.);
#5806=ORIENTED_EDGE('',*,*,#4482,.F.);
#5807=ORIENTED_EDGE('',*,*,#4509,.T.);
#5808=ORIENTED_EDGE('',*,*,#4448,.F.);
#5809=ORIENTED_EDGE('',*,*,#4509,.F.);
#5810=ORIENTED_EDGE('',*,*,#4481,.F.);
#5811=ORIENTED_EDGE('',*,*,#4479,.F.);
#5812=ORIENTED_EDGE('',*,*,#4477,.F.);
#5813=ORIENTED_EDGE('',*,*,#4508,.F.);
#5814=ORIENTED_EDGE('',*,*,#4474,.F.);
#5815=ORIENTED_EDGE('',*,*,#4469,.F.);
#5816=ORIENTED_EDGE('',*,*,#4497,.F.);
#5817=ORIENTED_EDGE('',*,*,#4503,.F.);
#5818=ORIENTED_EDGE('',*,*,#4506,.F.);
#5819=ORIENTED_EDGE('',*,*,#4500,.F.);
#5820=ORIENTED_EDGE('',*,*,#4467,.F.);
#5821=ORIENTED_EDGE('',*,*,#4510,.T.);
#5822=ORIENTED_EDGE('',*,*,#4511,.T.);
#5823=ORIENTED_EDGE('',*,*,#4510,.F.);
#5824=ORIENTED_EDGE('',*,*,#4504,.F.);
#5825=ORIENTED_EDGE('',*,*,#4511,.F.);
#5826=ORIENTED_EDGE('',*,*,#4466,.F.);
#5827=ORIENTED_EDGE('',*,*,#4512,.T.);
#5828=ORIENTED_EDGE('',*,*,#4513,.T.);
#5829=ORIENTED_EDGE('',*,*,#4512,.F.);
#5830=ORIENTED_EDGE('',*,*,#4501,.F.);
#5831=ORIENTED_EDGE('',*,*,#4513,.F.);
#5832=ORIENTED_EDGE('',*,*,#4468,.F.);
#5833=ORIENTED_EDGE('',*,*,#4514,.T.);
#5834=ORIENTED_EDGE('',*,*,#4515,.T.);
#5835=ORIENTED_EDGE('',*,*,#4514,.F.);
#5836=ORIENTED_EDGE('',*,*,#4498,.F.);
#5837=ORIENTED_EDGE('',*,*,#4515,.F.);
#5838=ORIENTED_EDGE('',*,*,#4465,.F.);
#5839=ORIENTED_EDGE('',*,*,#4516,.T.);
#5840=ORIENTED_EDGE('',*,*,#4517,.T.);
#5841=ORIENTED_EDGE('',*,*,#4516,.F.);
#5842=ORIENTED_EDGE('',*,*,#4495,.F.);
#5843=ORIENTED_EDGE('',*,*,#4517,.F.);
#5844=ORIENTED_EDGE('',*,*,#4518,.F.);
#5845=ORIENTED_EDGE('',*,*,#4519,.T.);
#5846=ORIENTED_EDGE('',*,*,#4520,.T.);
#5847=ORIENTED_EDGE('',*,*,#4521,.F.);
#5848=ORIENTED_EDGE('',*,*,#4522,.F.);
#5849=ORIENTED_EDGE('',*,*,#4523,.T.);
#5850=ORIENTED_EDGE('',*,*,#4524,.T.);
#5851=ORIENTED_EDGE('',*,*,#4519,.F.);
#5852=ORIENTED_EDGE('',*,*,#4525,.F.);
#5853=ORIENTED_EDGE('',*,*,#4526,.T.);
#5854=ORIENTED_EDGE('',*,*,#4527,.T.);
#5855=ORIENTED_EDGE('',*,*,#4523,.F.);
#5856=ORIENTED_EDGE('',*,*,#4528,.F.);
#5857=ORIENTED_EDGE('',*,*,#4529,.T.);
#5858=ORIENTED_EDGE('',*,*,#4530,.T.);
#5859=ORIENTED_EDGE('',*,*,#4526,.F.);
#5860=ORIENTED_EDGE('',*,*,#4531,.F.);
#5861=ORIENTED_EDGE('',*,*,#4532,.T.);
#5862=ORIENTED_EDGE('',*,*,#4533,.T.);
#5863=ORIENTED_EDGE('',*,*,#4529,.F.);
#5864=ORIENTED_EDGE('',*,*,#4534,.F.);
#5865=ORIENTED_EDGE('',*,*,#4535,.T.);
#5866=ORIENTED_EDGE('',*,*,#4536,.T.);
#5867=ORIENTED_EDGE('',*,*,#4532,.F.);
#5868=ORIENTED_EDGE('',*,*,#4537,.F.);
#5869=ORIENTED_EDGE('',*,*,#4538,.T.);
#5870=ORIENTED_EDGE('',*,*,#4539,.T.);
#5871=ORIENTED_EDGE('',*,*,#4535,.F.);
#5872=ORIENTED_EDGE('',*,*,#4540,.F.);
#5873=ORIENTED_EDGE('',*,*,#4541,.T.);
#5874=ORIENTED_EDGE('',*,*,#4542,.T.);
#5875=ORIENTED_EDGE('',*,*,#4538,.F.);
#5876=ORIENTED_EDGE('',*,*,#4543,.F.);
#5877=ORIENTED_EDGE('',*,*,#4544,.T.);
#5878=ORIENTED_EDGE('',*,*,#4545,.T.);
#5879=ORIENTED_EDGE('',*,*,#4541,.F.);
#5880=ORIENTED_EDGE('',*,*,#4546,.F.);
#5881=ORIENTED_EDGE('',*,*,#4547,.T.);
#5882=ORIENTED_EDGE('',*,*,#4548,.T.);
#5883=ORIENTED_EDGE('',*,*,#4544,.F.);
#5884=ORIENTED_EDGE('',*,*,#4549,.F.);
#5885=ORIENTED_EDGE('',*,*,#4550,.T.);
#5886=ORIENTED_EDGE('',*,*,#4551,.T.);
#5887=ORIENTED_EDGE('',*,*,#4547,.F.);
#5888=ORIENTED_EDGE('',*,*,#4552,.F.);
#5889=ORIENTED_EDGE('',*,*,#4521,.T.);
#5890=ORIENTED_EDGE('',*,*,#4553,.T.);
#5891=ORIENTED_EDGE('',*,*,#4550,.F.);
#5892=ORIENTED_EDGE('',*,*,#4553,.F.);
#5893=ORIENTED_EDGE('',*,*,#4520,.F.);
#5894=ORIENTED_EDGE('',*,*,#4524,.F.);
#5895=ORIENTED_EDGE('',*,*,#4527,.F.);
#5896=ORIENTED_EDGE('',*,*,#4530,.F.);
#5897=ORIENTED_EDGE('',*,*,#4533,.F.);
#5898=ORIENTED_EDGE('',*,*,#4536,.F.);
#5899=ORIENTED_EDGE('',*,*,#4539,.F.);
#5900=ORIENTED_EDGE('',*,*,#4542,.F.);
#5901=ORIENTED_EDGE('',*,*,#4545,.F.);
#5902=ORIENTED_EDGE('',*,*,#4548,.F.);
#5903=ORIENTED_EDGE('',*,*,#4551,.F.);
#5904=ORIENTED_EDGE('',*,*,#4554,.F.);
#5905=ORIENTED_EDGE('',*,*,#4555,.T.);
#5906=ORIENTED_EDGE('',*,*,#4556,.T.);
#5907=ORIENTED_EDGE('',*,*,#4557,.F.);
#5908=ORIENTED_EDGE('',*,*,#4558,.F.);
#5909=ORIENTED_EDGE('',*,*,#4559,.T.);
#5910=ORIENTED_EDGE('',*,*,#4560,.T.);
#5911=ORIENTED_EDGE('',*,*,#4555,.F.);
#5912=ORIENTED_EDGE('',*,*,#4561,.F.);
#5913=ORIENTED_EDGE('',*,*,#4562,.T.);
#5914=ORIENTED_EDGE('',*,*,#4563,.T.);
#5915=ORIENTED_EDGE('',*,*,#4559,.F.);
#5916=ORIENTED_EDGE('',*,*,#4564,.F.);
#5917=ORIENTED_EDGE('',*,*,#4565,.T.);
#5918=ORIENTED_EDGE('',*,*,#4566,.T.);
#5919=ORIENTED_EDGE('',*,*,#4562,.F.);
#5920=ORIENTED_EDGE('',*,*,#4567,.F.);
#5921=ORIENTED_EDGE('',*,*,#4568,.T.);
#5922=ORIENTED_EDGE('',*,*,#4569,.T.);
#5923=ORIENTED_EDGE('',*,*,#4565,.F.);
#5924=ORIENTED_EDGE('',*,*,#4570,.F.);
#5925=ORIENTED_EDGE('',*,*,#4571,.T.);
#5926=ORIENTED_EDGE('',*,*,#4572,.T.);
#5927=ORIENTED_EDGE('',*,*,#4568,.F.);
#5928=ORIENTED_EDGE('',*,*,#4573,.F.);
#5929=ORIENTED_EDGE('',*,*,#4574,.T.);
#5930=ORIENTED_EDGE('',*,*,#4575,.T.);
#5931=ORIENTED_EDGE('',*,*,#4571,.F.);
#5932=ORIENTED_EDGE('',*,*,#4576,.F.);
#5933=ORIENTED_EDGE('',*,*,#4577,.T.);
#5934=ORIENTED_EDGE('',*,*,#4578,.T.);
#5935=ORIENTED_EDGE('',*,*,#4574,.F.);
#5936=ORIENTED_EDGE('',*,*,#4579,.F.);
#5937=ORIENTED_EDGE('',*,*,#4580,.T.);
#5938=ORIENTED_EDGE('',*,*,#4581,.T.);
#5939=ORIENTED_EDGE('',*,*,#4577,.F.);
#5940=ORIENTED_EDGE('',*,*,#4582,.F.);
#5941=ORIENTED_EDGE('',*,*,#4557,.T.);
#5942=ORIENTED_EDGE('',*,*,#4583,.T.);
#5943=ORIENTED_EDGE('',*,*,#4580,.F.);
#5944=ORIENTED_EDGE('',*,*,#4583,.F.);
#5945=ORIENTED_EDGE('',*,*,#4556,.F.);
#5946=ORIENTED_EDGE('',*,*,#4560,.F.);
#5947=ORIENTED_EDGE('',*,*,#4563,.F.);
#5948=ORIENTED_EDGE('',*,*,#4566,.F.);
#5949=ORIENTED_EDGE('',*,*,#4569,.F.);
#5950=ORIENTED_EDGE('',*,*,#4572,.F.);
#5951=ORIENTED_EDGE('',*,*,#4575,.F.);
#5952=ORIENTED_EDGE('',*,*,#4578,.F.);
#5953=ORIENTED_EDGE('',*,*,#4581,.F.);
#5954=ORIENTED_EDGE('',*,*,#4584,.F.);
#5955=ORIENTED_EDGE('',*,*,#4585,.T.);
#5956=ORIENTED_EDGE('',*,*,#4586,.T.);
#5957=ORIENTED_EDGE('',*,*,#4587,.F.);
#5958=ORIENTED_EDGE('',*,*,#4588,.F.);
#5959=ORIENTED_EDGE('',*,*,#4589,.T.);
#5960=ORIENTED_EDGE('',*,*,#4590,.T.);
#5961=ORIENTED_EDGE('',*,*,#4585,.F.);
#5962=ORIENTED_EDGE('',*,*,#4591,.F.);
#5963=ORIENTED_EDGE('',*,*,#4592,.T.);
#5964=ORIENTED_EDGE('',*,*,#4593,.T.);
#5965=ORIENTED_EDGE('',*,*,#4589,.F.);
#5966=ORIENTED_EDGE('',*,*,#4594,.F.);
#5967=ORIENTED_EDGE('',*,*,#4595,.T.);
#5968=ORIENTED_EDGE('',*,*,#4596,.T.);
#5969=ORIENTED_EDGE('',*,*,#4592,.F.);
#5970=ORIENTED_EDGE('',*,*,#4597,.F.);
#5971=ORIENTED_EDGE('',*,*,#4598,.T.);
#5972=ORIENTED_EDGE('',*,*,#4599,.T.);
#5973=ORIENTED_EDGE('',*,*,#4595,.F.);
#5974=ORIENTED_EDGE('',*,*,#4600,.F.);
#5975=ORIENTED_EDGE('',*,*,#4601,.T.);
#5976=ORIENTED_EDGE('',*,*,#4602,.T.);
#5977=ORIENTED_EDGE('',*,*,#4598,.F.);
#5978=ORIENTED_EDGE('',*,*,#4603,.F.);
#5979=ORIENTED_EDGE('',*,*,#4604,.T.);
#5980=ORIENTED_EDGE('',*,*,#4605,.T.);
#5981=ORIENTED_EDGE('',*,*,#4601,.F.);
#5982=ORIENTED_EDGE('',*,*,#4606,.F.);
#5983=ORIENTED_EDGE('',*,*,#4607,.T.);
#5984=ORIENTED_EDGE('',*,*,#4608,.T.);
#5985=ORIENTED_EDGE('',*,*,#4604,.F.);
#5986=ORIENTED_EDGE('',*,*,#4609,.F.);
#5987=ORIENTED_EDGE('',*,*,#4587,.T.);
#5988=ORIENTED_EDGE('',*,*,#4610,.T.);
#5989=ORIENTED_EDGE('',*,*,#4607,.F.);
#5990=ORIENTED_EDGE('',*,*,#4611,.F.);
#5991=ORIENTED_EDGE('',*,*,#4612,.T.);
#5992=ORIENTED_EDGE('',*,*,#4613,.T.);
#5993=ORIENTED_EDGE('',*,*,#4614,.F.);
#5994=ORIENTED_EDGE('',*,*,#4615,.F.);
#5995=ORIENTED_EDGE('',*,*,#4616,.T.);
#5996=ORIENTED_EDGE('',*,*,#4617,.T.);
#5997=ORIENTED_EDGE('',*,*,#4612,.F.);
#5998=ORIENTED_EDGE('',*,*,#4618,.F.);
#5999=ORIENTED_EDGE('',*,*,#4619,.T.);
#6000=ORIENTED_EDGE('',*,*,#4620,.T.);
#6001=ORIENTED_EDGE('',*,*,#4616,.F.);
#6002=ORIENTED_EDGE('',*,*,#4621,.F.);
#6003=ORIENTED_EDGE('',*,*,#4622,.T.);
#6004=ORIENTED_EDGE('',*,*,#4623,.T.);
#6005=ORIENTED_EDGE('',*,*,#4619,.F.);
#6006=ORIENTED_EDGE('',*,*,#4624,.F.);
#6007=ORIENTED_EDGE('',*,*,#4625,.T.);
#6008=ORIENTED_EDGE('',*,*,#4626,.T.);
#6009=ORIENTED_EDGE('',*,*,#4622,.F.);
#6010=ORIENTED_EDGE('',*,*,#4627,.F.);
#6011=ORIENTED_EDGE('',*,*,#4628,.T.);
#6012=ORIENTED_EDGE('',*,*,#4629,.T.);
#6013=ORIENTED_EDGE('',*,*,#4625,.F.);
#6014=ORIENTED_EDGE('',*,*,#4630,.F.);
#6015=ORIENTED_EDGE('',*,*,#4631,.T.);
#6016=ORIENTED_EDGE('',*,*,#4632,.T.);
#6017=ORIENTED_EDGE('',*,*,#4628,.F.);
#6018=ORIENTED_EDGE('',*,*,#4633,.F.);
#6019=ORIENTED_EDGE('',*,*,#4634,.T.);
#6020=ORIENTED_EDGE('',*,*,#4635,.T.);
#6021=ORIENTED_EDGE('',*,*,#4631,.F.);
#6022=ORIENTED_EDGE('',*,*,#4636,.F.);
#6023=ORIENTED_EDGE('',*,*,#4637,.T.);
#6024=ORIENTED_EDGE('',*,*,#4638,.T.);
#6025=ORIENTED_EDGE('',*,*,#4634,.F.);
#6026=ORIENTED_EDGE('',*,*,#4639,.F.);
#6027=ORIENTED_EDGE('',*,*,#4614,.T.);
#6028=ORIENTED_EDGE('',*,*,#4640,.T.);
#6029=ORIENTED_EDGE('',*,*,#4637,.F.);
#6030=ORIENTED_EDGE('',*,*,#4641,.F.);
#6031=ORIENTED_EDGE('',*,*,#4642,.T.);
#6032=ORIENTED_EDGE('',*,*,#4643,.T.);
#6033=ORIENTED_EDGE('',*,*,#4644,.F.);
#6034=ORIENTED_EDGE('',*,*,#4645,.F.);
#6035=ORIENTED_EDGE('',*,*,#4646,.T.);
#6036=ORIENTED_EDGE('',*,*,#4647,.T.);
#6037=ORIENTED_EDGE('',*,*,#4642,.F.);
#6038=ORIENTED_EDGE('',*,*,#4648,.F.);
#6039=ORIENTED_EDGE('',*,*,#4649,.T.);
#6040=ORIENTED_EDGE('',*,*,#4650,.T.);
#6041=ORIENTED_EDGE('',*,*,#4646,.F.);
#6042=ORIENTED_EDGE('',*,*,#4651,.F.);
#6043=ORIENTED_EDGE('',*,*,#4652,.T.);
#6044=ORIENTED_EDGE('',*,*,#4653,.T.);
#6045=ORIENTED_EDGE('',*,*,#4649,.F.);
#6046=ORIENTED_EDGE('',*,*,#4654,.F.);
#6047=ORIENTED_EDGE('',*,*,#4655,.T.);
#6048=ORIENTED_EDGE('',*,*,#4656,.T.);
#6049=ORIENTED_EDGE('',*,*,#4652,.F.);
#6050=ORIENTED_EDGE('',*,*,#4657,.F.);
#6051=ORIENTED_EDGE('',*,*,#4658,.T.);
#6052=ORIENTED_EDGE('',*,*,#4659,.T.);
#6053=ORIENTED_EDGE('',*,*,#4655,.F.);
#6054=ORIENTED_EDGE('',*,*,#4660,.F.);
#6055=ORIENTED_EDGE('',*,*,#4661,.T.);
#6056=ORIENTED_EDGE('',*,*,#4662,.T.);
#6057=ORIENTED_EDGE('',*,*,#4658,.F.);
#6058=ORIENTED_EDGE('',*,*,#4663,.F.);
#6059=ORIENTED_EDGE('',*,*,#4664,.T.);
#6060=ORIENTED_EDGE('',*,*,#4665,.T.);
#6061=ORIENTED_EDGE('',*,*,#4661,.F.);
#6062=ORIENTED_EDGE('',*,*,#4666,.F.);
#6063=ORIENTED_EDGE('',*,*,#4667,.T.);
#6064=ORIENTED_EDGE('',*,*,#4668,.T.);
#6065=ORIENTED_EDGE('',*,*,#4664,.F.);
#6066=ORIENTED_EDGE('',*,*,#4669,.F.);
#6067=ORIENTED_EDGE('',*,*,#4670,.T.);
#6068=ORIENTED_EDGE('',*,*,#4671,.T.);
#6069=ORIENTED_EDGE('',*,*,#4667,.F.);
#6070=ORIENTED_EDGE('',*,*,#4672,.F.);
#6071=ORIENTED_EDGE('',*,*,#4673,.T.);
#6072=ORIENTED_EDGE('',*,*,#4674,.T.);
#6073=ORIENTED_EDGE('',*,*,#4670,.F.);
#6074=ORIENTED_EDGE('',*,*,#4675,.F.);
#6075=ORIENTED_EDGE('',*,*,#4676,.T.);
#6076=ORIENTED_EDGE('',*,*,#4677,.T.);
#6077=ORIENTED_EDGE('',*,*,#4673,.F.);
#6078=ORIENTED_EDGE('',*,*,#4678,.F.);
#6079=ORIENTED_EDGE('',*,*,#4679,.T.);
#6080=ORIENTED_EDGE('',*,*,#4680,.T.);
#6081=ORIENTED_EDGE('',*,*,#4676,.F.);
#6082=ORIENTED_EDGE('',*,*,#4681,.F.);
#6083=ORIENTED_EDGE('',*,*,#4644,.T.);
#6084=ORIENTED_EDGE('',*,*,#4682,.T.);
#6085=ORIENTED_EDGE('',*,*,#4679,.F.);
#6086=ORIENTED_EDGE('',*,*,#4682,.F.);
#6087=ORIENTED_EDGE('',*,*,#4643,.F.);
#6088=ORIENTED_EDGE('',*,*,#4647,.F.);
#6089=ORIENTED_EDGE('',*,*,#4650,.F.);
#6090=ORIENTED_EDGE('',*,*,#4653,.F.);
#6091=ORIENTED_EDGE('',*,*,#4656,.F.);
#6092=ORIENTED_EDGE('',*,*,#4659,.F.);
#6093=ORIENTED_EDGE('',*,*,#4662,.F.);
#6094=ORIENTED_EDGE('',*,*,#4665,.F.);
#6095=ORIENTED_EDGE('',*,*,#4668,.F.);
#6096=ORIENTED_EDGE('',*,*,#4671,.F.);
#6097=ORIENTED_EDGE('',*,*,#4674,.F.);
#6098=ORIENTED_EDGE('',*,*,#4677,.F.);
#6099=ORIENTED_EDGE('',*,*,#4680,.F.);
#6100=ORIENTED_EDGE('',*,*,#4640,.F.);
#6101=ORIENTED_EDGE('',*,*,#4613,.F.);
#6102=ORIENTED_EDGE('',*,*,#4617,.F.);
#6103=ORIENTED_EDGE('',*,*,#4620,.F.);
#6104=ORIENTED_EDGE('',*,*,#4623,.F.);
#6105=ORIENTED_EDGE('',*,*,#4626,.F.);
#6106=ORIENTED_EDGE('',*,*,#4629,.F.);
#6107=ORIENTED_EDGE('',*,*,#4632,.F.);
#6108=ORIENTED_EDGE('',*,*,#4635,.F.);
#6109=ORIENTED_EDGE('',*,*,#4638,.F.);
#6110=ORIENTED_EDGE('',*,*,#4610,.F.);
#6111=ORIENTED_EDGE('',*,*,#4586,.F.);
#6112=ORIENTED_EDGE('',*,*,#4590,.F.);
#6113=ORIENTED_EDGE('',*,*,#4593,.F.);
#6114=ORIENTED_EDGE('',*,*,#4596,.F.);
#6115=ORIENTED_EDGE('',*,*,#4599,.F.);
#6116=ORIENTED_EDGE('',*,*,#4602,.F.);
#6117=ORIENTED_EDGE('',*,*,#4605,.F.);
#6118=ORIENTED_EDGE('',*,*,#4608,.F.);
#6119=ORIENTED_EDGE('',*,*,#4683,.F.);
#6120=ORIENTED_EDGE('',*,*,#4684,.T.);
#6121=ORIENTED_EDGE('',*,*,#4685,.T.);
#6122=ORIENTED_EDGE('',*,*,#4686,.F.);
#6123=ORIENTED_EDGE('',*,*,#4687,.F.);
#6124=ORIENTED_EDGE('',*,*,#4688,.T.);
#6125=ORIENTED_EDGE('',*,*,#4689,.T.);
#6126=ORIENTED_EDGE('',*,*,#4684,.F.);
#6127=ORIENTED_EDGE('',*,*,#4690,.F.);
#6128=ORIENTED_EDGE('',*,*,#4691,.T.);
#6129=ORIENTED_EDGE('',*,*,#4692,.T.);
#6130=ORIENTED_EDGE('',*,*,#4688,.F.);
#6131=ORIENTED_EDGE('',*,*,#4693,.F.);
#6132=ORIENTED_EDGE('',*,*,#4694,.T.);
#6133=ORIENTED_EDGE('',*,*,#4695,.T.);
#6134=ORIENTED_EDGE('',*,*,#4691,.F.);
#6135=ORIENTED_EDGE('',*,*,#4696,.F.);
#6136=ORIENTED_EDGE('',*,*,#4686,.T.);
#6137=ORIENTED_EDGE('',*,*,#4697,.T.);
#6138=ORIENTED_EDGE('',*,*,#4694,.F.);
#6139=ORIENTED_EDGE('',*,*,#4698,.F.);
#6140=ORIENTED_EDGE('',*,*,#4699,.T.);
#6141=ORIENTED_EDGE('',*,*,#4700,.T.);
#6142=ORIENTED_EDGE('',*,*,#4701,.F.);
#6143=ORIENTED_EDGE('',*,*,#4702,.F.);
#6144=ORIENTED_EDGE('',*,*,#4703,.T.);
#6145=ORIENTED_EDGE('',*,*,#4704,.T.);
#6146=ORIENTED_EDGE('',*,*,#4699,.F.);
#6147=ORIENTED_EDGE('',*,*,#4705,.F.);
#6148=ORIENTED_EDGE('',*,*,#4706,.T.);
#6149=ORIENTED_EDGE('',*,*,#4707,.T.);
#6150=ORIENTED_EDGE('',*,*,#4703,.F.);
#6151=ORIENTED_EDGE('',*,*,#4708,.F.);
#6152=ORIENTED_EDGE('',*,*,#4709,.T.);
#6153=ORIENTED_EDGE('',*,*,#4710,.T.);
#6154=ORIENTED_EDGE('',*,*,#4706,.F.);
#6155=ORIENTED_EDGE('',*,*,#4711,.F.);
#6156=ORIENTED_EDGE('',*,*,#4712,.T.);
#6157=ORIENTED_EDGE('',*,*,#4713,.T.);
#6158=ORIENTED_EDGE('',*,*,#4709,.F.);
#6159=ORIENTED_EDGE('',*,*,#4714,.F.);
#6160=ORIENTED_EDGE('',*,*,#4715,.T.);
#6161=ORIENTED_EDGE('',*,*,#4716,.T.);
#6162=ORIENTED_EDGE('',*,*,#4712,.F.);
#6163=ORIENTED_EDGE('',*,*,#4717,.F.);
#6164=ORIENTED_EDGE('',*,*,#4718,.T.);
#6165=ORIENTED_EDGE('',*,*,#4719,.T.);
#6166=ORIENTED_EDGE('',*,*,#4715,.F.);
#6167=ORIENTED_EDGE('',*,*,#4720,.F.);
#6168=ORIENTED_EDGE('',*,*,#4701,.T.);
#6169=ORIENTED_EDGE('',*,*,#4721,.T.);
#6170=ORIENTED_EDGE('',*,*,#4718,.F.);
#6171=ORIENTED_EDGE('',*,*,#4721,.F.);
#6172=ORIENTED_EDGE('',*,*,#4700,.F.);
#6173=ORIENTED_EDGE('',*,*,#4704,.F.);
#6174=ORIENTED_EDGE('',*,*,#4707,.F.);
#6175=ORIENTED_EDGE('',*,*,#4710,.F.);
#6176=ORIENTED_EDGE('',*,*,#4713,.F.);
#6177=ORIENTED_EDGE('',*,*,#4716,.F.);
#6178=ORIENTED_EDGE('',*,*,#4719,.F.);
#6179=ORIENTED_EDGE('',*,*,#4697,.F.);
#6180=ORIENTED_EDGE('',*,*,#4685,.F.);
#6181=ORIENTED_EDGE('',*,*,#4689,.F.);
#6182=ORIENTED_EDGE('',*,*,#4692,.F.);
#6183=ORIENTED_EDGE('',*,*,#4695,.F.);
#6184=ORIENTED_EDGE('',*,*,#4722,.F.);
#6185=ORIENTED_EDGE('',*,*,#4723,.T.);
#6186=ORIENTED_EDGE('',*,*,#4724,.T.);
#6187=ORIENTED_EDGE('',*,*,#4725,.F.);
#6188=ORIENTED_EDGE('',*,*,#4726,.F.);
#6189=ORIENTED_EDGE('',*,*,#4727,.T.);
#6190=ORIENTED_EDGE('',*,*,#4728,.T.);
#6191=ORIENTED_EDGE('',*,*,#4723,.F.);
#6192=ORIENTED_EDGE('',*,*,#4729,.F.);
#6193=ORIENTED_EDGE('',*,*,#4730,.T.);
#6194=ORIENTED_EDGE('',*,*,#4731,.T.);
#6195=ORIENTED_EDGE('',*,*,#4727,.F.);
#6196=ORIENTED_EDGE('',*,*,#4732,.F.);
#6197=ORIENTED_EDGE('',*,*,#4733,.T.);
#6198=ORIENTED_EDGE('',*,*,#4734,.T.);
#6199=ORIENTED_EDGE('',*,*,#4730,.F.);
#6200=ORIENTED_EDGE('',*,*,#4735,.F.);
#6201=ORIENTED_EDGE('',*,*,#4736,.T.);
#6202=ORIENTED_EDGE('',*,*,#4737,.T.);
#6203=ORIENTED_EDGE('',*,*,#4733,.F.);
#6204=ORIENTED_EDGE('',*,*,#4738,.F.);
#6205=ORIENTED_EDGE('',*,*,#4739,.T.);
#6206=ORIENTED_EDGE('',*,*,#4740,.T.);
#6207=ORIENTED_EDGE('',*,*,#4736,.F.);
#6208=ORIENTED_EDGE('',*,*,#4741,.F.);
#6209=ORIENTED_EDGE('',*,*,#4742,.T.);
#6210=ORIENTED_EDGE('',*,*,#4743,.T.);
#6211=ORIENTED_EDGE('',*,*,#4739,.F.);
#6212=ORIENTED_EDGE('',*,*,#4744,.F.);
#6213=ORIENTED_EDGE('',*,*,#4745,.T.);
#6214=ORIENTED_EDGE('',*,*,#4746,.T.);
#6215=ORIENTED_EDGE('',*,*,#4742,.F.);
#6216=ORIENTED_EDGE('',*,*,#4747,.F.);
#6217=ORIENTED_EDGE('',*,*,#4748,.T.);
#6218=ORIENTED_EDGE('',*,*,#4749,.T.);
#6219=ORIENTED_EDGE('',*,*,#4745,.F.);
#6220=ORIENTED_EDGE('',*,*,#4750,.F.);
#6221=ORIENTED_EDGE('',*,*,#4751,.T.);
#6222=ORIENTED_EDGE('',*,*,#4752,.T.);
#6223=ORIENTED_EDGE('',*,*,#4748,.F.);
#6224=ORIENTED_EDGE('',*,*,#4753,.F.);
#6225=ORIENTED_EDGE('',*,*,#4754,.T.);
#6226=ORIENTED_EDGE('',*,*,#4755,.T.);
#6227=ORIENTED_EDGE('',*,*,#4751,.F.);
#6228=ORIENTED_EDGE('',*,*,#4756,.F.);
#6229=ORIENTED_EDGE('',*,*,#4757,.T.);
#6230=ORIENTED_EDGE('',*,*,#4758,.T.);
#6231=ORIENTED_EDGE('',*,*,#4754,.F.);
#6232=ORIENTED_EDGE('',*,*,#4759,.F.);
#6233=ORIENTED_EDGE('',*,*,#4760,.T.);
#6234=ORIENTED_EDGE('',*,*,#4761,.T.);
#6235=ORIENTED_EDGE('',*,*,#4757,.F.);
#6236=ORIENTED_EDGE('',*,*,#4762,.F.);
#6237=ORIENTED_EDGE('',*,*,#4763,.T.);
#6238=ORIENTED_EDGE('',*,*,#4764,.T.);
#6239=ORIENTED_EDGE('',*,*,#4760,.F.);
#6240=ORIENTED_EDGE('',*,*,#4765,.F.);
#6241=ORIENTED_EDGE('',*,*,#4766,.T.);
#6242=ORIENTED_EDGE('',*,*,#4767,.T.);
#6243=ORIENTED_EDGE('',*,*,#4763,.F.);
#6244=ORIENTED_EDGE('',*,*,#4768,.F.);
#6245=ORIENTED_EDGE('',*,*,#4769,.T.);
#6246=ORIENTED_EDGE('',*,*,#4770,.T.);
#6247=ORIENTED_EDGE('',*,*,#4766,.F.);
#6248=ORIENTED_EDGE('',*,*,#4771,.F.);
#6249=ORIENTED_EDGE('',*,*,#4772,.T.);
#6250=ORIENTED_EDGE('',*,*,#4773,.T.);
#6251=ORIENTED_EDGE('',*,*,#4769,.F.);
#6252=ORIENTED_EDGE('',*,*,#4774,.F.);
#6253=ORIENTED_EDGE('',*,*,#4775,.T.);
#6254=ORIENTED_EDGE('',*,*,#4776,.T.);
#6255=ORIENTED_EDGE('',*,*,#4772,.F.);
#6256=ORIENTED_EDGE('',*,*,#4777,.F.);
#6257=ORIENTED_EDGE('',*,*,#4778,.T.);
#6258=ORIENTED_EDGE('',*,*,#4779,.T.);
#6259=ORIENTED_EDGE('',*,*,#4775,.F.);
#6260=ORIENTED_EDGE('',*,*,#4780,.F.);
#6261=ORIENTED_EDGE('',*,*,#4781,.T.);
#6262=ORIENTED_EDGE('',*,*,#4782,.T.);
#6263=ORIENTED_EDGE('',*,*,#4778,.F.);
#6264=ORIENTED_EDGE('',*,*,#4783,.F.);
#6265=ORIENTED_EDGE('',*,*,#4784,.T.);
#6266=ORIENTED_EDGE('',*,*,#4785,.T.);
#6267=ORIENTED_EDGE('',*,*,#4781,.F.);
#6268=ORIENTED_EDGE('',*,*,#4786,.F.);
#6269=ORIENTED_EDGE('',*,*,#4787,.T.);
#6270=ORIENTED_EDGE('',*,*,#4788,.T.);
#6271=ORIENTED_EDGE('',*,*,#4784,.F.);
#6272=ORIENTED_EDGE('',*,*,#4789,.F.);
#6273=ORIENTED_EDGE('',*,*,#4790,.T.);
#6274=ORIENTED_EDGE('',*,*,#4791,.T.);
#6275=ORIENTED_EDGE('',*,*,#4787,.F.);
#6276=ORIENTED_EDGE('',*,*,#4792,.F.);
#6277=ORIENTED_EDGE('',*,*,#4793,.T.);
#6278=ORIENTED_EDGE('',*,*,#4794,.T.);
#6279=ORIENTED_EDGE('',*,*,#4790,.F.);
#6280=ORIENTED_EDGE('',*,*,#4795,.F.);
#6281=ORIENTED_EDGE('',*,*,#4796,.T.);
#6282=ORIENTED_EDGE('',*,*,#4797,.T.);
#6283=ORIENTED_EDGE('',*,*,#4793,.F.);
#6284=ORIENTED_EDGE('',*,*,#4798,.F.);
#6285=ORIENTED_EDGE('',*,*,#4799,.T.);
#6286=ORIENTED_EDGE('',*,*,#4800,.T.);
#6287=ORIENTED_EDGE('',*,*,#4796,.F.);
#6288=ORIENTED_EDGE('',*,*,#4801,.F.);
#6289=ORIENTED_EDGE('',*,*,#4802,.T.);
#6290=ORIENTED_EDGE('',*,*,#4803,.T.);
#6291=ORIENTED_EDGE('',*,*,#4799,.F.);
#6292=ORIENTED_EDGE('',*,*,#4804,.F.);
#6293=ORIENTED_EDGE('',*,*,#4805,.T.);
#6294=ORIENTED_EDGE('',*,*,#4806,.T.);
#6295=ORIENTED_EDGE('',*,*,#4802,.F.);
#6296=ORIENTED_EDGE('',*,*,#4807,.F.);
#6297=ORIENTED_EDGE('',*,*,#4725,.T.);
#6298=ORIENTED_EDGE('',*,*,#4808,.T.);
#6299=ORIENTED_EDGE('',*,*,#4805,.F.);
#6300=ORIENTED_EDGE('',*,*,#4808,.F.);
#6301=ORIENTED_EDGE('',*,*,#4724,.F.);
#6302=ORIENTED_EDGE('',*,*,#4728,.F.);
#6303=ORIENTED_EDGE('',*,*,#4731,.F.);
#6304=ORIENTED_EDGE('',*,*,#4734,.F.);
#6305=ORIENTED_EDGE('',*,*,#4737,.F.);
#6306=ORIENTED_EDGE('',*,*,#4740,.F.);
#6307=ORIENTED_EDGE('',*,*,#4743,.F.);
#6308=ORIENTED_EDGE('',*,*,#4746,.F.);
#6309=ORIENTED_EDGE('',*,*,#4749,.F.);
#6310=ORIENTED_EDGE('',*,*,#4752,.F.);
#6311=ORIENTED_EDGE('',*,*,#4755,.F.);
#6312=ORIENTED_EDGE('',*,*,#4758,.F.);
#6313=ORIENTED_EDGE('',*,*,#4761,.F.);
#6314=ORIENTED_EDGE('',*,*,#4764,.F.);
#6315=ORIENTED_EDGE('',*,*,#4767,.F.);
#6316=ORIENTED_EDGE('',*,*,#4770,.F.);
#6317=ORIENTED_EDGE('',*,*,#4773,.F.);
#6318=ORIENTED_EDGE('',*,*,#4776,.F.);
#6319=ORIENTED_EDGE('',*,*,#4779,.F.);
#6320=ORIENTED_EDGE('',*,*,#4782,.F.);
#6321=ORIENTED_EDGE('',*,*,#4785,.F.);
#6322=ORIENTED_EDGE('',*,*,#4788,.F.);
#6323=ORIENTED_EDGE('',*,*,#4791,.F.);
#6324=ORIENTED_EDGE('',*,*,#4794,.F.);
#6325=ORIENTED_EDGE('',*,*,#4797,.F.);
#6326=ORIENTED_EDGE('',*,*,#4800,.F.);
#6327=ORIENTED_EDGE('',*,*,#4803,.F.);
#6328=ORIENTED_EDGE('',*,*,#4806,.F.);
#6329=ORIENTED_EDGE('',*,*,#4809,.F.);
#6330=ORIENTED_EDGE('',*,*,#4810,.T.);
#6331=ORIENTED_EDGE('',*,*,#4811,.T.);
#6332=ORIENTED_EDGE('',*,*,#4812,.F.);
#6333=ORIENTED_EDGE('',*,*,#4813,.F.);
#6334=ORIENTED_EDGE('',*,*,#4814,.T.);
#6335=ORIENTED_EDGE('',*,*,#4815,.T.);
#6336=ORIENTED_EDGE('',*,*,#4810,.F.);
#6337=ORIENTED_EDGE('',*,*,#4816,.F.);
#6338=ORIENTED_EDGE('',*,*,#4817,.T.);
#6339=ORIENTED_EDGE('',*,*,#4818,.T.);
#6340=ORIENTED_EDGE('',*,*,#4814,.F.);
#6341=ORIENTED_EDGE('',*,*,#4819,.F.);
#6342=ORIENTED_EDGE('',*,*,#4820,.T.);
#6343=ORIENTED_EDGE('',*,*,#4821,.T.);
#6344=ORIENTED_EDGE('',*,*,#4817,.F.);
#6345=ORIENTED_EDGE('',*,*,#4822,.F.);
#6346=ORIENTED_EDGE('',*,*,#4823,.T.);
#6347=ORIENTED_EDGE('',*,*,#4824,.T.);
#6348=ORIENTED_EDGE('',*,*,#4820,.F.);
#6349=ORIENTED_EDGE('',*,*,#4825,.F.);
#6350=ORIENTED_EDGE('',*,*,#4826,.T.);
#6351=ORIENTED_EDGE('',*,*,#4827,.T.);
#6352=ORIENTED_EDGE('',*,*,#4823,.F.);
#6353=ORIENTED_EDGE('',*,*,#4828,.F.);
#6354=ORIENTED_EDGE('',*,*,#4829,.T.);
#6355=ORIENTED_EDGE('',*,*,#4830,.T.);
#6356=ORIENTED_EDGE('',*,*,#4826,.F.);
#6357=ORIENTED_EDGE('',*,*,#4831,.F.);
#6358=ORIENTED_EDGE('',*,*,#4832,.T.);
#6359=ORIENTED_EDGE('',*,*,#4833,.T.);
#6360=ORIENTED_EDGE('',*,*,#4829,.F.);
#6361=ORIENTED_EDGE('',*,*,#4834,.F.);
#6362=ORIENTED_EDGE('',*,*,#4812,.T.);
#6363=ORIENTED_EDGE('',*,*,#4835,.T.);
#6364=ORIENTED_EDGE('',*,*,#4832,.F.);
#6365=ORIENTED_EDGE('',*,*,#4836,.F.);
#6366=ORIENTED_EDGE('',*,*,#4837,.T.);
#6367=ORIENTED_EDGE('',*,*,#4838,.T.);
#6368=ORIENTED_EDGE('',*,*,#4839,.F.);
#6369=ORIENTED_EDGE('',*,*,#4840,.F.);
#6370=ORIENTED_EDGE('',*,*,#4841,.T.);
#6371=ORIENTED_EDGE('',*,*,#4842,.T.);
#6372=ORIENTED_EDGE('',*,*,#4837,.F.);
#6373=ORIENTED_EDGE('',*,*,#4843,.F.);
#6374=ORIENTED_EDGE('',*,*,#4844,.T.);
#6375=ORIENTED_EDGE('',*,*,#4845,.T.);
#6376=ORIENTED_EDGE('',*,*,#4841,.F.);
#6377=ORIENTED_EDGE('',*,*,#4846,.F.);
#6378=ORIENTED_EDGE('',*,*,#4847,.T.);
#6379=ORIENTED_EDGE('',*,*,#4848,.T.);
#6380=ORIENTED_EDGE('',*,*,#4844,.F.);
#6381=ORIENTED_EDGE('',*,*,#4849,.F.);
#6382=ORIENTED_EDGE('',*,*,#4850,.T.);
#6383=ORIENTED_EDGE('',*,*,#4851,.T.);
#6384=ORIENTED_EDGE('',*,*,#4847,.F.);
#6385=ORIENTED_EDGE('',*,*,#4852,.F.);
#6386=ORIENTED_EDGE('',*,*,#4853,.T.);
#6387=ORIENTED_EDGE('',*,*,#4854,.T.);
#6388=ORIENTED_EDGE('',*,*,#4850,.F.);
#6389=ORIENTED_EDGE('',*,*,#4855,.F.);
#6390=ORIENTED_EDGE('',*,*,#4856,.T.);
#6391=ORIENTED_EDGE('',*,*,#4857,.T.);
#6392=ORIENTED_EDGE('',*,*,#4853,.F.);
#6393=ORIENTED_EDGE('',*,*,#4858,.F.);
#6394=ORIENTED_EDGE('',*,*,#4859,.T.);
#6395=ORIENTED_EDGE('',*,*,#4860,.T.);
#6396=ORIENTED_EDGE('',*,*,#4856,.F.);
#6397=ORIENTED_EDGE('',*,*,#4861,.F.);
#6398=ORIENTED_EDGE('',*,*,#4862,.T.);
#6399=ORIENTED_EDGE('',*,*,#4863,.T.);
#6400=ORIENTED_EDGE('',*,*,#4859,.F.);
#6401=ORIENTED_EDGE('',*,*,#4864,.F.);
#6402=ORIENTED_EDGE('',*,*,#4865,.T.);
#6403=ORIENTED_EDGE('',*,*,#4866,.T.);
#6404=ORIENTED_EDGE('',*,*,#4862,.F.);
#6405=ORIENTED_EDGE('',*,*,#4867,.F.);
#6406=ORIENTED_EDGE('',*,*,#4839,.T.);
#6407=ORIENTED_EDGE('',*,*,#4868,.T.);
#6408=ORIENTED_EDGE('',*,*,#4865,.F.);
#6409=ORIENTED_EDGE('',*,*,#4868,.F.);
#6410=ORIENTED_EDGE('',*,*,#4838,.F.);
#6411=ORIENTED_EDGE('',*,*,#4842,.F.);
#6412=ORIENTED_EDGE('',*,*,#4845,.F.);
#6413=ORIENTED_EDGE('',*,*,#4848,.F.);
#6414=ORIENTED_EDGE('',*,*,#4851,.F.);
#6415=ORIENTED_EDGE('',*,*,#4854,.F.);
#6416=ORIENTED_EDGE('',*,*,#4857,.F.);
#6417=ORIENTED_EDGE('',*,*,#4860,.F.);
#6418=ORIENTED_EDGE('',*,*,#4863,.F.);
#6419=ORIENTED_EDGE('',*,*,#4866,.F.);
#6420=ORIENTED_EDGE('',*,*,#4835,.F.);
#6421=ORIENTED_EDGE('',*,*,#4811,.F.);
#6422=ORIENTED_EDGE('',*,*,#4815,.F.);
#6423=ORIENTED_EDGE('',*,*,#4818,.F.);
#6424=ORIENTED_EDGE('',*,*,#4821,.F.);
#6425=ORIENTED_EDGE('',*,*,#4824,.F.);
#6426=ORIENTED_EDGE('',*,*,#4827,.F.);
#6427=ORIENTED_EDGE('',*,*,#4830,.F.);
#6428=ORIENTED_EDGE('',*,*,#4833,.F.);
#6429=ORIENTED_EDGE('',*,*,#4869,.F.);
#6430=ORIENTED_EDGE('',*,*,#4870,.T.);
#6431=ORIENTED_EDGE('',*,*,#4871,.T.);
#6432=ORIENTED_EDGE('',*,*,#4872,.F.);
#6433=ORIENTED_EDGE('',*,*,#4873,.F.);
#6434=ORIENTED_EDGE('',*,*,#4874,.T.);
#6435=ORIENTED_EDGE('',*,*,#4875,.T.);
#6436=ORIENTED_EDGE('',*,*,#4870,.F.);
#6437=ORIENTED_EDGE('',*,*,#4876,.F.);
#6438=ORIENTED_EDGE('',*,*,#4877,.T.);
#6439=ORIENTED_EDGE('',*,*,#4878,.T.);
#6440=ORIENTED_EDGE('',*,*,#4874,.F.);
#6441=ORIENTED_EDGE('',*,*,#4879,.F.);
#6442=ORIENTED_EDGE('',*,*,#4880,.T.);
#6443=ORIENTED_EDGE('',*,*,#4881,.T.);
#6444=ORIENTED_EDGE('',*,*,#4877,.F.);
#6445=ORIENTED_EDGE('',*,*,#4882,.F.);
#6446=ORIENTED_EDGE('',*,*,#4883,.T.);
#6447=ORIENTED_EDGE('',*,*,#4884,.T.);
#6448=ORIENTED_EDGE('',*,*,#4880,.F.);
#6449=ORIENTED_EDGE('',*,*,#4885,.F.);
#6450=ORIENTED_EDGE('',*,*,#4886,.T.);
#6451=ORIENTED_EDGE('',*,*,#4887,.T.);
#6452=ORIENTED_EDGE('',*,*,#4883,.F.);
#6453=ORIENTED_EDGE('',*,*,#4888,.F.);
#6454=ORIENTED_EDGE('',*,*,#4889,.T.);
#6455=ORIENTED_EDGE('',*,*,#4890,.T.);
#6456=ORIENTED_EDGE('',*,*,#4886,.F.);
#6457=ORIENTED_EDGE('',*,*,#4891,.F.);
#6458=ORIENTED_EDGE('',*,*,#4872,.T.);
#6459=ORIENTED_EDGE('',*,*,#4892,.T.);
#6460=ORIENTED_EDGE('',*,*,#4889,.F.);
#6461=ORIENTED_EDGE('',*,*,#4892,.F.);
#6462=ORIENTED_EDGE('',*,*,#4871,.F.);
#6463=ORIENTED_EDGE('',*,*,#4875,.F.);
#6464=ORIENTED_EDGE('',*,*,#4878,.F.);
#6465=ORIENTED_EDGE('',*,*,#4881,.F.);
#6466=ORIENTED_EDGE('',*,*,#4884,.F.);
#6467=ORIENTED_EDGE('',*,*,#4887,.F.);
#6468=ORIENTED_EDGE('',*,*,#4890,.F.);
#6469=ORIENTED_EDGE('',*,*,#4893,.F.);
#6470=ORIENTED_EDGE('',*,*,#4894,.T.);
#6471=ORIENTED_EDGE('',*,*,#4895,.T.);
#6472=ORIENTED_EDGE('',*,*,#4896,.F.);
#6473=ORIENTED_EDGE('',*,*,#4897,.F.);
#6474=ORIENTED_EDGE('',*,*,#4898,.T.);
#6475=ORIENTED_EDGE('',*,*,#4899,.T.);
#6476=ORIENTED_EDGE('',*,*,#4894,.F.);
#6477=ORIENTED_EDGE('',*,*,#4900,.F.);
#6478=ORIENTED_EDGE('',*,*,#4901,.T.);
#6479=ORIENTED_EDGE('',*,*,#4902,.T.);
#6480=ORIENTED_EDGE('',*,*,#4898,.F.);
#6481=ORIENTED_EDGE('',*,*,#4903,.F.);
#6482=ORIENTED_EDGE('',*,*,#4904,.T.);
#6483=ORIENTED_EDGE('',*,*,#4905,.T.);
#6484=ORIENTED_EDGE('',*,*,#4901,.F.);
#6485=ORIENTED_EDGE('',*,*,#4906,.F.);
#6486=ORIENTED_EDGE('',*,*,#4907,.T.);
#6487=ORIENTED_EDGE('',*,*,#4908,.T.);
#6488=ORIENTED_EDGE('',*,*,#4904,.F.);
#6489=ORIENTED_EDGE('',*,*,#4909,.F.);
#6490=ORIENTED_EDGE('',*,*,#4910,.T.);
#6491=ORIENTED_EDGE('',*,*,#4911,.T.);
#6492=ORIENTED_EDGE('',*,*,#4907,.F.);
#6493=ORIENTED_EDGE('',*,*,#4912,.F.);
#6494=ORIENTED_EDGE('',*,*,#4913,.T.);
#6495=ORIENTED_EDGE('',*,*,#4914,.T.);
#6496=ORIENTED_EDGE('',*,*,#4910,.F.);
#6497=ORIENTED_EDGE('',*,*,#4915,.F.);
#6498=ORIENTED_EDGE('',*,*,#4896,.T.);
#6499=ORIENTED_EDGE('',*,*,#4916,.T.);
#6500=ORIENTED_EDGE('',*,*,#4913,.F.);
#6501=ORIENTED_EDGE('',*,*,#4917,.F.);
#6502=ORIENTED_EDGE('',*,*,#4918,.T.);
#6503=ORIENTED_EDGE('',*,*,#4919,.T.);
#6504=ORIENTED_EDGE('',*,*,#4920,.F.);
#6505=ORIENTED_EDGE('',*,*,#4921,.F.);
#6506=ORIENTED_EDGE('',*,*,#4922,.T.);
#6507=ORIENTED_EDGE('',*,*,#4923,.T.);
#6508=ORIENTED_EDGE('',*,*,#4918,.F.);
#6509=ORIENTED_EDGE('',*,*,#4924,.F.);
#6510=ORIENTED_EDGE('',*,*,#4925,.T.);
#6511=ORIENTED_EDGE('',*,*,#4926,.T.);
#6512=ORIENTED_EDGE('',*,*,#4922,.F.);
#6513=ORIENTED_EDGE('',*,*,#4927,.F.);
#6514=ORIENTED_EDGE('',*,*,#4928,.T.);
#6515=ORIENTED_EDGE('',*,*,#4929,.T.);
#6516=ORIENTED_EDGE('',*,*,#4925,.F.);
#6517=ORIENTED_EDGE('',*,*,#4930,.F.);
#6518=ORIENTED_EDGE('',*,*,#4931,.T.);
#6519=ORIENTED_EDGE('',*,*,#4932,.T.);
#6520=ORIENTED_EDGE('',*,*,#4928,.F.);
#6521=ORIENTED_EDGE('',*,*,#4933,.F.);
#6522=ORIENTED_EDGE('',*,*,#4934,.T.);
#6523=ORIENTED_EDGE('',*,*,#4935,.T.);
#6524=ORIENTED_EDGE('',*,*,#4931,.F.);
#6525=ORIENTED_EDGE('',*,*,#4936,.F.);
#6526=ORIENTED_EDGE('',*,*,#4937,.T.);
#6527=ORIENTED_EDGE('',*,*,#4938,.T.);
#6528=ORIENTED_EDGE('',*,*,#4934,.F.);
#6529=ORIENTED_EDGE('',*,*,#4939,.F.);
#6530=ORIENTED_EDGE('',*,*,#4940,.T.);
#6531=ORIENTED_EDGE('',*,*,#4941,.T.);
#6532=ORIENTED_EDGE('',*,*,#4937,.F.);
#6533=ORIENTED_EDGE('',*,*,#4942,.F.);
#6534=ORIENTED_EDGE('',*,*,#4943,.T.);
#6535=ORIENTED_EDGE('',*,*,#4944,.T.);
#6536=ORIENTED_EDGE('',*,*,#4940,.F.);
#6537=ORIENTED_EDGE('',*,*,#4945,.F.);
#6538=ORIENTED_EDGE('',*,*,#4946,.T.);
#6539=ORIENTED_EDGE('',*,*,#4947,.T.);
#6540=ORIENTED_EDGE('',*,*,#4943,.F.);
#6541=ORIENTED_EDGE('',*,*,#4948,.F.);
#6542=ORIENTED_EDGE('',*,*,#4920,.T.);
#6543=ORIENTED_EDGE('',*,*,#4949,.T.);
#6544=ORIENTED_EDGE('',*,*,#4946,.F.);
#6545=ORIENTED_EDGE('',*,*,#4949,.F.);
#6546=ORIENTED_EDGE('',*,*,#4919,.F.);
#6547=ORIENTED_EDGE('',*,*,#4923,.F.);
#6548=ORIENTED_EDGE('',*,*,#4926,.F.);
#6549=ORIENTED_EDGE('',*,*,#4929,.F.);
#6550=ORIENTED_EDGE('',*,*,#4932,.F.);
#6551=ORIENTED_EDGE('',*,*,#4935,.F.);
#6552=ORIENTED_EDGE('',*,*,#4938,.F.);
#6553=ORIENTED_EDGE('',*,*,#4941,.F.);
#6554=ORIENTED_EDGE('',*,*,#4944,.F.);
#6555=ORIENTED_EDGE('',*,*,#4947,.F.);
#6556=ORIENTED_EDGE('',*,*,#4916,.F.);
#6557=ORIENTED_EDGE('',*,*,#4895,.F.);
#6558=ORIENTED_EDGE('',*,*,#4899,.F.);
#6559=ORIENTED_EDGE('',*,*,#4902,.F.);
#6560=ORIENTED_EDGE('',*,*,#4905,.F.);
#6561=ORIENTED_EDGE('',*,*,#4908,.F.);
#6562=ORIENTED_EDGE('',*,*,#4911,.F.);
#6563=ORIENTED_EDGE('',*,*,#4914,.F.);
#6564=ORIENTED_EDGE('',*,*,#4950,.F.);
#6565=ORIENTED_EDGE('',*,*,#4951,.T.);
#6566=ORIENTED_EDGE('',*,*,#4952,.T.);
#6567=ORIENTED_EDGE('',*,*,#4953,.F.);
#6568=ORIENTED_EDGE('',*,*,#4954,.F.);
#6569=ORIENTED_EDGE('',*,*,#4955,.T.);
#6570=ORIENTED_EDGE('',*,*,#4956,.T.);
#6571=ORIENTED_EDGE('',*,*,#4951,.F.);
#6572=ORIENTED_EDGE('',*,*,#4957,.F.);
#6573=ORIENTED_EDGE('',*,*,#4958,.T.);
#6574=ORIENTED_EDGE('',*,*,#4959,.T.);
#6575=ORIENTED_EDGE('',*,*,#4955,.F.);
#6576=ORIENTED_EDGE('',*,*,#4960,.F.);
#6577=ORIENTED_EDGE('',*,*,#4961,.T.);
#6578=ORIENTED_EDGE('',*,*,#4962,.T.);
#6579=ORIENTED_EDGE('',*,*,#4958,.F.);
#6580=ORIENTED_EDGE('',*,*,#4963,.F.);
#6581=ORIENTED_EDGE('',*,*,#4964,.T.);
#6582=ORIENTED_EDGE('',*,*,#4965,.T.);
#6583=ORIENTED_EDGE('',*,*,#4961,.F.);
#6584=ORIENTED_EDGE('',*,*,#4966,.F.);
#6585=ORIENTED_EDGE('',*,*,#4967,.T.);
#6586=ORIENTED_EDGE('',*,*,#4968,.T.);
#6587=ORIENTED_EDGE('',*,*,#4964,.F.);
#6588=ORIENTED_EDGE('',*,*,#4969,.F.);
#6589=ORIENTED_EDGE('',*,*,#4970,.T.);
#6590=ORIENTED_EDGE('',*,*,#4971,.T.);
#6591=ORIENTED_EDGE('',*,*,#4967,.F.);
#6592=ORIENTED_EDGE('',*,*,#4972,.F.);
#6593=ORIENTED_EDGE('',*,*,#4973,.T.);
#6594=ORIENTED_EDGE('',*,*,#4974,.T.);
#6595=ORIENTED_EDGE('',*,*,#4970,.F.);
#6596=ORIENTED_EDGE('',*,*,#4975,.F.);
#6597=ORIENTED_EDGE('',*,*,#4976,.T.);
#6598=ORIENTED_EDGE('',*,*,#4977,.T.);
#6599=ORIENTED_EDGE('',*,*,#4973,.F.);
#6600=ORIENTED_EDGE('',*,*,#4978,.F.);
#6601=ORIENTED_EDGE('',*,*,#4953,.T.);
#6602=ORIENTED_EDGE('',*,*,#4979,.T.);
#6603=ORIENTED_EDGE('',*,*,#4976,.F.);
#6604=ORIENTED_EDGE('',*,*,#4979,.F.);
#6605=ORIENTED_EDGE('',*,*,#4952,.F.);
#6606=ORIENTED_EDGE('',*,*,#4956,.F.);
#6607=ORIENTED_EDGE('',*,*,#4959,.F.);
#6608=ORIENTED_EDGE('',*,*,#4962,.F.);
#6609=ORIENTED_EDGE('',*,*,#4965,.F.);
#6610=ORIENTED_EDGE('',*,*,#4968,.F.);
#6611=ORIENTED_EDGE('',*,*,#4971,.F.);
#6612=ORIENTED_EDGE('',*,*,#4974,.F.);
#6613=ORIENTED_EDGE('',*,*,#4977,.F.);
#6614=ORIENTED_EDGE('',*,*,#4980,.F.);
#6615=ORIENTED_EDGE('',*,*,#4981,.T.);
#6616=ORIENTED_EDGE('',*,*,#4982,.T.);
#6617=ORIENTED_EDGE('',*,*,#4983,.F.);
#6618=ORIENTED_EDGE('',*,*,#4984,.F.);
#6619=ORIENTED_EDGE('',*,*,#4985,.T.);
#6620=ORIENTED_EDGE('',*,*,#4986,.T.);
#6621=ORIENTED_EDGE('',*,*,#4981,.F.);
#6622=ORIENTED_EDGE('',*,*,#4987,.F.);
#6623=ORIENTED_EDGE('',*,*,#4988,.T.);
#6624=ORIENTED_EDGE('',*,*,#4989,.T.);
#6625=ORIENTED_EDGE('',*,*,#4985,.F.);
#6626=ORIENTED_EDGE('',*,*,#4990,.F.);
#6627=ORIENTED_EDGE('',*,*,#4983,.T.);
#6628=ORIENTED_EDGE('',*,*,#4991,.T.);
#6629=ORIENTED_EDGE('',*,*,#4988,.F.);
#6630=ORIENTED_EDGE('',*,*,#4991,.F.);
#6631=ORIENTED_EDGE('',*,*,#4982,.F.);
#6632=ORIENTED_EDGE('',*,*,#4986,.F.);
#6633=ORIENTED_EDGE('',*,*,#4989,.F.);
#6634=ORIENTED_EDGE('',*,*,#4992,.F.);
#6635=ORIENTED_EDGE('',*,*,#4993,.T.);
#6636=ORIENTED_EDGE('',*,*,#4994,.T.);
#6637=ORIENTED_EDGE('',*,*,#4995,.F.);
#6638=ORIENTED_EDGE('',*,*,#4996,.F.);
#6639=ORIENTED_EDGE('',*,*,#4997,.T.);
#6640=ORIENTED_EDGE('',*,*,#4998,.T.);
#6641=ORIENTED_EDGE('',*,*,#4993,.F.);
#6642=ORIENTED_EDGE('',*,*,#4999,.F.);
#6643=ORIENTED_EDGE('',*,*,#5000,.T.);
#6644=ORIENTED_EDGE('',*,*,#5001,.T.);
#6645=ORIENTED_EDGE('',*,*,#4997,.F.);
#6646=ORIENTED_EDGE('',*,*,#5002,.F.);
#6647=ORIENTED_EDGE('',*,*,#5003,.T.);
#6648=ORIENTED_EDGE('',*,*,#5004,.T.);
#6649=ORIENTED_EDGE('',*,*,#5000,.F.);
#6650=ORIENTED_EDGE('',*,*,#5005,.F.);
#6651=ORIENTED_EDGE('',*,*,#5006,.T.);
#6652=ORIENTED_EDGE('',*,*,#5007,.T.);
#6653=ORIENTED_EDGE('',*,*,#5003,.F.);
#6654=ORIENTED_EDGE('',*,*,#5008,.F.);
#6655=ORIENTED_EDGE('',*,*,#5009,.T.);
#6656=ORIENTED_EDGE('',*,*,#5010,.T.);
#6657=ORIENTED_EDGE('',*,*,#5006,.F.);
#6658=ORIENTED_EDGE('',*,*,#5011,.F.);
#6659=ORIENTED_EDGE('',*,*,#5012,.T.);
#6660=ORIENTED_EDGE('',*,*,#5013,.T.);
#6661=ORIENTED_EDGE('',*,*,#5009,.F.);
#6662=ORIENTED_EDGE('',*,*,#5014,.F.);
#6663=ORIENTED_EDGE('',*,*,#5015,.T.);
#6664=ORIENTED_EDGE('',*,*,#5016,.T.);
#6665=ORIENTED_EDGE('',*,*,#5012,.F.);
#6666=ORIENTED_EDGE('',*,*,#5017,.F.);
#6667=ORIENTED_EDGE('',*,*,#5018,.T.);
#6668=ORIENTED_EDGE('',*,*,#5019,.T.);
#6669=ORIENTED_EDGE('',*,*,#5015,.F.);
#6670=ORIENTED_EDGE('',*,*,#5020,.F.);
#6671=ORIENTED_EDGE('',*,*,#5021,.T.);
#6672=ORIENTED_EDGE('',*,*,#5022,.T.);
#6673=ORIENTED_EDGE('',*,*,#5018,.F.);
#6674=ORIENTED_EDGE('',*,*,#5023,.F.);
#6675=ORIENTED_EDGE('',*,*,#4995,.T.);
#6676=ORIENTED_EDGE('',*,*,#5024,.T.);
#6677=ORIENTED_EDGE('',*,*,#5021,.F.);
#6678=ORIENTED_EDGE('',*,*,#5024,.F.);
#6679=ORIENTED_EDGE('',*,*,#4994,.F.);
#6680=ORIENTED_EDGE('',*,*,#4998,.F.);
#6681=ORIENTED_EDGE('',*,*,#5001,.F.);
#6682=ORIENTED_EDGE('',*,*,#5004,.F.);
#6683=ORIENTED_EDGE('',*,*,#5007,.F.);
#6684=ORIENTED_EDGE('',*,*,#5010,.F.);
#6685=ORIENTED_EDGE('',*,*,#5013,.F.);
#6686=ORIENTED_EDGE('',*,*,#5016,.F.);
#6687=ORIENTED_EDGE('',*,*,#5019,.F.);
#6688=ORIENTED_EDGE('',*,*,#5022,.F.);
#6689=ORIENTED_EDGE('',*,*,#5025,.F.);
#6690=ORIENTED_EDGE('',*,*,#5026,.T.);
#6691=ORIENTED_EDGE('',*,*,#5027,.T.);
#6692=ORIENTED_EDGE('',*,*,#5028,.F.);
#6693=ORIENTED_EDGE('',*,*,#5029,.F.);
#6694=ORIENTED_EDGE('',*,*,#5030,.T.);
#6695=ORIENTED_EDGE('',*,*,#5031,.T.);
#6696=ORIENTED_EDGE('',*,*,#5026,.F.);
#6697=ORIENTED_EDGE('',*,*,#5032,.F.);
#6698=ORIENTED_EDGE('',*,*,#5033,.T.);
#6699=ORIENTED_EDGE('',*,*,#5034,.T.);
#6700=ORIENTED_EDGE('',*,*,#5030,.F.);
#6701=ORIENTED_EDGE('',*,*,#5035,.F.);
#6702=ORIENTED_EDGE('',*,*,#5036,.T.);
#6703=ORIENTED_EDGE('',*,*,#5037,.T.);
#6704=ORIENTED_EDGE('',*,*,#5033,.F.);
#6705=ORIENTED_EDGE('',*,*,#5038,.F.);
#6706=ORIENTED_EDGE('',*,*,#5039,.T.);
#6707=ORIENTED_EDGE('',*,*,#5040,.T.);
#6708=ORIENTED_EDGE('',*,*,#5036,.F.);
#6709=ORIENTED_EDGE('',*,*,#5041,.F.);
#6710=ORIENTED_EDGE('',*,*,#5042,.T.);
#6711=ORIENTED_EDGE('',*,*,#5043,.T.);
#6712=ORIENTED_EDGE('',*,*,#5039,.F.);
#6713=ORIENTED_EDGE('',*,*,#5044,.F.);
#6714=ORIENTED_EDGE('',*,*,#5045,.T.);
#6715=ORIENTED_EDGE('',*,*,#5046,.T.);
#6716=ORIENTED_EDGE('',*,*,#5042,.F.);
#6717=ORIENTED_EDGE('',*,*,#5047,.F.);
#6718=ORIENTED_EDGE('',*,*,#5048,.T.);
#6719=ORIENTED_EDGE('',*,*,#5049,.T.);
#6720=ORIENTED_EDGE('',*,*,#5045,.F.);
#6721=ORIENTED_EDGE('',*,*,#5050,.F.);
#6722=ORIENTED_EDGE('',*,*,#5051,.T.);
#6723=ORIENTED_EDGE('',*,*,#5052,.T.);
#6724=ORIENTED_EDGE('',*,*,#5048,.F.);
#6725=ORIENTED_EDGE('',*,*,#5053,.F.);
#6726=ORIENTED_EDGE('',*,*,#5028,.T.);
#6727=ORIENTED_EDGE('',*,*,#5054,.T.);
#6728=ORIENTED_EDGE('',*,*,#5051,.F.);
#6729=ORIENTED_EDGE('',*,*,#5054,.F.);
#6730=ORIENTED_EDGE('',*,*,#5027,.F.);
#6731=ORIENTED_EDGE('',*,*,#5031,.F.);
#6732=ORIENTED_EDGE('',*,*,#5034,.F.);
#6733=ORIENTED_EDGE('',*,*,#5037,.F.);
#6734=ORIENTED_EDGE('',*,*,#5040,.F.);
#6735=ORIENTED_EDGE('',*,*,#5043,.F.);
#6736=ORIENTED_EDGE('',*,*,#5046,.F.);
#6737=ORIENTED_EDGE('',*,*,#5049,.F.);
#6738=ORIENTED_EDGE('',*,*,#5052,.F.);
#6739=ORIENTED_EDGE('',*,*,#5055,.F.);
#6740=ORIENTED_EDGE('',*,*,#5056,.T.);
#6741=ORIENTED_EDGE('',*,*,#5057,.T.);
#6742=ORIENTED_EDGE('',*,*,#5058,.F.);
#6743=ORIENTED_EDGE('',*,*,#5059,.F.);
#6744=ORIENTED_EDGE('',*,*,#5060,.T.);
#6745=ORIENTED_EDGE('',*,*,#5061,.T.);
#6746=ORIENTED_EDGE('',*,*,#5056,.F.);
#6747=ORIENTED_EDGE('',*,*,#5062,.F.);
#6748=ORIENTED_EDGE('',*,*,#5063,.T.);
#6749=ORIENTED_EDGE('',*,*,#5064,.T.);
#6750=ORIENTED_EDGE('',*,*,#5060,.F.);
#6751=ORIENTED_EDGE('',*,*,#5065,.F.);
#6752=ORIENTED_EDGE('',*,*,#5066,.T.);
#6753=ORIENTED_EDGE('',*,*,#5067,.T.);
#6754=ORIENTED_EDGE('',*,*,#5063,.F.);
#6755=ORIENTED_EDGE('',*,*,#5068,.F.);
#6756=ORIENTED_EDGE('',*,*,#5069,.T.);
#6757=ORIENTED_EDGE('',*,*,#5070,.T.);
#6758=ORIENTED_EDGE('',*,*,#5066,.F.);
#6759=ORIENTED_EDGE('',*,*,#5071,.F.);
#6760=ORIENTED_EDGE('',*,*,#5072,.T.);
#6761=ORIENTED_EDGE('',*,*,#5073,.T.);
#6762=ORIENTED_EDGE('',*,*,#5069,.F.);
#6763=ORIENTED_EDGE('',*,*,#5074,.F.);
#6764=ORIENTED_EDGE('',*,*,#5075,.T.);
#6765=ORIENTED_EDGE('',*,*,#5076,.T.);
#6766=ORIENTED_EDGE('',*,*,#5072,.F.);
#6767=ORIENTED_EDGE('',*,*,#5077,.F.);
#6768=ORIENTED_EDGE('',*,*,#5078,.T.);
#6769=ORIENTED_EDGE('',*,*,#5079,.T.);
#6770=ORIENTED_EDGE('',*,*,#5075,.F.);
#6771=ORIENTED_EDGE('',*,*,#5080,.F.);
#6772=ORIENTED_EDGE('',*,*,#5081,.T.);
#6773=ORIENTED_EDGE('',*,*,#5082,.T.);
#6774=ORIENTED_EDGE('',*,*,#5078,.F.);
#6775=ORIENTED_EDGE('',*,*,#5083,.F.);
#6776=ORIENTED_EDGE('',*,*,#5058,.T.);
#6777=ORIENTED_EDGE('',*,*,#5084,.T.);
#6778=ORIENTED_EDGE('',*,*,#5081,.F.);
#6779=ORIENTED_EDGE('',*,*,#5085,.F.);
#6780=ORIENTED_EDGE('',*,*,#5086,.T.);
#6781=ORIENTED_EDGE('',*,*,#5087,.T.);
#6782=ORIENTED_EDGE('',*,*,#5088,.F.);
#6783=ORIENTED_EDGE('',*,*,#5089,.F.);
#6784=ORIENTED_EDGE('',*,*,#5090,.T.);
#6785=ORIENTED_EDGE('',*,*,#5091,.T.);
#6786=ORIENTED_EDGE('',*,*,#5086,.F.);
#6787=ORIENTED_EDGE('',*,*,#5092,.F.);
#6788=ORIENTED_EDGE('',*,*,#5093,.T.);
#6789=ORIENTED_EDGE('',*,*,#5094,.T.);
#6790=ORIENTED_EDGE('',*,*,#5090,.F.);
#6791=ORIENTED_EDGE('',*,*,#5095,.F.);
#6792=ORIENTED_EDGE('',*,*,#5096,.T.);
#6793=ORIENTED_EDGE('',*,*,#5097,.T.);
#6794=ORIENTED_EDGE('',*,*,#5093,.F.);
#6795=ORIENTED_EDGE('',*,*,#5098,.F.);
#6796=ORIENTED_EDGE('',*,*,#5099,.T.);
#6797=ORIENTED_EDGE('',*,*,#5100,.T.);
#6798=ORIENTED_EDGE('',*,*,#5096,.F.);
#6799=ORIENTED_EDGE('',*,*,#5101,.F.);
#6800=ORIENTED_EDGE('',*,*,#5102,.T.);
#6801=ORIENTED_EDGE('',*,*,#5103,.T.);
#6802=ORIENTED_EDGE('',*,*,#5099,.F.);
#6803=ORIENTED_EDGE('',*,*,#5104,.F.);
#6804=ORIENTED_EDGE('',*,*,#5105,.T.);
#6805=ORIENTED_EDGE('',*,*,#5106,.T.);
#6806=ORIENTED_EDGE('',*,*,#5102,.F.);
#6807=ORIENTED_EDGE('',*,*,#5107,.F.);
#6808=ORIENTED_EDGE('',*,*,#5108,.T.);
#6809=ORIENTED_EDGE('',*,*,#5109,.T.);
#6810=ORIENTED_EDGE('',*,*,#5105,.F.);
#6811=ORIENTED_EDGE('',*,*,#5110,.F.);
#6812=ORIENTED_EDGE('',*,*,#5111,.T.);
#6813=ORIENTED_EDGE('',*,*,#5112,.T.);
#6814=ORIENTED_EDGE('',*,*,#5108,.F.);
#6815=ORIENTED_EDGE('',*,*,#5113,.F.);
#6816=ORIENTED_EDGE('',*,*,#5114,.T.);
#6817=ORIENTED_EDGE('',*,*,#5115,.T.);
#6818=ORIENTED_EDGE('',*,*,#5111,.F.);
#6819=ORIENTED_EDGE('',*,*,#5116,.F.);
#6820=ORIENTED_EDGE('',*,*,#5117,.T.);
#6821=ORIENTED_EDGE('',*,*,#5118,.T.);
#6822=ORIENTED_EDGE('',*,*,#5114,.F.);
#6823=ORIENTED_EDGE('',*,*,#5119,.F.);
#6824=ORIENTED_EDGE('',*,*,#5088,.T.);
#6825=ORIENTED_EDGE('',*,*,#5120,.T.);
#6826=ORIENTED_EDGE('',*,*,#5117,.F.);
#6827=ORIENTED_EDGE('',*,*,#5120,.F.);
#6828=ORIENTED_EDGE('',*,*,#5087,.F.);
#6829=ORIENTED_EDGE('',*,*,#5091,.F.);
#6830=ORIENTED_EDGE('',*,*,#5094,.F.);
#6831=ORIENTED_EDGE('',*,*,#5097,.F.);
#6832=ORIENTED_EDGE('',*,*,#5100,.F.);
#6833=ORIENTED_EDGE('',*,*,#5103,.F.);
#6834=ORIENTED_EDGE('',*,*,#5106,.F.);
#6835=ORIENTED_EDGE('',*,*,#5109,.F.);
#6836=ORIENTED_EDGE('',*,*,#5112,.F.);
#6837=ORIENTED_EDGE('',*,*,#5115,.F.);
#6838=ORIENTED_EDGE('',*,*,#5118,.F.);
#6839=ORIENTED_EDGE('',*,*,#5084,.F.);
#6840=ORIENTED_EDGE('',*,*,#5057,.F.);
#6841=ORIENTED_EDGE('',*,*,#5061,.F.);
#6842=ORIENTED_EDGE('',*,*,#5064,.F.);
#6843=ORIENTED_EDGE('',*,*,#5067,.F.);
#6844=ORIENTED_EDGE('',*,*,#5070,.F.);
#6845=ORIENTED_EDGE('',*,*,#5073,.F.);
#6846=ORIENTED_EDGE('',*,*,#5076,.F.);
#6847=ORIENTED_EDGE('',*,*,#5079,.F.);
#6848=ORIENTED_EDGE('',*,*,#5082,.F.);
#6849=ORIENTED_EDGE('',*,*,#5121,.F.);
#6850=ORIENTED_EDGE('',*,*,#5122,.T.);
#6851=ORIENTED_EDGE('',*,*,#5123,.T.);
#6852=ORIENTED_EDGE('',*,*,#5124,.F.);
#6853=ORIENTED_EDGE('',*,*,#5125,.F.);
#6854=ORIENTED_EDGE('',*,*,#5126,.T.);
#6855=ORIENTED_EDGE('',*,*,#5127,.T.);
#6856=ORIENTED_EDGE('',*,*,#5122,.F.);
#6857=ORIENTED_EDGE('',*,*,#5128,.F.);
#6858=ORIENTED_EDGE('',*,*,#5129,.T.);
#6859=ORIENTED_EDGE('',*,*,#5130,.T.);
#6860=ORIENTED_EDGE('',*,*,#5126,.F.);
#6861=ORIENTED_EDGE('',*,*,#5131,.F.);
#6862=ORIENTED_EDGE('',*,*,#5132,.T.);
#6863=ORIENTED_EDGE('',*,*,#5133,.T.);
#6864=ORIENTED_EDGE('',*,*,#5129,.F.);
#6865=ORIENTED_EDGE('',*,*,#5134,.F.);
#6866=ORIENTED_EDGE('',*,*,#5135,.T.);
#6867=ORIENTED_EDGE('',*,*,#5136,.T.);
#6868=ORIENTED_EDGE('',*,*,#5132,.F.);
#6869=ORIENTED_EDGE('',*,*,#5137,.F.);
#6870=ORIENTED_EDGE('',*,*,#5138,.T.);
#6871=ORIENTED_EDGE('',*,*,#5139,.T.);
#6872=ORIENTED_EDGE('',*,*,#5135,.F.);
#6873=ORIENTED_EDGE('',*,*,#5140,.F.);
#6874=ORIENTED_EDGE('',*,*,#5141,.T.);
#6875=ORIENTED_EDGE('',*,*,#5142,.T.);
#6876=ORIENTED_EDGE('',*,*,#5138,.F.);
#6877=ORIENTED_EDGE('',*,*,#5143,.F.);
#6878=ORIENTED_EDGE('',*,*,#5124,.T.);
#6879=ORIENTED_EDGE('',*,*,#5144,.T.);
#6880=ORIENTED_EDGE('',*,*,#5141,.F.);
#6881=ORIENTED_EDGE('',*,*,#5145,.F.);
#6882=ORIENTED_EDGE('',*,*,#5146,.T.);
#6883=ORIENTED_EDGE('',*,*,#5147,.T.);
#6884=ORIENTED_EDGE('',*,*,#5148,.F.);
#6885=ORIENTED_EDGE('',*,*,#5149,.F.);
#6886=ORIENTED_EDGE('',*,*,#5150,.T.);
#6887=ORIENTED_EDGE('',*,*,#5151,.T.);
#6888=ORIENTED_EDGE('',*,*,#5146,.F.);
#6889=ORIENTED_EDGE('',*,*,#5152,.F.);
#6890=ORIENTED_EDGE('',*,*,#5153,.T.);
#6891=ORIENTED_EDGE('',*,*,#5154,.T.);
#6892=ORIENTED_EDGE('',*,*,#5150,.F.);
#6893=ORIENTED_EDGE('',*,*,#5155,.F.);
#6894=ORIENTED_EDGE('',*,*,#5156,.T.);
#6895=ORIENTED_EDGE('',*,*,#5157,.T.);
#6896=ORIENTED_EDGE('',*,*,#5153,.F.);
#6897=ORIENTED_EDGE('',*,*,#5158,.F.);
#6898=ORIENTED_EDGE('',*,*,#5159,.T.);
#6899=ORIENTED_EDGE('',*,*,#5160,.T.);
#6900=ORIENTED_EDGE('',*,*,#5156,.F.);
#6901=ORIENTED_EDGE('',*,*,#5161,.F.);
#6902=ORIENTED_EDGE('',*,*,#5162,.T.);
#6903=ORIENTED_EDGE('',*,*,#5163,.T.);
#6904=ORIENTED_EDGE('',*,*,#5159,.F.);
#6905=ORIENTED_EDGE('',*,*,#5164,.F.);
#6906=ORIENTED_EDGE('',*,*,#5165,.T.);
#6907=ORIENTED_EDGE('',*,*,#5166,.T.);
#6908=ORIENTED_EDGE('',*,*,#5162,.F.);
#6909=ORIENTED_EDGE('',*,*,#5167,.F.);
#6910=ORIENTED_EDGE('',*,*,#5168,.T.);
#6911=ORIENTED_EDGE('',*,*,#5169,.T.);
#6912=ORIENTED_EDGE('',*,*,#5165,.F.);
#6913=ORIENTED_EDGE('',*,*,#5170,.F.);
#6914=ORIENTED_EDGE('',*,*,#5171,.T.);
#6915=ORIENTED_EDGE('',*,*,#5172,.T.);
#6916=ORIENTED_EDGE('',*,*,#5168,.F.);
#6917=ORIENTED_EDGE('',*,*,#5173,.F.);
#6918=ORIENTED_EDGE('',*,*,#5174,.T.);
#6919=ORIENTED_EDGE('',*,*,#5175,.T.);
#6920=ORIENTED_EDGE('',*,*,#5171,.F.);
#6921=ORIENTED_EDGE('',*,*,#5176,.F.);
#6922=ORIENTED_EDGE('',*,*,#5177,.T.);
#6923=ORIENTED_EDGE('',*,*,#5178,.T.);
#6924=ORIENTED_EDGE('',*,*,#5174,.F.);
#6925=ORIENTED_EDGE('',*,*,#5179,.F.);
#6926=ORIENTED_EDGE('',*,*,#5180,.T.);
#6927=ORIENTED_EDGE('',*,*,#5181,.T.);
#6928=ORIENTED_EDGE('',*,*,#5177,.F.);
#6929=ORIENTED_EDGE('',*,*,#5182,.F.);
#6930=ORIENTED_EDGE('',*,*,#5183,.T.);
#6931=ORIENTED_EDGE('',*,*,#5184,.T.);
#6932=ORIENTED_EDGE('',*,*,#5180,.F.);
#6933=ORIENTED_EDGE('',*,*,#5185,.F.);
#6934=ORIENTED_EDGE('',*,*,#5186,.T.);
#6935=ORIENTED_EDGE('',*,*,#5187,.T.);
#6936=ORIENTED_EDGE('',*,*,#5183,.F.);
#6937=ORIENTED_EDGE('',*,*,#5188,.F.);
#6938=ORIENTED_EDGE('',*,*,#5189,.T.);
#6939=ORIENTED_EDGE('',*,*,#5190,.T.);
#6940=ORIENTED_EDGE('',*,*,#5186,.F.);
#6941=ORIENTED_EDGE('',*,*,#5191,.F.);
#6942=ORIENTED_EDGE('',*,*,#5192,.T.);
#6943=ORIENTED_EDGE('',*,*,#5193,.T.);
#6944=ORIENTED_EDGE('',*,*,#5189,.F.);
#6945=ORIENTED_EDGE('',*,*,#5194,.F.);
#6946=ORIENTED_EDGE('',*,*,#5195,.T.);
#6947=ORIENTED_EDGE('',*,*,#5196,.T.);
#6948=ORIENTED_EDGE('',*,*,#5192,.F.);
#6949=ORIENTED_EDGE('',*,*,#5197,.F.);
#6950=ORIENTED_EDGE('',*,*,#5198,.T.);
#6951=ORIENTED_EDGE('',*,*,#5199,.T.);
#6952=ORIENTED_EDGE('',*,*,#5195,.F.);
#6953=ORIENTED_EDGE('',*,*,#5200,.F.);
#6954=ORIENTED_EDGE('',*,*,#5148,.T.);
#6955=ORIENTED_EDGE('',*,*,#5201,.T.);
#6956=ORIENTED_EDGE('',*,*,#5198,.F.);
#6957=ORIENTED_EDGE('',*,*,#5201,.F.);
#6958=ORIENTED_EDGE('',*,*,#5147,.F.);
#6959=ORIENTED_EDGE('',*,*,#5151,.F.);
#6960=ORIENTED_EDGE('',*,*,#5154,.F.);
#6961=ORIENTED_EDGE('',*,*,#5157,.F.);
#6962=ORIENTED_EDGE('',*,*,#5160,.F.);
#6963=ORIENTED_EDGE('',*,*,#5163,.F.);
#6964=ORIENTED_EDGE('',*,*,#5166,.F.);
#6965=ORIENTED_EDGE('',*,*,#5169,.F.);
#6966=ORIENTED_EDGE('',*,*,#5172,.F.);
#6967=ORIENTED_EDGE('',*,*,#5175,.F.);
#6968=ORIENTED_EDGE('',*,*,#5178,.F.);
#6969=ORIENTED_EDGE('',*,*,#5181,.F.);
#6970=ORIENTED_EDGE('',*,*,#5184,.F.);
#6971=ORIENTED_EDGE('',*,*,#5187,.F.);
#6972=ORIENTED_EDGE('',*,*,#5190,.F.);
#6973=ORIENTED_EDGE('',*,*,#5193,.F.);
#6974=ORIENTED_EDGE('',*,*,#5196,.F.);
#6975=ORIENTED_EDGE('',*,*,#5199,.F.);
#6976=ORIENTED_EDGE('',*,*,#5144,.F.);
#6977=ORIENTED_EDGE('',*,*,#5123,.F.);
#6978=ORIENTED_EDGE('',*,*,#5127,.F.);
#6979=ORIENTED_EDGE('',*,*,#5130,.F.);
#6980=ORIENTED_EDGE('',*,*,#5133,.F.);
#6981=ORIENTED_EDGE('',*,*,#5136,.F.);
#6982=ORIENTED_EDGE('',*,*,#5139,.F.);
#6983=ORIENTED_EDGE('',*,*,#5142,.F.);
#6984=ORIENTED_EDGE('',*,*,#5202,.F.);
#6985=ORIENTED_EDGE('',*,*,#5203,.T.);
#6986=ORIENTED_EDGE('',*,*,#5204,.T.);
#6987=ORIENTED_EDGE('',*,*,#5205,.F.);
#6988=ORIENTED_EDGE('',*,*,#5206,.F.);
#6989=ORIENTED_EDGE('',*,*,#5207,.T.);
#6990=ORIENTED_EDGE('',*,*,#5208,.T.);
#6991=ORIENTED_EDGE('',*,*,#5203,.F.);
#6992=ORIENTED_EDGE('',*,*,#5209,.F.);
#6993=ORIENTED_EDGE('',*,*,#5210,.T.);
#6994=ORIENTED_EDGE('',*,*,#5211,.T.);
#6995=ORIENTED_EDGE('',*,*,#5207,.F.);
#6996=ORIENTED_EDGE('',*,*,#5212,.F.);
#6997=ORIENTED_EDGE('',*,*,#5213,.T.);
#6998=ORIENTED_EDGE('',*,*,#5214,.T.);
#6999=ORIENTED_EDGE('',*,*,#5210,.F.);
#7000=ORIENTED_EDGE('',*,*,#5215,.F.);
#7001=ORIENTED_EDGE('',*,*,#5216,.T.);
#7002=ORIENTED_EDGE('',*,*,#5217,.T.);
#7003=ORIENTED_EDGE('',*,*,#5213,.F.);
#7004=ORIENTED_EDGE('',*,*,#5218,.F.);
#7005=ORIENTED_EDGE('',*,*,#5219,.T.);
#7006=ORIENTED_EDGE('',*,*,#5220,.T.);
#7007=ORIENTED_EDGE('',*,*,#5216,.F.);
#7008=ORIENTED_EDGE('',*,*,#5221,.F.);
#7009=ORIENTED_EDGE('',*,*,#5222,.T.);
#7010=ORIENTED_EDGE('',*,*,#5223,.T.);
#7011=ORIENTED_EDGE('',*,*,#5219,.F.);
#7012=ORIENTED_EDGE('',*,*,#5224,.F.);
#7013=ORIENTED_EDGE('',*,*,#5225,.T.);
#7014=ORIENTED_EDGE('',*,*,#5226,.T.);
#7015=ORIENTED_EDGE('',*,*,#5222,.F.);
#7016=ORIENTED_EDGE('',*,*,#5227,.F.);
#7017=ORIENTED_EDGE('',*,*,#5205,.T.);
#7018=ORIENTED_EDGE('',*,*,#5228,.T.);
#7019=ORIENTED_EDGE('',*,*,#5225,.F.);
#7020=ORIENTED_EDGE('',*,*,#5229,.F.);
#7021=ORIENTED_EDGE('',*,*,#5230,.T.);
#7022=ORIENTED_EDGE('',*,*,#5231,.T.);
#7023=ORIENTED_EDGE('',*,*,#5232,.F.);
#7024=ORIENTED_EDGE('',*,*,#5233,.F.);
#7025=ORIENTED_EDGE('',*,*,#5234,.T.);
#7026=ORIENTED_EDGE('',*,*,#5235,.T.);
#7027=ORIENTED_EDGE('',*,*,#5230,.F.);
#7028=ORIENTED_EDGE('',*,*,#5236,.F.);
#7029=ORIENTED_EDGE('',*,*,#5237,.T.);
#7030=ORIENTED_EDGE('',*,*,#5238,.T.);
#7031=ORIENTED_EDGE('',*,*,#5234,.F.);
#7032=ORIENTED_EDGE('',*,*,#5239,.F.);
#7033=ORIENTED_EDGE('',*,*,#5240,.T.);
#7034=ORIENTED_EDGE('',*,*,#5241,.T.);
#7035=ORIENTED_EDGE('',*,*,#5237,.F.);
#7036=ORIENTED_EDGE('',*,*,#5242,.F.);
#7037=ORIENTED_EDGE('',*,*,#5243,.T.);
#7038=ORIENTED_EDGE('',*,*,#5244,.T.);
#7039=ORIENTED_EDGE('',*,*,#5240,.F.);
#7040=ORIENTED_EDGE('',*,*,#5245,.F.);
#7041=ORIENTED_EDGE('',*,*,#5246,.T.);
#7042=ORIENTED_EDGE('',*,*,#5247,.T.);
#7043=ORIENTED_EDGE('',*,*,#5243,.F.);
#7044=ORIENTED_EDGE('',*,*,#5248,.F.);
#7045=ORIENTED_EDGE('',*,*,#5249,.T.);
#7046=ORIENTED_EDGE('',*,*,#5250,.T.);
#7047=ORIENTED_EDGE('',*,*,#5246,.F.);
#7048=ORIENTED_EDGE('',*,*,#5251,.F.);
#7049=ORIENTED_EDGE('',*,*,#5252,.T.);
#7050=ORIENTED_EDGE('',*,*,#5253,.T.);
#7051=ORIENTED_EDGE('',*,*,#5249,.F.);
#7052=ORIENTED_EDGE('',*,*,#5254,.F.);
#7053=ORIENTED_EDGE('',*,*,#5255,.T.);
#7054=ORIENTED_EDGE('',*,*,#5256,.T.);
#7055=ORIENTED_EDGE('',*,*,#5252,.F.);
#7056=ORIENTED_EDGE('',*,*,#5257,.F.);
#7057=ORIENTED_EDGE('',*,*,#5258,.T.);
#7058=ORIENTED_EDGE('',*,*,#5259,.T.);
#7059=ORIENTED_EDGE('',*,*,#5255,.F.);
#7060=ORIENTED_EDGE('',*,*,#5260,.F.);
#7061=ORIENTED_EDGE('',*,*,#5232,.T.);
#7062=ORIENTED_EDGE('',*,*,#5261,.T.);
#7063=ORIENTED_EDGE('',*,*,#5258,.F.);
#7064=ORIENTED_EDGE('',*,*,#5261,.F.);
#7065=ORIENTED_EDGE('',*,*,#5231,.F.);
#7066=ORIENTED_EDGE('',*,*,#5235,.F.);
#7067=ORIENTED_EDGE('',*,*,#5238,.F.);
#7068=ORIENTED_EDGE('',*,*,#5241,.F.);
#7069=ORIENTED_EDGE('',*,*,#5244,.F.);
#7070=ORIENTED_EDGE('',*,*,#5247,.F.);
#7071=ORIENTED_EDGE('',*,*,#5250,.F.);
#7072=ORIENTED_EDGE('',*,*,#5253,.F.);
#7073=ORIENTED_EDGE('',*,*,#5256,.F.);
#7074=ORIENTED_EDGE('',*,*,#5259,.F.);
#7075=ORIENTED_EDGE('',*,*,#5228,.F.);
#7076=ORIENTED_EDGE('',*,*,#5204,.F.);
#7077=ORIENTED_EDGE('',*,*,#5208,.F.);
#7078=ORIENTED_EDGE('',*,*,#5211,.F.);
#7079=ORIENTED_EDGE('',*,*,#5214,.F.);
#7080=ORIENTED_EDGE('',*,*,#5217,.F.);
#7081=ORIENTED_EDGE('',*,*,#5220,.F.);
#7082=ORIENTED_EDGE('',*,*,#5223,.F.);
#7083=ORIENTED_EDGE('',*,*,#5226,.F.);
#7084=ORIENTED_EDGE('',*,*,#5262,.F.);
#7085=ORIENTED_EDGE('',*,*,#5263,.T.);
#7086=ORIENTED_EDGE('',*,*,#5264,.T.);
#7087=ORIENTED_EDGE('',*,*,#5265,.F.);
#7088=ORIENTED_EDGE('',*,*,#5266,.F.);
#7089=ORIENTED_EDGE('',*,*,#5267,.T.);
#7090=ORIENTED_EDGE('',*,*,#5268,.T.);
#7091=ORIENTED_EDGE('',*,*,#5263,.F.);
#7092=ORIENTED_EDGE('',*,*,#5269,.F.);
#7093=ORIENTED_EDGE('',*,*,#5270,.T.);
#7094=ORIENTED_EDGE('',*,*,#5271,.T.);
#7095=ORIENTED_EDGE('',*,*,#5267,.F.);
#7096=ORIENTED_EDGE('',*,*,#5272,.F.);
#7097=ORIENTED_EDGE('',*,*,#5273,.T.);
#7098=ORIENTED_EDGE('',*,*,#5274,.T.);
#7099=ORIENTED_EDGE('',*,*,#5270,.F.);
#7100=ORIENTED_EDGE('',*,*,#5275,.F.);
#7101=ORIENTED_EDGE('',*,*,#5276,.T.);
#7102=ORIENTED_EDGE('',*,*,#5277,.T.);
#7103=ORIENTED_EDGE('',*,*,#5273,.F.);
#7104=ORIENTED_EDGE('',*,*,#5278,.F.);
#7105=ORIENTED_EDGE('',*,*,#5279,.T.);
#7106=ORIENTED_EDGE('',*,*,#5280,.T.);
#7107=ORIENTED_EDGE('',*,*,#5276,.F.);
#7108=ORIENTED_EDGE('',*,*,#5281,.F.);
#7109=ORIENTED_EDGE('',*,*,#5282,.T.);
#7110=ORIENTED_EDGE('',*,*,#5283,.T.);
#7111=ORIENTED_EDGE('',*,*,#5279,.F.);
#7112=ORIENTED_EDGE('',*,*,#5284,.F.);
#7113=ORIENTED_EDGE('',*,*,#5285,.T.);
#7114=ORIENTED_EDGE('',*,*,#5286,.T.);
#7115=ORIENTED_EDGE('',*,*,#5282,.F.);
#7116=ORIENTED_EDGE('',*,*,#5287,.F.);
#7117=ORIENTED_EDGE('',*,*,#5288,.T.);
#7118=ORIENTED_EDGE('',*,*,#5289,.T.);
#7119=ORIENTED_EDGE('',*,*,#5285,.F.);
#7120=ORIENTED_EDGE('',*,*,#5290,.F.);
#7121=ORIENTED_EDGE('',*,*,#5291,.T.);
#7122=ORIENTED_EDGE('',*,*,#5292,.T.);
#7123=ORIENTED_EDGE('',*,*,#5288,.F.);
#7124=ORIENTED_EDGE('',*,*,#5293,.F.);
#7125=ORIENTED_EDGE('',*,*,#5294,.T.);
#7126=ORIENTED_EDGE('',*,*,#5295,.T.);
#7127=ORIENTED_EDGE('',*,*,#5291,.F.);
#7128=ORIENTED_EDGE('',*,*,#5296,.F.);
#7129=ORIENTED_EDGE('',*,*,#5297,.T.);
#7130=ORIENTED_EDGE('',*,*,#5298,.T.);
#7131=ORIENTED_EDGE('',*,*,#5294,.F.);
#7132=ORIENTED_EDGE('',*,*,#5299,.F.);
#7133=ORIENTED_EDGE('',*,*,#5300,.T.);
#7134=ORIENTED_EDGE('',*,*,#5301,.T.);
#7135=ORIENTED_EDGE('',*,*,#5297,.F.);
#7136=ORIENTED_EDGE('',*,*,#5302,.F.);
#7137=ORIENTED_EDGE('',*,*,#5303,.T.);
#7138=ORIENTED_EDGE('',*,*,#5304,.T.);
#7139=ORIENTED_EDGE('',*,*,#5300,.F.);
#7140=ORIENTED_EDGE('',*,*,#5305,.F.);
#7141=ORIENTED_EDGE('',*,*,#5306,.T.);
#7142=ORIENTED_EDGE('',*,*,#5307,.T.);
#7143=ORIENTED_EDGE('',*,*,#5303,.F.);
#7144=ORIENTED_EDGE('',*,*,#5308,.F.);
#7145=ORIENTED_EDGE('',*,*,#5309,.T.);
#7146=ORIENTED_EDGE('',*,*,#5310,.T.);
#7147=ORIENTED_EDGE('',*,*,#5306,.F.);
#7148=ORIENTED_EDGE('',*,*,#5311,.F.);
#7149=ORIENTED_EDGE('',*,*,#5312,.T.);
#7150=ORIENTED_EDGE('',*,*,#5313,.T.);
#7151=ORIENTED_EDGE('',*,*,#5309,.F.);
#7152=ORIENTED_EDGE('',*,*,#5314,.F.);
#7153=ORIENTED_EDGE('',*,*,#5315,.T.);
#7154=ORIENTED_EDGE('',*,*,#5316,.T.);
#7155=ORIENTED_EDGE('',*,*,#5312,.F.);
#7156=ORIENTED_EDGE('',*,*,#5317,.F.);
#7157=ORIENTED_EDGE('',*,*,#5318,.T.);
#7158=ORIENTED_EDGE('',*,*,#5319,.T.);
#7159=ORIENTED_EDGE('',*,*,#5315,.F.);
#7160=ORIENTED_EDGE('',*,*,#5320,.F.);
#7161=ORIENTED_EDGE('',*,*,#5321,.T.);
#7162=ORIENTED_EDGE('',*,*,#5322,.T.);
#7163=ORIENTED_EDGE('',*,*,#5318,.F.);
#7164=ORIENTED_EDGE('',*,*,#5323,.F.);
#7165=ORIENTED_EDGE('',*,*,#5324,.T.);
#7166=ORIENTED_EDGE('',*,*,#5325,.T.);
#7167=ORIENTED_EDGE('',*,*,#5321,.F.);
#7168=ORIENTED_EDGE('',*,*,#5326,.F.);
#7169=ORIENTED_EDGE('',*,*,#5327,.T.);
#7170=ORIENTED_EDGE('',*,*,#5328,.T.);
#7171=ORIENTED_EDGE('',*,*,#5324,.F.);
#7172=ORIENTED_EDGE('',*,*,#5329,.F.);
#7173=ORIENTED_EDGE('',*,*,#5330,.T.);
#7174=ORIENTED_EDGE('',*,*,#5331,.T.);
#7175=ORIENTED_EDGE('',*,*,#5327,.F.);
#7176=ORIENTED_EDGE('',*,*,#5332,.F.);
#7177=ORIENTED_EDGE('',*,*,#5333,.T.);
#7178=ORIENTED_EDGE('',*,*,#5334,.T.);
#7179=ORIENTED_EDGE('',*,*,#5330,.F.);
#7180=ORIENTED_EDGE('',*,*,#5335,.F.);
#7181=ORIENTED_EDGE('',*,*,#5336,.T.);
#7182=ORIENTED_EDGE('',*,*,#5337,.T.);
#7183=ORIENTED_EDGE('',*,*,#5333,.F.);
#7184=ORIENTED_EDGE('',*,*,#5338,.F.);
#7185=ORIENTED_EDGE('',*,*,#5339,.T.);
#7186=ORIENTED_EDGE('',*,*,#5340,.T.);
#7187=ORIENTED_EDGE('',*,*,#5336,.F.);
#7188=ORIENTED_EDGE('',*,*,#5341,.F.);
#7189=ORIENTED_EDGE('',*,*,#5342,.T.);
#7190=ORIENTED_EDGE('',*,*,#5343,.T.);
#7191=ORIENTED_EDGE('',*,*,#5339,.F.);
#7192=ORIENTED_EDGE('',*,*,#5344,.F.);
#7193=ORIENTED_EDGE('',*,*,#5345,.T.);
#7194=ORIENTED_EDGE('',*,*,#5346,.T.);
#7195=ORIENTED_EDGE('',*,*,#5342,.F.);
#7196=ORIENTED_EDGE('',*,*,#5347,.F.);
#7197=ORIENTED_EDGE('',*,*,#5348,.T.);
#7198=ORIENTED_EDGE('',*,*,#5349,.T.);
#7199=ORIENTED_EDGE('',*,*,#5345,.F.);
#7200=ORIENTED_EDGE('',*,*,#5350,.F.);
#7201=ORIENTED_EDGE('',*,*,#5351,.T.);
#7202=ORIENTED_EDGE('',*,*,#5352,.T.);
#7203=ORIENTED_EDGE('',*,*,#5348,.F.);
#7204=ORIENTED_EDGE('',*,*,#5353,.F.);
#7205=ORIENTED_EDGE('',*,*,#5354,.T.);
#7206=ORIENTED_EDGE('',*,*,#5355,.T.);
#7207=ORIENTED_EDGE('',*,*,#5351,.F.);
#7208=ORIENTED_EDGE('',*,*,#5356,.F.);
#7209=ORIENTED_EDGE('',*,*,#5357,.T.);
#7210=ORIENTED_EDGE('',*,*,#5358,.T.);
#7211=ORIENTED_EDGE('',*,*,#5354,.F.);
#7212=ORIENTED_EDGE('',*,*,#5359,.F.);
#7213=ORIENTED_EDGE('',*,*,#5360,.T.);
#7214=ORIENTED_EDGE('',*,*,#5361,.T.);
#7215=ORIENTED_EDGE('',*,*,#5357,.F.);
#7216=ORIENTED_EDGE('',*,*,#5362,.F.);
#7217=ORIENTED_EDGE('',*,*,#5363,.T.);
#7218=ORIENTED_EDGE('',*,*,#5364,.T.);
#7219=ORIENTED_EDGE('',*,*,#5360,.F.);
#7220=ORIENTED_EDGE('',*,*,#5365,.F.);
#7221=ORIENTED_EDGE('',*,*,#5265,.T.);
#7222=ORIENTED_EDGE('',*,*,#5366,.T.);
#7223=ORIENTED_EDGE('',*,*,#5363,.F.);
#7224=ORIENTED_EDGE('',*,*,#5366,.F.);
#7225=ORIENTED_EDGE('',*,*,#5264,.F.);
#7226=ORIENTED_EDGE('',*,*,#5268,.F.);
#7227=ORIENTED_EDGE('',*,*,#5271,.F.);
#7228=ORIENTED_EDGE('',*,*,#5274,.F.);
#7229=ORIENTED_EDGE('',*,*,#5277,.F.);
#7230=ORIENTED_EDGE('',*,*,#5280,.F.);
#7231=ORIENTED_EDGE('',*,*,#5283,.F.);
#7232=ORIENTED_EDGE('',*,*,#5286,.F.);
#7233=ORIENTED_EDGE('',*,*,#5289,.F.);
#7234=ORIENTED_EDGE('',*,*,#5292,.F.);
#7235=ORIENTED_EDGE('',*,*,#5295,.F.);
#7236=ORIENTED_EDGE('',*,*,#5298,.F.);
#7237=ORIENTED_EDGE('',*,*,#5301,.F.);
#7238=ORIENTED_EDGE('',*,*,#5304,.F.);
#7239=ORIENTED_EDGE('',*,*,#5307,.F.);
#7240=ORIENTED_EDGE('',*,*,#5310,.F.);
#7241=ORIENTED_EDGE('',*,*,#5313,.F.);
#7242=ORIENTED_EDGE('',*,*,#5316,.F.);
#7243=ORIENTED_EDGE('',*,*,#5319,.F.);
#7244=ORIENTED_EDGE('',*,*,#5322,.F.);
#7245=ORIENTED_EDGE('',*,*,#5325,.F.);
#7246=ORIENTED_EDGE('',*,*,#5328,.F.);
#7247=ORIENTED_EDGE('',*,*,#5331,.F.);
#7248=ORIENTED_EDGE('',*,*,#5334,.F.);
#7249=ORIENTED_EDGE('',*,*,#5337,.F.);
#7250=ORIENTED_EDGE('',*,*,#5340,.F.);
#7251=ORIENTED_EDGE('',*,*,#5343,.F.);
#7252=ORIENTED_EDGE('',*,*,#5346,.F.);
#7253=ORIENTED_EDGE('',*,*,#5349,.F.);
#7254=ORIENTED_EDGE('',*,*,#5352,.F.);
#7255=ORIENTED_EDGE('',*,*,#5355,.F.);
#7256=ORIENTED_EDGE('',*,*,#5358,.F.);
#7257=ORIENTED_EDGE('',*,*,#5361,.F.);
#7258=ORIENTED_EDGE('',*,*,#5364,.F.);
#7259=ORIENTED_EDGE('',*,*,#5367,.F.);
#7260=ORIENTED_EDGE('',*,*,#5368,.T.);
#7261=ORIENTED_EDGE('',*,*,#5369,.T.);
#7262=ORIENTED_EDGE('',*,*,#5370,.F.);
#7263=ORIENTED_EDGE('',*,*,#5371,.F.);
#7264=ORIENTED_EDGE('',*,*,#5372,.T.);
#7265=ORIENTED_EDGE('',*,*,#5373,.T.);
#7266=ORIENTED_EDGE('',*,*,#5368,.F.);
#7267=ORIENTED_EDGE('',*,*,#5374,.F.);
#7268=ORIENTED_EDGE('',*,*,#5375,.T.);
#7269=ORIENTED_EDGE('',*,*,#5376,.T.);
#7270=ORIENTED_EDGE('',*,*,#5372,.F.);
#7271=ORIENTED_EDGE('',*,*,#5377,.F.);
#7272=ORIENTED_EDGE('',*,*,#5378,.T.);
#7273=ORIENTED_EDGE('',*,*,#5379,.T.);
#7274=ORIENTED_EDGE('',*,*,#5375,.F.);
#7275=ORIENTED_EDGE('',*,*,#5380,.F.);
#7276=ORIENTED_EDGE('',*,*,#5370,.T.);
#7277=ORIENTED_EDGE('',*,*,#5381,.T.);
#7278=ORIENTED_EDGE('',*,*,#5378,.F.);
#7279=ORIENTED_EDGE('',*,*,#5382,.F.);
#7280=ORIENTED_EDGE('',*,*,#5383,.T.);
#7281=ORIENTED_EDGE('',*,*,#5384,.T.);
#7282=ORIENTED_EDGE('',*,*,#5385,.F.);
#7283=ORIENTED_EDGE('',*,*,#5386,.F.);
#7284=ORIENTED_EDGE('',*,*,#5387,.T.);
#7285=ORIENTED_EDGE('',*,*,#5388,.T.);
#7286=ORIENTED_EDGE('',*,*,#5383,.F.);
#7287=ORIENTED_EDGE('',*,*,#5389,.F.);
#7288=ORIENTED_EDGE('',*,*,#5390,.T.);
#7289=ORIENTED_EDGE('',*,*,#5391,.T.);
#7290=ORIENTED_EDGE('',*,*,#5387,.F.);
#7291=ORIENTED_EDGE('',*,*,#5392,.F.);
#7292=ORIENTED_EDGE('',*,*,#5393,.T.);
#7293=ORIENTED_EDGE('',*,*,#5394,.T.);
#7294=ORIENTED_EDGE('',*,*,#5390,.F.);
#7295=ORIENTED_EDGE('',*,*,#5395,.F.);
#7296=ORIENTED_EDGE('',*,*,#5396,.T.);
#7297=ORIENTED_EDGE('',*,*,#5397,.T.);
#7298=ORIENTED_EDGE('',*,*,#5393,.F.);
#7299=ORIENTED_EDGE('',*,*,#5398,.F.);
#7300=ORIENTED_EDGE('',*,*,#5399,.T.);
#7301=ORIENTED_EDGE('',*,*,#5400,.T.);
#7302=ORIENTED_EDGE('',*,*,#5396,.F.);
#7303=ORIENTED_EDGE('',*,*,#5401,.F.);
#7304=ORIENTED_EDGE('',*,*,#5402,.T.);
#7305=ORIENTED_EDGE('',*,*,#5403,.T.);
#7306=ORIENTED_EDGE('',*,*,#5399,.F.);
#7307=ORIENTED_EDGE('',*,*,#5404,.F.);
#7308=ORIENTED_EDGE('',*,*,#5385,.T.);
#7309=ORIENTED_EDGE('',*,*,#5405,.T.);
#7310=ORIENTED_EDGE('',*,*,#5402,.F.);
#7311=ORIENTED_EDGE('',*,*,#5405,.F.);
#7312=ORIENTED_EDGE('',*,*,#5384,.F.);
#7313=ORIENTED_EDGE('',*,*,#5388,.F.);
#7314=ORIENTED_EDGE('',*,*,#5391,.F.);
#7315=ORIENTED_EDGE('',*,*,#5394,.F.);
#7316=ORIENTED_EDGE('',*,*,#5397,.F.);
#7317=ORIENTED_EDGE('',*,*,#5400,.F.);
#7318=ORIENTED_EDGE('',*,*,#5403,.F.);
#7319=ORIENTED_EDGE('',*,*,#5381,.F.);
#7320=ORIENTED_EDGE('',*,*,#5369,.F.);
#7321=ORIENTED_EDGE('',*,*,#5373,.F.);
#7322=ORIENTED_EDGE('',*,*,#5376,.F.);
#7323=ORIENTED_EDGE('',*,*,#5379,.F.);
#7324=ORIENTED_EDGE('',*,*,#5406,.F.);
#7325=ORIENTED_EDGE('',*,*,#5407,.T.);
#7326=ORIENTED_EDGE('',*,*,#5408,.T.);
#7327=ORIENTED_EDGE('',*,*,#5409,.F.);
#7328=ORIENTED_EDGE('',*,*,#5410,.F.);
#7329=ORIENTED_EDGE('',*,*,#5411,.T.);
#7330=ORIENTED_EDGE('',*,*,#5412,.T.);
#7331=ORIENTED_EDGE('',*,*,#5407,.F.);
#7332=ORIENTED_EDGE('',*,*,#5413,.F.);
#7333=ORIENTED_EDGE('',*,*,#5414,.T.);
#7334=ORIENTED_EDGE('',*,*,#5415,.T.);
#7335=ORIENTED_EDGE('',*,*,#5411,.F.);
#7336=ORIENTED_EDGE('',*,*,#5416,.F.);
#7337=ORIENTED_EDGE('',*,*,#5417,.T.);
#7338=ORIENTED_EDGE('',*,*,#5418,.T.);
#7339=ORIENTED_EDGE('',*,*,#5414,.F.);
#7340=ORIENTED_EDGE('',*,*,#5419,.F.);
#7341=ORIENTED_EDGE('',*,*,#5420,.T.);
#7342=ORIENTED_EDGE('',*,*,#5421,.T.);
#7343=ORIENTED_EDGE('',*,*,#5417,.F.);
#7344=ORIENTED_EDGE('',*,*,#5422,.F.);
#7345=ORIENTED_EDGE('',*,*,#5423,.T.);
#7346=ORIENTED_EDGE('',*,*,#5424,.T.);
#7347=ORIENTED_EDGE('',*,*,#5420,.F.);
#7348=ORIENTED_EDGE('',*,*,#5425,.F.);
#7349=ORIENTED_EDGE('',*,*,#5426,.T.);
#7350=ORIENTED_EDGE('',*,*,#5427,.T.);
#7351=ORIENTED_EDGE('',*,*,#5423,.F.);
#7352=ORIENTED_EDGE('',*,*,#5428,.F.);
#7353=ORIENTED_EDGE('',*,*,#5429,.T.);
#7354=ORIENTED_EDGE('',*,*,#5430,.T.);
#7355=ORIENTED_EDGE('',*,*,#5426,.F.);
#7356=ORIENTED_EDGE('',*,*,#5431,.F.);
#7357=ORIENTED_EDGE('',*,*,#5432,.T.);
#7358=ORIENTED_EDGE('',*,*,#5433,.T.);
#7359=ORIENTED_EDGE('',*,*,#5429,.F.);
#7360=ORIENTED_EDGE('',*,*,#5434,.F.);
#7361=ORIENTED_EDGE('',*,*,#5435,.T.);
#7362=ORIENTED_EDGE('',*,*,#5436,.T.);
#7363=ORIENTED_EDGE('',*,*,#5432,.F.);
#7364=ORIENTED_EDGE('',*,*,#5437,.F.);
#7365=ORIENTED_EDGE('',*,*,#5438,.T.);
#7366=ORIENTED_EDGE('',*,*,#5439,.T.);
#7367=ORIENTED_EDGE('',*,*,#5435,.F.);
#7368=ORIENTED_EDGE('',*,*,#5440,.F.);
#7369=ORIENTED_EDGE('',*,*,#5409,.T.);
#7370=ORIENTED_EDGE('',*,*,#5441,.T.);
#7371=ORIENTED_EDGE('',*,*,#5438,.F.);
#7372=ORIENTED_EDGE('',*,*,#5441,.F.);
#7373=ORIENTED_EDGE('',*,*,#5408,.F.);
#7374=ORIENTED_EDGE('',*,*,#5412,.F.);
#7375=ORIENTED_EDGE('',*,*,#5415,.F.);
#7376=ORIENTED_EDGE('',*,*,#5418,.F.);
#7377=ORIENTED_EDGE('',*,*,#5421,.F.);
#7378=ORIENTED_EDGE('',*,*,#5424,.F.);
#7379=ORIENTED_EDGE('',*,*,#5427,.F.);
#7380=ORIENTED_EDGE('',*,*,#5430,.F.);
#7381=ORIENTED_EDGE('',*,*,#5433,.F.);
#7382=ORIENTED_EDGE('',*,*,#5436,.F.);
#7383=ORIENTED_EDGE('',*,*,#5439,.F.);
#7384=ORIENTED_EDGE('',*,*,#5442,.F.);
#7385=ORIENTED_EDGE('',*,*,#5443,.T.);
#7386=ORIENTED_EDGE('',*,*,#5444,.F.);
#7387=ORIENTED_EDGE('',*,*,#5445,.T.);
#7388=ORIENTED_EDGE('',*,*,#5446,.F.);
#7389=ORIENTED_EDGE('',*,*,#5447,.T.);
#7390=ORIENTED_EDGE('',*,*,#5448,.F.);
#7391=ORIENTED_EDGE('',*,*,#5449,.T.);
#7392=ORIENTED_EDGE('',*,*,#5450,.T.);
#7393=ORIENTED_EDGE('',*,*,#5451,.T.);
#7394=ORIENTED_EDGE('',*,*,#5452,.T.);
#7395=ORIENTED_EDGE('',*,*,#5453,.T.);
#7396=ORIENTED_EDGE('',*,*,#5454,.T.);
#7397=ORIENTED_EDGE('',*,*,#5455,.T.);
#7398=ORIENTED_EDGE('',*,*,#5456,.T.);
#7399=ORIENTED_EDGE('',*,*,#5457,.T.);
#7400=ORIENTED_EDGE('',*,*,#5458,.T.);
#7401=ORIENTED_EDGE('',*,*,#5459,.T.);
#7402=ORIENTED_EDGE('',*,*,#5460,.T.);
#7403=ORIENTED_EDGE('',*,*,#5461,.T.);
#7404=ORIENTED_EDGE('',*,*,#5462,.T.);
#7405=ORIENTED_EDGE('',*,*,#5463,.T.);
#7406=ORIENTED_EDGE('',*,*,#5464,.T.);
#7407=ORIENTED_EDGE('',*,*,#5465,.T.);
#7408=ORIENTED_EDGE('',*,*,#5466,.T.);
#7409=ORIENTED_EDGE('',*,*,#5467,.T.);
#7410=ORIENTED_EDGE('',*,*,#5468,.T.);
#7411=ORIENTED_EDGE('',*,*,#5469,.T.);
#7412=ORIENTED_EDGE('',*,*,#5470,.T.);
#7413=ORIENTED_EDGE('',*,*,#5471,.T.);
#7414=ORIENTED_EDGE('',*,*,#5472,.T.);
#7415=ORIENTED_EDGE('',*,*,#5473,.T.);
#7416=ORIENTED_EDGE('',*,*,#5474,.T.);
#7417=ORIENTED_EDGE('',*,*,#5475,.T.);
#7418=ORIENTED_EDGE('',*,*,#5476,.T.);
#7419=ORIENTED_EDGE('',*,*,#5477,.T.);
#7420=ORIENTED_EDGE('',*,*,#5478,.T.);
#7421=ORIENTED_EDGE('',*,*,#5479,.T.);
#7422=ORIENTED_EDGE('',*,*,#5480,.T.);
#7423=ORIENTED_EDGE('',*,*,#5481,.T.);
#7424=ORIENTED_EDGE('',*,*,#5482,.T.);
#7425=ORIENTED_EDGE('',*,*,#5483,.T.);
#7426=ORIENTED_EDGE('',*,*,#5484,.T.);
#7427=ORIENTED_EDGE('',*,*,#5485,.T.);
#7428=ORIENTED_EDGE('',*,*,#5486,.T.);
#7429=ORIENTED_EDGE('',*,*,#5487,.T.);
#7430=ORIENTED_EDGE('',*,*,#5488,.T.);
#7431=ORIENTED_EDGE('',*,*,#5489,.T.);
#7432=ORIENTED_EDGE('',*,*,#5406,.T.);
#7433=ORIENTED_EDGE('',*,*,#5440,.T.);
#7434=ORIENTED_EDGE('',*,*,#5437,.T.);
#7435=ORIENTED_EDGE('',*,*,#5434,.T.);
#7436=ORIENTED_EDGE('',*,*,#5431,.T.);
#7437=ORIENTED_EDGE('',*,*,#5428,.T.);
#7438=ORIENTED_EDGE('',*,*,#5425,.T.);
#7439=ORIENTED_EDGE('',*,*,#5422,.T.);
#7440=ORIENTED_EDGE('',*,*,#5419,.T.);
#7441=ORIENTED_EDGE('',*,*,#5416,.T.);
#7442=ORIENTED_EDGE('',*,*,#5413,.T.);
#7443=ORIENTED_EDGE('',*,*,#5410,.T.);
#7444=ORIENTED_EDGE('',*,*,#5382,.T.);
#7445=ORIENTED_EDGE('',*,*,#5404,.T.);
#7446=ORIENTED_EDGE('',*,*,#5401,.T.);
#7447=ORIENTED_EDGE('',*,*,#5398,.T.);
#7448=ORIENTED_EDGE('',*,*,#5395,.T.);
#7449=ORIENTED_EDGE('',*,*,#5392,.T.);
#7450=ORIENTED_EDGE('',*,*,#5389,.T.);
#7451=ORIENTED_EDGE('',*,*,#5386,.T.);
#7452=ORIENTED_EDGE('',*,*,#5262,.T.);
#7453=ORIENTED_EDGE('',*,*,#5365,.T.);
#7454=ORIENTED_EDGE('',*,*,#5362,.T.);
#7455=ORIENTED_EDGE('',*,*,#5359,.T.);
#7456=ORIENTED_EDGE('',*,*,#5356,.T.);
#7457=ORIENTED_EDGE('',*,*,#5353,.T.);
#7458=ORIENTED_EDGE('',*,*,#5350,.T.);
#7459=ORIENTED_EDGE('',*,*,#5347,.T.);
#7460=ORIENTED_EDGE('',*,*,#5344,.T.);
#7461=ORIENTED_EDGE('',*,*,#5341,.T.);
#7462=ORIENTED_EDGE('',*,*,#5338,.T.);
#7463=ORIENTED_EDGE('',*,*,#5335,.T.);
#7464=ORIENTED_EDGE('',*,*,#5332,.T.);
#7465=ORIENTED_EDGE('',*,*,#5329,.T.);
#7466=ORIENTED_EDGE('',*,*,#5326,.T.);
#7467=ORIENTED_EDGE('',*,*,#5323,.T.);
#7468=ORIENTED_EDGE('',*,*,#5320,.T.);
#7469=ORIENTED_EDGE('',*,*,#5317,.T.);
#7470=ORIENTED_EDGE('',*,*,#5314,.T.);
#7471=ORIENTED_EDGE('',*,*,#5311,.T.);
#7472=ORIENTED_EDGE('',*,*,#5308,.T.);
#7473=ORIENTED_EDGE('',*,*,#5305,.T.);
#7474=ORIENTED_EDGE('',*,*,#5302,.T.);
#7475=ORIENTED_EDGE('',*,*,#5299,.T.);
#7476=ORIENTED_EDGE('',*,*,#5296,.T.);
#7477=ORIENTED_EDGE('',*,*,#5293,.T.);
#7478=ORIENTED_EDGE('',*,*,#5290,.T.);
#7479=ORIENTED_EDGE('',*,*,#5287,.T.);
#7480=ORIENTED_EDGE('',*,*,#5284,.T.);
#7481=ORIENTED_EDGE('',*,*,#5281,.T.);
#7482=ORIENTED_EDGE('',*,*,#5278,.T.);
#7483=ORIENTED_EDGE('',*,*,#5275,.T.);
#7484=ORIENTED_EDGE('',*,*,#5272,.T.);
#7485=ORIENTED_EDGE('',*,*,#5269,.T.);
#7486=ORIENTED_EDGE('',*,*,#5266,.T.);
#7487=ORIENTED_EDGE('',*,*,#5229,.T.);
#7488=ORIENTED_EDGE('',*,*,#5260,.T.);
#7489=ORIENTED_EDGE('',*,*,#5257,.T.);
#7490=ORIENTED_EDGE('',*,*,#5254,.T.);
#7491=ORIENTED_EDGE('',*,*,#5251,.T.);
#7492=ORIENTED_EDGE('',*,*,#5248,.T.);
#7493=ORIENTED_EDGE('',*,*,#5245,.T.);
#7494=ORIENTED_EDGE('',*,*,#5242,.T.);
#7495=ORIENTED_EDGE('',*,*,#5239,.T.);
#7496=ORIENTED_EDGE('',*,*,#5236,.T.);
#7497=ORIENTED_EDGE('',*,*,#5233,.T.);
#7498=ORIENTED_EDGE('',*,*,#5145,.T.);
#7499=ORIENTED_EDGE('',*,*,#5200,.T.);
#7500=ORIENTED_EDGE('',*,*,#5197,.T.);
#7501=ORIENTED_EDGE('',*,*,#5194,.T.);
#7502=ORIENTED_EDGE('',*,*,#5191,.T.);
#7503=ORIENTED_EDGE('',*,*,#5188,.T.);
#7504=ORIENTED_EDGE('',*,*,#5185,.T.);
#7505=ORIENTED_EDGE('',*,*,#5182,.T.);
#7506=ORIENTED_EDGE('',*,*,#5179,.T.);
#7507=ORIENTED_EDGE('',*,*,#5176,.T.);
#7508=ORIENTED_EDGE('',*,*,#5173,.T.);
#7509=ORIENTED_EDGE('',*,*,#5170,.T.);
#7510=ORIENTED_EDGE('',*,*,#5167,.T.);
#7511=ORIENTED_EDGE('',*,*,#5164,.T.);
#7512=ORIENTED_EDGE('',*,*,#5161,.T.);
#7513=ORIENTED_EDGE('',*,*,#5158,.T.);
#7514=ORIENTED_EDGE('',*,*,#5155,.T.);
#7515=ORIENTED_EDGE('',*,*,#5152,.T.);
#7516=ORIENTED_EDGE('',*,*,#5149,.T.);
#7517=ORIENTED_EDGE('',*,*,#5085,.T.);
#7518=ORIENTED_EDGE('',*,*,#5119,.T.);
#7519=ORIENTED_EDGE('',*,*,#5116,.T.);
#7520=ORIENTED_EDGE('',*,*,#5113,.T.);
#7521=ORIENTED_EDGE('',*,*,#5110,.T.);
#7522=ORIENTED_EDGE('',*,*,#5107,.T.);
#7523=ORIENTED_EDGE('',*,*,#5104,.T.);
#7524=ORIENTED_EDGE('',*,*,#5101,.T.);
#7525=ORIENTED_EDGE('',*,*,#5098,.T.);
#7526=ORIENTED_EDGE('',*,*,#5095,.T.);
#7527=ORIENTED_EDGE('',*,*,#5092,.T.);
#7528=ORIENTED_EDGE('',*,*,#5089,.T.);
#7529=ORIENTED_EDGE('',*,*,#5025,.T.);
#7530=ORIENTED_EDGE('',*,*,#5053,.T.);
#7531=ORIENTED_EDGE('',*,*,#5050,.T.);
#7532=ORIENTED_EDGE('',*,*,#5047,.T.);
#7533=ORIENTED_EDGE('',*,*,#5044,.T.);
#7534=ORIENTED_EDGE('',*,*,#5041,.T.);
#7535=ORIENTED_EDGE('',*,*,#5038,.T.);
#7536=ORIENTED_EDGE('',*,*,#5035,.T.);
#7537=ORIENTED_EDGE('',*,*,#5032,.T.);
#7538=ORIENTED_EDGE('',*,*,#5029,.T.);
#7539=ORIENTED_EDGE('',*,*,#4992,.T.);
#7540=ORIENTED_EDGE('',*,*,#5023,.T.);
#7541=ORIENTED_EDGE('',*,*,#5020,.T.);
#7542=ORIENTED_EDGE('',*,*,#5017,.T.);
#7543=ORIENTED_EDGE('',*,*,#5014,.T.);
#7544=ORIENTED_EDGE('',*,*,#5011,.T.);
#7545=ORIENTED_EDGE('',*,*,#5008,.T.);
#7546=ORIENTED_EDGE('',*,*,#5005,.T.);
#7547=ORIENTED_EDGE('',*,*,#5002,.T.);
#7548=ORIENTED_EDGE('',*,*,#4999,.T.);
#7549=ORIENTED_EDGE('',*,*,#4996,.T.);
#7550=ORIENTED_EDGE('',*,*,#4980,.T.);
#7551=ORIENTED_EDGE('',*,*,#4990,.T.);
#7552=ORIENTED_EDGE('',*,*,#4987,.T.);
#7553=ORIENTED_EDGE('',*,*,#4984,.T.);
#7554=ORIENTED_EDGE('',*,*,#4950,.T.);
#7555=ORIENTED_EDGE('',*,*,#4978,.T.);
#7556=ORIENTED_EDGE('',*,*,#4975,.T.);
#7557=ORIENTED_EDGE('',*,*,#4972,.T.);
#7558=ORIENTED_EDGE('',*,*,#4969,.T.);
#7559=ORIENTED_EDGE('',*,*,#4966,.T.);
#7560=ORIENTED_EDGE('',*,*,#4963,.T.);
#7561=ORIENTED_EDGE('',*,*,#4960,.T.);
#7562=ORIENTED_EDGE('',*,*,#4957,.T.);
#7563=ORIENTED_EDGE('',*,*,#4954,.T.);
#7564=ORIENTED_EDGE('',*,*,#4917,.T.);
#7565=ORIENTED_EDGE('',*,*,#4948,.T.);
#7566=ORIENTED_EDGE('',*,*,#4945,.T.);
#7567=ORIENTED_EDGE('',*,*,#4942,.T.);
#7568=ORIENTED_EDGE('',*,*,#4939,.T.);
#7569=ORIENTED_EDGE('',*,*,#4936,.T.);
#7570=ORIENTED_EDGE('',*,*,#4933,.T.);
#7571=ORIENTED_EDGE('',*,*,#4930,.T.);
#7572=ORIENTED_EDGE('',*,*,#4927,.T.);
#7573=ORIENTED_EDGE('',*,*,#4924,.T.);
#7574=ORIENTED_EDGE('',*,*,#4921,.T.);
#7575=ORIENTED_EDGE('',*,*,#4869,.T.);
#7576=ORIENTED_EDGE('',*,*,#4891,.T.);
#7577=ORIENTED_EDGE('',*,*,#4888,.T.);
#7578=ORIENTED_EDGE('',*,*,#4885,.T.);
#7579=ORIENTED_EDGE('',*,*,#4882,.T.);
#7580=ORIENTED_EDGE('',*,*,#4879,.T.);
#7581=ORIENTED_EDGE('',*,*,#4876,.T.);
#7582=ORIENTED_EDGE('',*,*,#4873,.T.);
#7583=ORIENTED_EDGE('',*,*,#4836,.T.);
#7584=ORIENTED_EDGE('',*,*,#4867,.T.);
#7585=ORIENTED_EDGE('',*,*,#4864,.T.);
#7586=ORIENTED_EDGE('',*,*,#4861,.T.);
#7587=ORIENTED_EDGE('',*,*,#4858,.T.);
#7588=ORIENTED_EDGE('',*,*,#4855,.T.);
#7589=ORIENTED_EDGE('',*,*,#4852,.T.);
#7590=ORIENTED_EDGE('',*,*,#4849,.T.);
#7591=ORIENTED_EDGE('',*,*,#4846,.T.);
#7592=ORIENTED_EDGE('',*,*,#4843,.T.);
#7593=ORIENTED_EDGE('',*,*,#4840,.T.);
#7594=ORIENTED_EDGE('',*,*,#4722,.T.);
#7595=ORIENTED_EDGE('',*,*,#4807,.T.);
#7596=ORIENTED_EDGE('',*,*,#4804,.T.);
#7597=ORIENTED_EDGE('',*,*,#4801,.T.);
#7598=ORIENTED_EDGE('',*,*,#4798,.T.);
#7599=ORIENTED_EDGE('',*,*,#4795,.T.);
#7600=ORIENTED_EDGE('',*,*,#4792,.T.);
#7601=ORIENTED_EDGE('',*,*,#4789,.T.);
#7602=ORIENTED_EDGE('',*,*,#4786,.T.);
#7603=ORIENTED_EDGE('',*,*,#4783,.T.);
#7604=ORIENTED_EDGE('',*,*,#4780,.T.);
#7605=ORIENTED_EDGE('',*,*,#4777,.T.);
#7606=ORIENTED_EDGE('',*,*,#4774,.T.);
#7607=ORIENTED_EDGE('',*,*,#4771,.T.);
#7608=ORIENTED_EDGE('',*,*,#4768,.T.);
#7609=ORIENTED_EDGE('',*,*,#4765,.T.);
#7610=ORIENTED_EDGE('',*,*,#4762,.T.);
#7611=ORIENTED_EDGE('',*,*,#4759,.T.);
#7612=ORIENTED_EDGE('',*,*,#4756,.T.);
#7613=ORIENTED_EDGE('',*,*,#4753,.T.);
#7614=ORIENTED_EDGE('',*,*,#4750,.T.);
#7615=ORIENTED_EDGE('',*,*,#4747,.T.);
#7616=ORIENTED_EDGE('',*,*,#4744,.T.);
#7617=ORIENTED_EDGE('',*,*,#4741,.T.);
#7618=ORIENTED_EDGE('',*,*,#4738,.T.);
#7619=ORIENTED_EDGE('',*,*,#4735,.T.);
#7620=ORIENTED_EDGE('',*,*,#4732,.T.);
#7621=ORIENTED_EDGE('',*,*,#4729,.T.);
#7622=ORIENTED_EDGE('',*,*,#4726,.T.);
#7623=ORIENTED_EDGE('',*,*,#4698,.T.);
#7624=ORIENTED_EDGE('',*,*,#4720,.T.);
#7625=ORIENTED_EDGE('',*,*,#4717,.T.);
#7626=ORIENTED_EDGE('',*,*,#4714,.T.);
#7627=ORIENTED_EDGE('',*,*,#4711,.T.);
#7628=ORIENTED_EDGE('',*,*,#4708,.T.);
#7629=ORIENTED_EDGE('',*,*,#4705,.T.);
#7630=ORIENTED_EDGE('',*,*,#4702,.T.);
#7631=ORIENTED_EDGE('',*,*,#4641,.T.);
#7632=ORIENTED_EDGE('',*,*,#4681,.T.);
#7633=ORIENTED_EDGE('',*,*,#4678,.T.);
#7634=ORIENTED_EDGE('',*,*,#4675,.T.);
#7635=ORIENTED_EDGE('',*,*,#4672,.T.);
#7636=ORIENTED_EDGE('',*,*,#4669,.T.);
#7637=ORIENTED_EDGE('',*,*,#4666,.T.);
#7638=ORIENTED_EDGE('',*,*,#4663,.T.);
#7639=ORIENTED_EDGE('',*,*,#4660,.T.);
#7640=ORIENTED_EDGE('',*,*,#4657,.T.);
#7641=ORIENTED_EDGE('',*,*,#4654,.T.);
#7642=ORIENTED_EDGE('',*,*,#4651,.T.);
#7643=ORIENTED_EDGE('',*,*,#4648,.T.);
#7644=ORIENTED_EDGE('',*,*,#4645,.T.);
#7645=ORIENTED_EDGE('',*,*,#4554,.T.);
#7646=ORIENTED_EDGE('',*,*,#4582,.T.);
#7647=ORIENTED_EDGE('',*,*,#4579,.T.);
#7648=ORIENTED_EDGE('',*,*,#4576,.T.);
#7649=ORIENTED_EDGE('',*,*,#4573,.T.);
#7650=ORIENTED_EDGE('',*,*,#4570,.T.);
#7651=ORIENTED_EDGE('',*,*,#4567,.T.);
#7652=ORIENTED_EDGE('',*,*,#4564,.T.);
#7653=ORIENTED_EDGE('',*,*,#4561,.T.);
#7654=ORIENTED_EDGE('',*,*,#4558,.T.);
#7655=ORIENTED_EDGE('',*,*,#4518,.T.);
#7656=ORIENTED_EDGE('',*,*,#4552,.T.);
#7657=ORIENTED_EDGE('',*,*,#4549,.T.);
#7658=ORIENTED_EDGE('',*,*,#4546,.T.);
#7659=ORIENTED_EDGE('',*,*,#4543,.T.);
#7660=ORIENTED_EDGE('',*,*,#4540,.T.);
#7661=ORIENTED_EDGE('',*,*,#4537,.T.);
#7662=ORIENTED_EDGE('',*,*,#4534,.T.);
#7663=ORIENTED_EDGE('',*,*,#4531,.T.);
#7664=ORIENTED_EDGE('',*,*,#4528,.T.);
#7665=ORIENTED_EDGE('',*,*,#4525,.T.);
#7666=ORIENTED_EDGE('',*,*,#4522,.T.);
#7667=ORIENTED_EDGE('',*,*,#5367,.T.);
#7668=ORIENTED_EDGE('',*,*,#5380,.T.);
#7669=ORIENTED_EDGE('',*,*,#5377,.T.);
#7670=ORIENTED_EDGE('',*,*,#5374,.T.);
#7671=ORIENTED_EDGE('',*,*,#5371,.T.);
#7672=ORIENTED_EDGE('',*,*,#5202,.T.);
#7673=ORIENTED_EDGE('',*,*,#5227,.T.);
#7674=ORIENTED_EDGE('',*,*,#5224,.T.);
#7675=ORIENTED_EDGE('',*,*,#5221,.T.);
#7676=ORIENTED_EDGE('',*,*,#5218,.T.);
#7677=ORIENTED_EDGE('',*,*,#5215,.T.);
#7678=ORIENTED_EDGE('',*,*,#5212,.T.);
#7679=ORIENTED_EDGE('',*,*,#5209,.T.);
#7680=ORIENTED_EDGE('',*,*,#5206,.T.);
#7681=ORIENTED_EDGE('',*,*,#5121,.T.);
#7682=ORIENTED_EDGE('',*,*,#5143,.T.);
#7683=ORIENTED_EDGE('',*,*,#5140,.T.);
#7684=ORIENTED_EDGE('',*,*,#5137,.T.);
#7685=ORIENTED_EDGE('',*,*,#5134,.T.);
#7686=ORIENTED_EDGE('',*,*,#5131,.T.);
#7687=ORIENTED_EDGE('',*,*,#5128,.T.);
#7688=ORIENTED_EDGE('',*,*,#5125,.T.);
#7689=ORIENTED_EDGE('',*,*,#5055,.T.);
#7690=ORIENTED_EDGE('',*,*,#5083,.T.);
#7691=ORIENTED_EDGE('',*,*,#5080,.T.);
#7692=ORIENTED_EDGE('',*,*,#5077,.T.);
#7693=ORIENTED_EDGE('',*,*,#5074,.T.);
#7694=ORIENTED_EDGE('',*,*,#5071,.T.);
#7695=ORIENTED_EDGE('',*,*,#5068,.T.);
#7696=ORIENTED_EDGE('',*,*,#5065,.T.);
#7697=ORIENTED_EDGE('',*,*,#5062,.T.);
#7698=ORIENTED_EDGE('',*,*,#5059,.T.);
#7699=ORIENTED_EDGE('',*,*,#4893,.T.);
#7700=ORIENTED_EDGE('',*,*,#4915,.T.);
#7701=ORIENTED_EDGE('',*,*,#4912,.T.);
#7702=ORIENTED_EDGE('',*,*,#4909,.T.);
#7703=ORIENTED_EDGE('',*,*,#4906,.T.);
#7704=ORIENTED_EDGE('',*,*,#4903,.T.);
#7705=ORIENTED_EDGE('',*,*,#4900,.T.);
#7706=ORIENTED_EDGE('',*,*,#4897,.T.);
#7707=ORIENTED_EDGE('',*,*,#4809,.T.);
#7708=ORIENTED_EDGE('',*,*,#4834,.T.);
#7709=ORIENTED_EDGE('',*,*,#4831,.T.);
#7710=ORIENTED_EDGE('',*,*,#4828,.T.);
#7711=ORIENTED_EDGE('',*,*,#4825,.T.);
#7712=ORIENTED_EDGE('',*,*,#4822,.T.);
#7713=ORIENTED_EDGE('',*,*,#4819,.T.);
#7714=ORIENTED_EDGE('',*,*,#4816,.T.);
#7715=ORIENTED_EDGE('',*,*,#4813,.T.);
#7716=ORIENTED_EDGE('',*,*,#4683,.T.);
#7717=ORIENTED_EDGE('',*,*,#4696,.T.);
#7718=ORIENTED_EDGE('',*,*,#4693,.T.);
#7719=ORIENTED_EDGE('',*,*,#4690,.T.);
#7720=ORIENTED_EDGE('',*,*,#4687,.T.);
#7721=ORIENTED_EDGE('',*,*,#4611,.T.);
#7722=ORIENTED_EDGE('',*,*,#4639,.T.);
#7723=ORIENTED_EDGE('',*,*,#4636,.T.);
#7724=ORIENTED_EDGE('',*,*,#4633,.T.);
#7725=ORIENTED_EDGE('',*,*,#4630,.T.);
#7726=ORIENTED_EDGE('',*,*,#4627,.T.);
#7727=ORIENTED_EDGE('',*,*,#4624,.T.);
#7728=ORIENTED_EDGE('',*,*,#4621,.T.);
#7729=ORIENTED_EDGE('',*,*,#4618,.T.);
#7730=ORIENTED_EDGE('',*,*,#4615,.T.);
#7731=ORIENTED_EDGE('',*,*,#5442,.T.);
#7732=ORIENTED_EDGE('',*,*,#5490,.T.);
#7733=ORIENTED_EDGE('',*,*,#5491,.T.);
#7734=ORIENTED_EDGE('',*,*,#5492,.T.);
#7735=ORIENTED_EDGE('',*,*,#5492,.F.);
#7736=ORIENTED_EDGE('',*,*,#5493,.F.);
#7737=ORIENTED_EDGE('',*,*,#5494,.F.);
#7738=ORIENTED_EDGE('',*,*,#5443,.F.);
#7739=ORIENTED_EDGE('',*,*,#5491,.F.);
#7740=ORIENTED_EDGE('',*,*,#5495,.T.);
#7741=ORIENTED_EDGE('',*,*,#5496,.T.);
#7742=ORIENTED_EDGE('',*,*,#5497,.F.);
#7743=ORIENTED_EDGE('',*,*,#5498,.F.);
#7744=ORIENTED_EDGE('',*,*,#5499,.T.);
#7745=ORIENTED_EDGE('',*,*,#5500,.F.);
#7746=ORIENTED_EDGE('',*,*,#5501,.T.);
#7747=ORIENTED_EDGE('',*,*,#5502,.F.);
#7748=ORIENTED_EDGE('',*,*,#5503,.T.);
#7749=ORIENTED_EDGE('',*,*,#5504,.F.);
#7750=ORIENTED_EDGE('',*,*,#5493,.T.);
#7751=ORIENTED_EDGE('',*,*,#5505,.F.);
#7752=ORIENTED_EDGE('',*,*,#5506,.F.);
#7753=ORIENTED_EDGE('',*,*,#5507,.F.);
#7754=ORIENTED_EDGE('',*,*,#5508,.F.);
#7755=ORIENTED_EDGE('',*,*,#5509,.F.);
#7756=ORIENTED_EDGE('',*,*,#5510,.F.);
#7757=ORIENTED_EDGE('',*,*,#5511,.F.);
#7758=ORIENTED_EDGE('',*,*,#5512,.F.);
#7759=ORIENTED_EDGE('',*,*,#5513,.F.);
#7760=ORIENTED_EDGE('',*,*,#5514,.F.);
#7761=ORIENTED_EDGE('',*,*,#5515,.F.);
#7762=ORIENTED_EDGE('',*,*,#5516,.F.);
#7763=ORIENTED_EDGE('',*,*,#5517,.F.);
#7764=ORIENTED_EDGE('',*,*,#5518,.F.);
#7765=ORIENTED_EDGE('',*,*,#5519,.F.);
#7766=ORIENTED_EDGE('',*,*,#5520,.F.);
#7767=ORIENTED_EDGE('',*,*,#5521,.F.);
#7768=ORIENTED_EDGE('',*,*,#5522,.F.);
#7769=ORIENTED_EDGE('',*,*,#5523,.F.);
#7770=ORIENTED_EDGE('',*,*,#5524,.F.);
#7771=ORIENTED_EDGE('',*,*,#5525,.F.);
#7772=ORIENTED_EDGE('',*,*,#5526,.F.);
#7773=ORIENTED_EDGE('',*,*,#5527,.F.);
#7774=ORIENTED_EDGE('',*,*,#5528,.F.);
#7775=ORIENTED_EDGE('',*,*,#5529,.F.);
#7776=ORIENTED_EDGE('',*,*,#5530,.F.);
#7777=ORIENTED_EDGE('',*,*,#5531,.F.);
#7778=ORIENTED_EDGE('',*,*,#5532,.F.);
#7779=ORIENTED_EDGE('',*,*,#5533,.F.);
#7780=ORIENTED_EDGE('',*,*,#5534,.F.);
#7781=ORIENTED_EDGE('',*,*,#5535,.F.);
#7782=ORIENTED_EDGE('',*,*,#5536,.F.);
#7783=ORIENTED_EDGE('',*,*,#5537,.F.);
#7784=ORIENTED_EDGE('',*,*,#5538,.F.);
#7785=ORIENTED_EDGE('',*,*,#5539,.F.);
#7786=ORIENTED_EDGE('',*,*,#5540,.F.);
#7787=ORIENTED_EDGE('',*,*,#5448,.T.);
#7788=ORIENTED_EDGE('',*,*,#5541,.T.);
#7789=ORIENTED_EDGE('',*,*,#5500,.T.);
#7790=ORIENTED_EDGE('',*,*,#5542,.T.);
#7791=ORIENTED_EDGE('',*,*,#5541,.F.);
#7792=ORIENTED_EDGE('',*,*,#5447,.F.);
#7793=ORIENTED_EDGE('',*,*,#5543,.F.);
#7794=ORIENTED_EDGE('',*,*,#5501,.F.);
#7795=ORIENTED_EDGE('',*,*,#5446,.T.);
#7796=ORIENTED_EDGE('',*,*,#5544,.T.);
#7797=ORIENTED_EDGE('',*,*,#5502,.T.);
#7798=ORIENTED_EDGE('',*,*,#5543,.T.);
#7799=ORIENTED_EDGE('',*,*,#5444,.T.);
#7800=ORIENTED_EDGE('',*,*,#5494,.T.);
#7801=ORIENTED_EDGE('',*,*,#5504,.T.);
#7802=ORIENTED_EDGE('',*,*,#5545,.T.);
#7803=ORIENTED_EDGE('',*,*,#5534,.T.);
#7804=ORIENTED_EDGE('',*,*,#5546,.T.);
#7805=ORIENTED_EDGE('',*,*,#5461,.F.);
#7806=ORIENTED_EDGE('',*,*,#5547,.F.);
#7807=ORIENTED_EDGE('',*,*,#5535,.T.);
#7808=ORIENTED_EDGE('',*,*,#5547,.T.);
#7809=ORIENTED_EDGE('',*,*,#5460,.F.);
#7810=ORIENTED_EDGE('',*,*,#5548,.F.);
#7811=ORIENTED_EDGE('',*,*,#5536,.T.);
#7812=ORIENTED_EDGE('',*,*,#5548,.T.);
#7813=ORIENTED_EDGE('',*,*,#5459,.F.);
#7814=ORIENTED_EDGE('',*,*,#5549,.F.);
#7815=ORIENTED_EDGE('',*,*,#5537,.T.);
#7816=ORIENTED_EDGE('',*,*,#5549,.T.);
#7817=ORIENTED_EDGE('',*,*,#5458,.F.);
#7818=ORIENTED_EDGE('',*,*,#5550,.F.);
#7819=ORIENTED_EDGE('',*,*,#5538,.T.);
#7820=ORIENTED_EDGE('',*,*,#5550,.T.);
#7821=ORIENTED_EDGE('',*,*,#5457,.F.);
#7822=ORIENTED_EDGE('',*,*,#5551,.F.);
#7823=ORIENTED_EDGE('',*,*,#5539,.T.);
#7824=ORIENTED_EDGE('',*,*,#5551,.T.);
#7825=ORIENTED_EDGE('',*,*,#5456,.F.);
#7826=ORIENTED_EDGE('',*,*,#5552,.F.);
#7827=ORIENTED_EDGE('',*,*,#5540,.T.);
#7828=ORIENTED_EDGE('',*,*,#5552,.T.);
#7829=ORIENTED_EDGE('',*,*,#5455,.F.);
#7830=ORIENTED_EDGE('',*,*,#5553,.F.);
#7831=ORIENTED_EDGE('',*,*,#5533,.T.);
#7832=ORIENTED_EDGE('',*,*,#5553,.T.);
#7833=ORIENTED_EDGE('',*,*,#5454,.F.);
#7834=ORIENTED_EDGE('',*,*,#5546,.F.);
#7835=ORIENTED_EDGE('',*,*,#5462,.F.);
#7836=ORIENTED_EDGE('',*,*,#5554,.T.);
#7837=ORIENTED_EDGE('',*,*,#5532,.T.);
#7838=ORIENTED_EDGE('',*,*,#5554,.F.);
#7839=ORIENTED_EDGE('',*,*,#5525,.T.);
#7840=ORIENTED_EDGE('',*,*,#5555,.T.);
#7841=ORIENTED_EDGE('',*,*,#5470,.F.);
#7842=ORIENTED_EDGE('',*,*,#5556,.F.);
#7843=ORIENTED_EDGE('',*,*,#5526,.T.);
#7844=ORIENTED_EDGE('',*,*,#5556,.T.);
#7845=ORIENTED_EDGE('',*,*,#5469,.F.);
#7846=ORIENTED_EDGE('',*,*,#5557,.F.);
#7847=ORIENTED_EDGE('',*,*,#5527,.T.);
#7848=ORIENTED_EDGE('',*,*,#5557,.T.);
#7849=ORIENTED_EDGE('',*,*,#5468,.F.);
#7850=ORIENTED_EDGE('',*,*,#5558,.F.);
#7851=ORIENTED_EDGE('',*,*,#5528,.T.);
#7852=ORIENTED_EDGE('',*,*,#5558,.T.);
#7853=ORIENTED_EDGE('',*,*,#5467,.F.);
#7854=ORIENTED_EDGE('',*,*,#5559,.F.);
#7855=ORIENTED_EDGE('',*,*,#5529,.T.);
#7856=ORIENTED_EDGE('',*,*,#5559,.T.);
#7857=ORIENTED_EDGE('',*,*,#5466,.F.);
#7858=ORIENTED_EDGE('',*,*,#5560,.F.);
#7859=ORIENTED_EDGE('',*,*,#5530,.T.);
#7860=ORIENTED_EDGE('',*,*,#5560,.T.);
#7861=ORIENTED_EDGE('',*,*,#5465,.F.);
#7862=ORIENTED_EDGE('',*,*,#5561,.F.);
#7863=ORIENTED_EDGE('',*,*,#5531,.T.);
#7864=ORIENTED_EDGE('',*,*,#5561,.T.);
#7865=ORIENTED_EDGE('',*,*,#5464,.F.);
#7866=ORIENTED_EDGE('',*,*,#5562,.F.);
#7867=ORIENTED_EDGE('',*,*,#5524,.T.);
#7868=ORIENTED_EDGE('',*,*,#5562,.T.);
#7869=ORIENTED_EDGE('',*,*,#5463,.F.);
#7870=ORIENTED_EDGE('',*,*,#5555,.F.);
#7871=ORIENTED_EDGE('',*,*,#5471,.F.);
#7872=ORIENTED_EDGE('',*,*,#5563,.T.);
#7873=ORIENTED_EDGE('',*,*,#5523,.T.);
#7874=ORIENTED_EDGE('',*,*,#5563,.F.);
#7875=ORIENTED_EDGE('',*,*,#5516,.T.);
#7876=ORIENTED_EDGE('',*,*,#5564,.T.);
#7877=ORIENTED_EDGE('',*,*,#5479,.F.);
#7878=ORIENTED_EDGE('',*,*,#5565,.F.);
#7879=ORIENTED_EDGE('',*,*,#5517,.T.);
#7880=ORIENTED_EDGE('',*,*,#5565,.T.);
#7881=ORIENTED_EDGE('',*,*,#5478,.F.);
#7882=ORIENTED_EDGE('',*,*,#5566,.F.);
#7883=ORIENTED_EDGE('',*,*,#5518,.T.);
#7884=ORIENTED_EDGE('',*,*,#5566,.T.);
#7885=ORIENTED_EDGE('',*,*,#5477,.F.);
#7886=ORIENTED_EDGE('',*,*,#5567,.F.);
#7887=ORIENTED_EDGE('',*,*,#5519,.T.);
#7888=ORIENTED_EDGE('',*,*,#5567,.T.);
#7889=ORIENTED_EDGE('',*,*,#5476,.F.);
#7890=ORIENTED_EDGE('',*,*,#5568,.F.);
#7891=ORIENTED_EDGE('',*,*,#5520,.T.);
#7892=ORIENTED_EDGE('',*,*,#5568,.T.);
#7893=ORIENTED_EDGE('',*,*,#5475,.F.);
#7894=ORIENTED_EDGE('',*,*,#5569,.F.);
#7895=ORIENTED_EDGE('',*,*,#5521,.T.);
#7896=ORIENTED_EDGE('',*,*,#5569,.T.);
#7897=ORIENTED_EDGE('',*,*,#5474,.F.);
#7898=ORIENTED_EDGE('',*,*,#5570,.F.);
#7899=ORIENTED_EDGE('',*,*,#5522,.T.);
#7900=ORIENTED_EDGE('',*,*,#5570,.T.);
#7901=ORIENTED_EDGE('',*,*,#5473,.F.);
#7902=ORIENTED_EDGE('',*,*,#5571,.F.);
#7903=ORIENTED_EDGE('',*,*,#5515,.T.);
#7904=ORIENTED_EDGE('',*,*,#5571,.T.);
#7905=ORIENTED_EDGE('',*,*,#5472,.F.);
#7906=ORIENTED_EDGE('',*,*,#5564,.F.);
#7907=ORIENTED_EDGE('',*,*,#5508,.T.);
#7908=ORIENTED_EDGE('',*,*,#5572,.T.);
#7909=ORIENTED_EDGE('',*,*,#5487,.F.);
#7910=ORIENTED_EDGE('',*,*,#5573,.F.);
#7911=ORIENTED_EDGE('',*,*,#5509,.T.);
#7912=ORIENTED_EDGE('',*,*,#5573,.T.);
#7913=ORIENTED_EDGE('',*,*,#5486,.F.);
#7914=ORIENTED_EDGE('',*,*,#5574,.F.);
#7915=ORIENTED_EDGE('',*,*,#5510,.T.);
#7916=ORIENTED_EDGE('',*,*,#5574,.T.);
#7917=ORIENTED_EDGE('',*,*,#5485,.F.);
#7918=ORIENTED_EDGE('',*,*,#5575,.F.);
#7919=ORIENTED_EDGE('',*,*,#5511,.T.);
#7920=ORIENTED_EDGE('',*,*,#5575,.T.);
#7921=ORIENTED_EDGE('',*,*,#5484,.F.);
#7922=ORIENTED_EDGE('',*,*,#5576,.F.);
#7923=ORIENTED_EDGE('',*,*,#5512,.T.);
#7924=ORIENTED_EDGE('',*,*,#5576,.T.);
#7925=ORIENTED_EDGE('',*,*,#5483,.F.);
#7926=ORIENTED_EDGE('',*,*,#5577,.F.);
#7927=ORIENTED_EDGE('',*,*,#5513,.T.);
#7928=ORIENTED_EDGE('',*,*,#5577,.T.);
#7929=ORIENTED_EDGE('',*,*,#5482,.F.);
#7930=ORIENTED_EDGE('',*,*,#5578,.F.);
#7931=ORIENTED_EDGE('',*,*,#5514,.T.);
#7932=ORIENTED_EDGE('',*,*,#5578,.T.);
#7933=ORIENTED_EDGE('',*,*,#5481,.F.);
#7934=ORIENTED_EDGE('',*,*,#5579,.F.);
#7935=ORIENTED_EDGE('',*,*,#5507,.T.);
#7936=ORIENTED_EDGE('',*,*,#5579,.T.);
#7937=ORIENTED_EDGE('',*,*,#5480,.F.);
#7938=ORIENTED_EDGE('',*,*,#5572,.F.);
#7939=ORIENTED_EDGE('',*,*,#5488,.F.);
#7940=ORIENTED_EDGE('',*,*,#5580,.T.);
#7941=ORIENTED_EDGE('',*,*,#5506,.T.);
#7942=ORIENTED_EDGE('',*,*,#5580,.F.);
#7943=ORIENTED_EDGE('',*,*,#5489,.F.);
#7944=ORIENTED_EDGE('',*,*,#5581,.T.);
#7945=ORIENTED_EDGE('',*,*,#5505,.T.);
#7946=ORIENTED_EDGE('',*,*,#5581,.F.);
#7947=ORIENTED_EDGE('',*,*,#5542,.F.);
#7948=ORIENTED_EDGE('',*,*,#5499,.F.);
#7949=ORIENTED_EDGE('',*,*,#5582,.T.);
#7950=ORIENTED_EDGE('',*,*,#5449,.F.);
#7951=ORIENTED_EDGE('',*,*,#5544,.F.);
#7952=ORIENTED_EDGE('',*,*,#5445,.F.);
#7953=ORIENTED_EDGE('',*,*,#5545,.F.);
#7954=ORIENTED_EDGE('',*,*,#5503,.F.);
#7955=ORIENTED_EDGE('',*,*,#5490,.F.);
#7956=ORIENTED_EDGE('',*,*,#5453,.F.);
#7957=ORIENTED_EDGE('',*,*,#5583,.F.);
#7958=ORIENTED_EDGE('',*,*,#5495,.F.);
#7959=ORIENTED_EDGE('',*,*,#5496,.F.);
#7960=ORIENTED_EDGE('',*,*,#5583,.T.);
#7961=ORIENTED_EDGE('',*,*,#5452,.F.);
#7962=ORIENTED_EDGE('',*,*,#5584,.F.);
#7963=ORIENTED_EDGE('',*,*,#5497,.T.);
#7964=ORIENTED_EDGE('',*,*,#5584,.T.);
#7965=ORIENTED_EDGE('',*,*,#5451,.F.);
#7966=ORIENTED_EDGE('',*,*,#5585,.F.);
#7967=ORIENTED_EDGE('',*,*,#5498,.T.);
#7968=ORIENTED_EDGE('',*,*,#5585,.T.);
#7969=ORIENTED_EDGE('',*,*,#5450,.F.);
#7970=ORIENTED_EDGE('',*,*,#5582,.F.);
#7971=ORIENTED_EDGE('',*,*,#4584,.T.);
#7972=ORIENTED_EDGE('',*,*,#4609,.T.);
#7973=ORIENTED_EDGE('',*,*,#4606,.T.);
#7974=ORIENTED_EDGE('',*,*,#4603,.T.);
#7975=ORIENTED_EDGE('',*,*,#4600,.T.);
#7976=ORIENTED_EDGE('',*,*,#4597,.T.);
#7977=ORIENTED_EDGE('',*,*,#4594,.T.);
#7978=ORIENTED_EDGE('',*,*,#4591,.T.);
#7979=ORIENTED_EDGE('',*,*,#4588,.T.);
#7980=ORIENTED_EDGE('',*,*,#5586,.T.);
#7981=ORIENTED_EDGE('',*,*,#5587,.T.);
#7982=ORIENTED_EDGE('',*,*,#5588,.F.);
#7983=ORIENTED_EDGE('',*,*,#5589,.F.);
#7984=ORIENTED_EDGE('',*,*,#5590,.T.);
#7985=ORIENTED_EDGE('',*,*,#5591,.T.);
#7986=ORIENTED_EDGE('',*,*,#5586,.F.);
#7987=ORIENTED_EDGE('',*,*,#5592,.F.);
#7988=ORIENTED_EDGE('',*,*,#5588,.T.);
#7989=ORIENTED_EDGE('',*,*,#5593,.T.);
#7990=ORIENTED_EDGE('',*,*,#5594,.F.);
#7991=ORIENTED_EDGE('',*,*,#5595,.F.);
#7992=ORIENTED_EDGE('',*,*,#5589,.T.);
#7993=ORIENTED_EDGE('',*,*,#5595,.T.);
#7994=ORIENTED_EDGE('',*,*,#5596,.T.);
#7995=ORIENTED_EDGE('',*,*,#5592,.T.);
#7996=ORIENTED_EDGE('',*,*,#5597,.F.);
#7997=ORIENTED_EDGE('',*,*,#5598,.F.);
#7998=ORIENTED_EDGE('',*,*,#5599,.F.);
#7999=ORIENTED_EDGE('',*,*,#5600,.F.);
#8000=ORIENTED_EDGE('',*,*,#5601,.F.);
#8001=ORIENTED_EDGE('',*,*,#5602,.F.);
#8002=ORIENTED_EDGE('',*,*,#5603,.F.);
#8003=ORIENTED_EDGE('',*,*,#5604,.F.);
#8004=ORIENTED_EDGE('',*,*,#5605,.F.);
#8005=ORIENTED_EDGE('',*,*,#5606,.F.);
#8006=ORIENTED_EDGE('',*,*,#5607,.F.);
#8007=ORIENTED_EDGE('',*,*,#5608,.F.);
#8008=ORIENTED_EDGE('',*,*,#5609,.F.);
#8009=ORIENTED_EDGE('',*,*,#5610,.F.);
#8010=ORIENTED_EDGE('',*,*,#5611,.F.);
#8011=ORIENTED_EDGE('',*,*,#5612,.F.);
#8012=ORIENTED_EDGE('',*,*,#5613,.F.);
#8013=ORIENTED_EDGE('',*,*,#5614,.F.);
#8014=ORIENTED_EDGE('',*,*,#5615,.F.);
#8015=ORIENTED_EDGE('',*,*,#5616,.F.);
#8016=ORIENTED_EDGE('',*,*,#5617,.F.);
#8017=ORIENTED_EDGE('',*,*,#5618,.F.);
#8018=ORIENTED_EDGE('',*,*,#5619,.F.);
#8019=ORIENTED_EDGE('',*,*,#5620,.F.);
#8020=ORIENTED_EDGE('',*,*,#5621,.F.);
#8021=ORIENTED_EDGE('',*,*,#5622,.F.);
#8022=ORIENTED_EDGE('',*,*,#5623,.F.);
#8023=ORIENTED_EDGE('',*,*,#5624,.F.);
#8024=ORIENTED_EDGE('',*,*,#5625,.F.);
#8025=ORIENTED_EDGE('',*,*,#5626,.F.);
#8026=ORIENTED_EDGE('',*,*,#5627,.F.);
#8027=ORIENTED_EDGE('',*,*,#5628,.F.);
#8028=ORIENTED_EDGE('',*,*,#5629,.F.);
#8029=ORIENTED_EDGE('',*,*,#5630,.F.);
#8030=ORIENTED_EDGE('',*,*,#5587,.F.);
#8031=ORIENTED_EDGE('',*,*,#5591,.F.);
#8032=ORIENTED_EDGE('',*,*,#5631,.F.);
#8033=ORIENTED_EDGE('',*,*,#5593,.F.);
#8034=ORIENTED_EDGE('',*,*,#5632,.T.);
#8035=ORIENTED_EDGE('',*,*,#5633,.T.);
#8036=ORIENTED_EDGE('',*,*,#5634,.T.);
#8037=ORIENTED_EDGE('',*,*,#5635,.T.);
#8038=ORIENTED_EDGE('',*,*,#5636,.T.);
#8039=ORIENTED_EDGE('',*,*,#5637,.T.);
#8040=ORIENTED_EDGE('',*,*,#5638,.T.);
#8041=ORIENTED_EDGE('',*,*,#5639,.T.);
#8042=ORIENTED_EDGE('',*,*,#5640,.T.);
#8043=ORIENTED_EDGE('',*,*,#5641,.T.);
#8044=ORIENTED_EDGE('',*,*,#5642,.T.);
#8045=ORIENTED_EDGE('',*,*,#5643,.T.);
#8046=ORIENTED_EDGE('',*,*,#5644,.T.);
#8047=ORIENTED_EDGE('',*,*,#5645,.T.);
#8048=ORIENTED_EDGE('',*,*,#5646,.T.);
#8049=ORIENTED_EDGE('',*,*,#5647,.T.);
#8050=ORIENTED_EDGE('',*,*,#5648,.T.);
#8051=ORIENTED_EDGE('',*,*,#5649,.T.);
#8052=ORIENTED_EDGE('',*,*,#5650,.T.);
#8053=ORIENTED_EDGE('',*,*,#5651,.T.);
#8054=ORIENTED_EDGE('',*,*,#5652,.T.);
#8055=ORIENTED_EDGE('',*,*,#5653,.T.);
#8056=ORIENTED_EDGE('',*,*,#5654,.T.);
#8057=ORIENTED_EDGE('',*,*,#5655,.T.);
#8058=ORIENTED_EDGE('',*,*,#5656,.T.);
#8059=ORIENTED_EDGE('',*,*,#5657,.T.);
#8060=ORIENTED_EDGE('',*,*,#5658,.T.);
#8061=ORIENTED_EDGE('',*,*,#5659,.T.);
#8062=ORIENTED_EDGE('',*,*,#5660,.T.);
#8063=ORIENTED_EDGE('',*,*,#5661,.T.);
#8064=ORIENTED_EDGE('',*,*,#5662,.T.);
#8065=ORIENTED_EDGE('',*,*,#5663,.T.);
#8066=ORIENTED_EDGE('',*,*,#5664,.T.);
#8067=ORIENTED_EDGE('',*,*,#5665,.T.);
#8068=ORIENTED_EDGE('',*,*,#5594,.T.);
#8069=ORIENTED_EDGE('',*,*,#5631,.T.);
#8070=ORIENTED_EDGE('',*,*,#5590,.F.);
#8071=ORIENTED_EDGE('',*,*,#5596,.F.);
#8072=ORIENTED_EDGE('',*,*,#5632,.F.);
#8073=ORIENTED_EDGE('',*,*,#5666,.T.);
#8074=ORIENTED_EDGE('',*,*,#5597,.T.);
#8075=ORIENTED_EDGE('',*,*,#5666,.F.);
#8076=ORIENTED_EDGE('',*,*,#5633,.F.);
#8077=ORIENTED_EDGE('',*,*,#5667,.T.);
#8078=ORIENTED_EDGE('',*,*,#5598,.T.);
#8079=ORIENTED_EDGE('',*,*,#5667,.F.);
#8080=ORIENTED_EDGE('',*,*,#5634,.F.);
#8081=ORIENTED_EDGE('',*,*,#5668,.T.);
#8082=ORIENTED_EDGE('',*,*,#5599,.T.);
#8083=ORIENTED_EDGE('',*,*,#5668,.F.);
#8084=ORIENTED_EDGE('',*,*,#5635,.F.);
#8085=ORIENTED_EDGE('',*,*,#5669,.T.);
#8086=ORIENTED_EDGE('',*,*,#5600,.T.);
#8087=ORIENTED_EDGE('',*,*,#5669,.F.);
#8088=ORIENTED_EDGE('',*,*,#5636,.F.);
#8089=ORIENTED_EDGE('',*,*,#5670,.T.);
#8090=ORIENTED_EDGE('',*,*,#5601,.T.);
#8091=ORIENTED_EDGE('',*,*,#5670,.F.);
#8092=ORIENTED_EDGE('',*,*,#5637,.F.);
#8093=ORIENTED_EDGE('',*,*,#5671,.T.);
#8094=ORIENTED_EDGE('',*,*,#5602,.T.);
#8095=ORIENTED_EDGE('',*,*,#5671,.F.);
#8096=ORIENTED_EDGE('',*,*,#5638,.F.);
#8097=ORIENTED_EDGE('',*,*,#5672,.T.);
#8098=ORIENTED_EDGE('',*,*,#5603,.T.);
#8099=ORIENTED_EDGE('',*,*,#5672,.F.);
#8100=ORIENTED_EDGE('',*,*,#5639,.F.);
#8101=ORIENTED_EDGE('',*,*,#5673,.T.);
#8102=ORIENTED_EDGE('',*,*,#5604,.T.);
#8103=ORIENTED_EDGE('',*,*,#5673,.F.);
#8104=ORIENTED_EDGE('',*,*,#5640,.F.);
#8105=ORIENTED_EDGE('',*,*,#5674,.T.);
#8106=ORIENTED_EDGE('',*,*,#5605,.T.);
#8107=ORIENTED_EDGE('',*,*,#5674,.F.);
#8108=ORIENTED_EDGE('',*,*,#5641,.F.);
#8109=ORIENTED_EDGE('',*,*,#5675,.T.);
#8110=ORIENTED_EDGE('',*,*,#5606,.T.);
#8111=ORIENTED_EDGE('',*,*,#5675,.F.);
#8112=ORIENTED_EDGE('',*,*,#5642,.F.);
#8113=ORIENTED_EDGE('',*,*,#5676,.T.);
#8114=ORIENTED_EDGE('',*,*,#5607,.T.);
#8115=ORIENTED_EDGE('',*,*,#5676,.F.);
#8116=ORIENTED_EDGE('',*,*,#5643,.F.);
#8117=ORIENTED_EDGE('',*,*,#5677,.T.);
#8118=ORIENTED_EDGE('',*,*,#5608,.T.);
#8119=ORIENTED_EDGE('',*,*,#5677,.F.);
#8120=ORIENTED_EDGE('',*,*,#5644,.F.);
#8121=ORIENTED_EDGE('',*,*,#5678,.T.);
#8122=ORIENTED_EDGE('',*,*,#5609,.T.);
#8123=ORIENTED_EDGE('',*,*,#5678,.F.);
#8124=ORIENTED_EDGE('',*,*,#5645,.F.);
#8125=ORIENTED_EDGE('',*,*,#5679,.T.);
#8126=ORIENTED_EDGE('',*,*,#5610,.T.);
#8127=ORIENTED_EDGE('',*,*,#5679,.F.);
#8128=ORIENTED_EDGE('',*,*,#5646,.F.);
#8129=ORIENTED_EDGE('',*,*,#5680,.T.);
#8130=ORIENTED_EDGE('',*,*,#5611,.T.);
#8131=ORIENTED_EDGE('',*,*,#5680,.F.);
#8132=ORIENTED_EDGE('',*,*,#5647,.F.);
#8133=ORIENTED_EDGE('',*,*,#5681,.T.);
#8134=ORIENTED_EDGE('',*,*,#5612,.T.);
#8135=ORIENTED_EDGE('',*,*,#5681,.F.);
#8136=ORIENTED_EDGE('',*,*,#5648,.F.);
#8137=ORIENTED_EDGE('',*,*,#5682,.T.);
#8138=ORIENTED_EDGE('',*,*,#5613,.T.);
#8139=ORIENTED_EDGE('',*,*,#5682,.F.);
#8140=ORIENTED_EDGE('',*,*,#5649,.F.);
#8141=ORIENTED_EDGE('',*,*,#5683,.T.);
#8142=ORIENTED_EDGE('',*,*,#5614,.T.);
#8143=ORIENTED_EDGE('',*,*,#5683,.F.);
#8144=ORIENTED_EDGE('',*,*,#5650,.F.);
#8145=ORIENTED_EDGE('',*,*,#5684,.T.);
#8146=ORIENTED_EDGE('',*,*,#5615,.T.);
#8147=ORIENTED_EDGE('',*,*,#5684,.F.);
#8148=ORIENTED_EDGE('',*,*,#5651,.F.);
#8149=ORIENTED_EDGE('',*,*,#5685,.T.);
#8150=ORIENTED_EDGE('',*,*,#5616,.T.);
#8151=ORIENTED_EDGE('',*,*,#5685,.F.);
#8152=ORIENTED_EDGE('',*,*,#5652,.F.);
#8153=ORIENTED_EDGE('',*,*,#5686,.T.);
#8154=ORIENTED_EDGE('',*,*,#5617,.T.);
#8155=ORIENTED_EDGE('',*,*,#5686,.F.);
#8156=ORIENTED_EDGE('',*,*,#5653,.F.);
#8157=ORIENTED_EDGE('',*,*,#5687,.T.);
#8158=ORIENTED_EDGE('',*,*,#5618,.T.);
#8159=ORIENTED_EDGE('',*,*,#5687,.F.);
#8160=ORIENTED_EDGE('',*,*,#5654,.F.);
#8161=ORIENTED_EDGE('',*,*,#5688,.T.);
#8162=ORIENTED_EDGE('',*,*,#5619,.T.);
#8163=ORIENTED_EDGE('',*,*,#5688,.F.);
#8164=ORIENTED_EDGE('',*,*,#5655,.F.);
#8165=ORIENTED_EDGE('',*,*,#5689,.T.);
#8166=ORIENTED_EDGE('',*,*,#5620,.T.);
#8167=ORIENTED_EDGE('',*,*,#5689,.F.);
#8168=ORIENTED_EDGE('',*,*,#5656,.F.);
#8169=ORIENTED_EDGE('',*,*,#5690,.T.);
#8170=ORIENTED_EDGE('',*,*,#5621,.T.);
#8171=ORIENTED_EDGE('',*,*,#5690,.F.);
#8172=ORIENTED_EDGE('',*,*,#5657,.F.);
#8173=ORIENTED_EDGE('',*,*,#5691,.T.);
#8174=ORIENTED_EDGE('',*,*,#5622,.T.);
#8175=ORIENTED_EDGE('',*,*,#5691,.F.);
#8176=ORIENTED_EDGE('',*,*,#5658,.F.);
#8177=ORIENTED_EDGE('',*,*,#5692,.T.);
#8178=ORIENTED_EDGE('',*,*,#5623,.T.);
#8179=ORIENTED_EDGE('',*,*,#5692,.F.);
#8180=ORIENTED_EDGE('',*,*,#5659,.F.);
#8181=ORIENTED_EDGE('',*,*,#5693,.T.);
#8182=ORIENTED_EDGE('',*,*,#5624,.T.);
#8183=ORIENTED_EDGE('',*,*,#5693,.F.);
#8184=ORIENTED_EDGE('',*,*,#5660,.F.);
#8185=ORIENTED_EDGE('',*,*,#5694,.T.);
#8186=ORIENTED_EDGE('',*,*,#5625,.T.);
#8187=ORIENTED_EDGE('',*,*,#5694,.F.);
#8188=ORIENTED_EDGE('',*,*,#5661,.F.);
#8189=ORIENTED_EDGE('',*,*,#5695,.T.);
#8190=ORIENTED_EDGE('',*,*,#5626,.T.);
#8191=ORIENTED_EDGE('',*,*,#5695,.F.);
#8192=ORIENTED_EDGE('',*,*,#5662,.F.);
#8193=ORIENTED_EDGE('',*,*,#5696,.T.);
#8194=ORIENTED_EDGE('',*,*,#5627,.T.);
#8195=ORIENTED_EDGE('',*,*,#5696,.F.);
#8196=ORIENTED_EDGE('',*,*,#5663,.F.);
#8197=ORIENTED_EDGE('',*,*,#5697,.T.);
#8198=ORIENTED_EDGE('',*,*,#5628,.T.);
#8199=ORIENTED_EDGE('',*,*,#5697,.F.);
#8200=ORIENTED_EDGE('',*,*,#5664,.F.);
#8201=ORIENTED_EDGE('',*,*,#5698,.T.);
#8202=ORIENTED_EDGE('',*,*,#5629,.T.);
#8203=ORIENTED_EDGE('',*,*,#5698,.F.);
#8204=ORIENTED_EDGE('',*,*,#5665,.F.);
#8205=ORIENTED_EDGE('',*,*,#5699,.T.);
#8206=ORIENTED_EDGE('',*,*,#5630,.T.);
#8207=ORIENTED_EDGE('',*,*,#5699,.F.);
#8208=CYLINDRICAL_SURFACE('',#8772,5.);
#8209=CYLINDRICAL_SURFACE('',#8784,5.);
#8210=CYLINDRICAL_SURFACE('',#8786,5.);
#8211=CYLINDRICAL_SURFACE('',#8789,5.);
#8212=CYLINDRICAL_SURFACE('',#8797,3.);
#8213=CYLINDRICAL_SURFACE('',#8800,3.);
#8214=CYLINDRICAL_SURFACE('',#8803,3.);
#8215=CYLINDRICAL_SURFACE('',#8806,3.);
#8216=CYLINDRICAL_SURFACE('',#8814,1.7);
#8217=CYLINDRICAL_SURFACE('',#8817,1.7);
#8218=CYLINDRICAL_SURFACE('',#8820,1.7);
#8219=CYLINDRICAL_SURFACE('',#8823,1.7);
#8220=CYLINDRICAL_SURFACE('',#9017,5.);
#8221=CYLINDRICAL_SURFACE('',#9044,5.);
#8222=CYLINDRICAL_SURFACE('',#9046,5.);
#8223=CYLINDRICAL_SURFACE('',#9047,5.);
#8224=CYLINDRICAL_SURFACE('',#9049,0.499999999999998);
#8225=CYLINDRICAL_SURFACE('',#9051,0.500000000000003);
#8226=CYLINDRICAL_SURFACE('',#9053,0.500000000000003);
#8227=CYLINDRICAL_SURFACE('',#9055,0.499999999999998);
#8228=CYLINDRICAL_SURFACE('',#9056,1.7);
#8229=CYLINDRICAL_SURFACE('',#9058,0.5);
#8230=CYLINDRICAL_SURFACE('',#9060,0.500000000000003);
#8231=CYLINDRICAL_SURFACE('',#9062,0.499999999999998);
#8232=CYLINDRICAL_SURFACE('',#9064,0.499999999999998);
#8233=CYLINDRICAL_SURFACE('',#9065,1.7);
#8234=CYLINDRICAL_SURFACE('',#9067,0.5);
#8235=CYLINDRICAL_SURFACE('',#9069,0.499999999999998);
#8236=CYLINDRICAL_SURFACE('',#9071,0.499999999999998);
#8237=CYLINDRICAL_SURFACE('',#9073,0.5);
#8238=CYLINDRICAL_SURFACE('',#9075,0.499999999999998);
#8239=CYLINDRICAL_SURFACE('',#9077,0.499999999999998);
#8240=CYLINDRICAL_SURFACE('',#9079,0.500000000000003);
#8241=CYLINDRICAL_SURFACE('',#9081,0.5);
#8242=CYLINDRICAL_SURFACE('',#9082,1.7);
#8243=CYLINDRICAL_SURFACE('',#9083,1.7);
#8244=CYLINDRICAL_SURFACE('',#9167,0.85);
#8245=CYLINDRICAL_SURFACE('',#9168,0.75);
#8246=CYLINDRICAL_SURFACE('',#9169,2.);
#8247=CYLINDRICAL_SURFACE('',#9170,0.85);
#8248=CYLINDRICAL_SURFACE('',#9171,0.75);
#8249=CYLINDRICAL_SURFACE('',#9172,0.85);
#8250=CYLINDRICAL_SURFACE('',#9173,0.75);
#8251=CYLINDRICAL_SURFACE('',#9174,2.);
#8252=CYLINDRICAL_SURFACE('',#9175,0.85);
#8253=CYLINDRICAL_SURFACE('',#9176,0.85);
#8254=CYLINDRICAL_SURFACE('',#9177,0.75);
#8255=CYLINDRICAL_SURFACE('',#9178,2.);
#8256=CYLINDRICAL_SURFACE('',#9179,0.85);
#8257=CYLINDRICAL_SURFACE('',#9180,0.75);
#8258=CYLINDRICAL_SURFACE('',#9181,0.85);
#8259=CYLINDRICAL_SURFACE('',#9182,0.75);
#8260=CYLINDRICAL_SURFACE('',#9183,2.);
#8261=CYLINDRICAL_SURFACE('',#9184,0.85);
#8262=CYLINDRICAL_SURFACE('',#9185,0.75);
#8263=CYLINDRICAL_SURFACE('',#9186,0.4445);
#8264=CYLINDRICAL_SURFACE('',#9187,0.4445);
#8265=CYLINDRICAL_SURFACE('',#9188,0.4445);
#8266=CYLINDRICAL_SURFACE('',#9189,0.4445);
#8267=CYLINDRICAL_SURFACE('',#9190,0.4445);
#8268=CYLINDRICAL_SURFACE('',#9191,0.4445);
#8269=CYLINDRICAL_SURFACE('',#9192,0.4445);
#8270=CYLINDRICAL_SURFACE('',#9193,0.75);
#8271=CYLINDRICAL_SURFACE('',#9194,0.4445);
#8272=CYLINDRICAL_SURFACE('',#9195,0.4445);
#8273=CYLINDRICAL_SURFACE('',#9196,0.4445);
#8274=CYLINDRICAL_SURFACE('',#9197,0.4445);
#8275=CYLINDRICAL_SURFACE('',#9198,0.4445);
#8276=CYLINDRICAL_SURFACE('',#9199,0.4445);
#8277=CYLINDRICAL_SURFACE('',#9200,0.4445);
#8278=ADVANCED_FACE('',(#885),#8208,.T.);
#8279=ADVANCED_FACE('',(#886,#546,#547,#548,#549),#669,.T.);
#8280=ADVANCED_FACE('',(#887),#670,.T.);
#8281=ADVANCED_FACE('',(#888),#8209,.T.);
#8282=ADVANCED_FACE('',(#889),#8210,.T.);
#8283=ADVANCED_FACE('',(#890),#671,.T.);
#8284=ADVANCED_FACE('',(#891),#8211,.T.);
#8285=ADVANCED_FACE('',(#892),#672,.F.);
#8286=ADVANCED_FACE('',(#893),#673,.F.);
#8287=ADVANCED_FACE('',(#894),#674,.F.);
#8288=ADVANCED_FACE('',(#895),#675,.T.);
#8289=ADVANCED_FACE('',(#896),#676,.T.);
#8290=ADVANCED_FACE('',(#897),#677,.T.);
#8291=ADVANCED_FACE('',(#898),#8212,.F.);
#8292=ADVANCED_FACE('',(#899),#8213,.F.);
#8293=ADVANCED_FACE('',(#900),#8214,.F.);
#8294=ADVANCED_FACE('',(#901),#8215,.F.);
#8295=ADVANCED_FACE('',(#902),#678,.T.);
#8296=ADVANCED_FACE('',(#903),#679,.T.);
#8297=ADVANCED_FACE('',(#904),#680,.T.);
#8298=ADVANCED_FACE('',(#905),#681,.T.);
#8299=ADVANCED_FACE('',(#906,#550,#551,#552,#553),#682,.F.);
#8300=ADVANCED_FACE('',(#907),#8216,.F.);
#8301=ADVANCED_FACE('',(#908,#554),#683,.F.);
#8302=ADVANCED_FACE('',(#909),#8217,.F.);
#8303=ADVANCED_FACE('',(#910,#555),#684,.F.);
#8304=ADVANCED_FACE('',(#911),#8218,.F.);
#8305=ADVANCED_FACE('',(#912,#556),#685,.F.);
#8306=ADVANCED_FACE('',(#913),#8219,.F.);
#8307=ADVANCED_FACE('',(#914,#557),#686,.F.);
#8308=ADVANCED_FACE('',(#915),#687,.F.);
#8309=ADVANCED_FACE('',(#916),#688,.F.);
#8310=ADVANCED_FACE('',(#917),#689,.F.);
#8311=ADVANCED_FACE('',(#918),#690,.F.);
#8312=ADVANCED_FACE('',(#919),#691,.F.);
#8313=ADVANCED_FACE('',(#920),#692,.F.);
#8314=ADVANCED_FACE('',(#921),#693,.F.);
#8315=ADVANCED_FACE('',(#922),#694,.F.);
#8316=ADVANCED_FACE('',(#923),#695,.F.);
#8317=ADVANCED_FACE('',(#924),#696,.F.);
#8318=ADVANCED_FACE('',(#925),#697,.F.);
#8319=ADVANCED_FACE('',(#926),#698,.F.);
#8320=ADVANCED_FACE('',(#927),#699,.F.);
#8321=ADVANCED_FACE('',(#928),#700,.F.);
#8322=ADVANCED_FACE('',(#929),#701,.F.);
#8323=ADVANCED_FACE('',(#930),#702,.F.);
#8324=ADVANCED_FACE('',(#931),#703,.F.);
#8325=ADVANCED_FACE('',(#932),#704,.F.);
#8326=ADVANCED_FACE('',(#933),#705,.F.);
#8327=ADVANCED_FACE('',(#934),#706,.F.);
#8328=ADVANCED_FACE('',(#935),#707,.F.);
#8329=ADVANCED_FACE('',(#936),#708,.F.);
#8330=ADVANCED_FACE('',(#937),#709,.F.);
#8331=ADVANCED_FACE('',(#938),#710,.F.);
#8332=ADVANCED_FACE('',(#939),#711,.F.);
#8333=ADVANCED_FACE('',(#940),#365,.F.);
#8334=ADVANCED_FACE('',(#941),#366,.F.);
#8335=ADVANCED_FACE('',(#942),#367,.F.);
#8336=ADVANCED_FACE('',(#943),#368,.F.);
#8337=ADVANCED_FACE('',(#944),#369,.F.);
#8338=ADVANCED_FACE('',(#945),#370,.F.);
#8339=ADVANCED_FACE('',(#946),#712,.F.);
#8340=ADVANCED_FACE('',(#947),#713,.F.);
#8341=ADVANCED_FACE('',(#948),#714,.F.);
#8342=ADVANCED_FACE('',(#949),#371,.F.);
#8343=ADVANCED_FACE('',(#950),#372,.F.);
#8344=ADVANCED_FACE('',(#951),#373,.F.);
#8345=ADVANCED_FACE('',(#952),#374,.F.);
#8346=ADVANCED_FACE('',(#953),#375,.F.);
#8347=ADVANCED_FACE('',(#954),#376,.F.);
#8348=ADVANCED_FACE('',(#955),#377,.F.);
#8349=ADVANCED_FACE('',(#956),#715,.F.);
#8350=ADVANCED_FACE('',(#957),#716,.F.);
#8351=ADVANCED_FACE('',(#958),#378,.F.);
#8352=ADVANCED_FACE('',(#959),#379,.F.);
#8353=ADVANCED_FACE('',(#960),#380,.F.);
#8354=ADVANCED_FACE('',(#961),#381,.F.);
#8355=ADVANCED_FACE('',(#962),#382,.F.);
#8356=ADVANCED_FACE('',(#963),#383,.F.);
#8357=ADVANCED_FACE('',(#964),#384,.F.);
#8358=ADVANCED_FACE('',(#965),#385,.F.);
#8359=ADVANCED_FACE('',(#966),#386,.F.);
#8360=ADVANCED_FACE('',(#967),#387,.F.);
#8361=ADVANCED_FACE('',(#968),#388,.F.);
#8362=ADVANCED_FACE('',(#969),#717,.F.);
#8363=ADVANCED_FACE('',(#970),#718,.F.);
#8364=ADVANCED_FACE('',(#971),#719,.F.);
#8365=ADVANCED_FACE('',(#972,#558,#559),#720,.T.);
#8366=ADVANCED_FACE('',(#973),#389,.F.);
#8367=ADVANCED_FACE('',(#974),#390,.F.);
#8368=ADVANCED_FACE('',(#975),#721,.F.);
#8369=ADVANCED_FACE('',(#976),#722,.F.);
#8370=ADVANCED_FACE('',(#977),#723,.F.);
#8371=ADVANCED_FACE('',(#978),#724,.F.);
#8372=ADVANCED_FACE('',(#979),#725,.F.);
#8373=ADVANCED_FACE('',(#980),#726,.F.);
#8374=ADVANCED_FACE('',(#981),#727,.F.);
#8375=ADVANCED_FACE('',(#982),#728,.F.);
#8376=ADVANCED_FACE('',(#983),#729,.F.);
#8377=ADVANCED_FACE('',(#984),#730,.F.);
#8378=ADVANCED_FACE('',(#985),#731,.F.);
#8379=ADVANCED_FACE('',(#986,#560),#732,.T.);
#8380=ADVANCED_FACE('',(#987),#733,.F.);
#8381=ADVANCED_FACE('',(#988),#391,.F.);
#8382=ADVANCED_FACE('',(#989),#392,.F.);
#8383=ADVANCED_FACE('',(#990),#393,.F.);
#8384=ADVANCED_FACE('',(#991),#394,.F.);
#8385=ADVANCED_FACE('',(#992),#395,.F.);
#8386=ADVANCED_FACE('',(#993),#396,.F.);
#8387=ADVANCED_FACE('',(#994),#397,.F.);
#8388=ADVANCED_FACE('',(#995),#398,.F.);
#8389=ADVANCED_FACE('',(#996),#399,.F.);
#8390=ADVANCED_FACE('',(#997),#400,.F.);
#8391=ADVANCED_FACE('',(#998),#401,.F.);
#8392=ADVANCED_FACE('',(#999),#402,.F.);
#8393=ADVANCED_FACE('',(#1000),#734,.F.);
#8394=ADVANCED_FACE('',(#1001),#403,.F.);
#8395=ADVANCED_FACE('',(#1002),#404,.F.);
#8396=ADVANCED_FACE('',(#1003),#405,.F.);
#8397=ADVANCED_FACE('',(#1004),#406,.F.);
#8398=ADVANCED_FACE('',(#1005),#407,.F.);
#8399=ADVANCED_FACE('',(#1006),#408,.F.);
#8400=ADVANCED_FACE('',(#1007),#409,.F.);
#8401=ADVANCED_FACE('',(#1008),#410,.F.);
#8402=ADVANCED_FACE('',(#1009),#411,.F.);
#8403=ADVANCED_FACE('',(#1010),#412,.F.);
#8404=ADVANCED_FACE('',(#1011),#413,.F.);
#8405=ADVANCED_FACE('',(#1012),#735,.F.);
#8406=ADVANCED_FACE('',(#1013),#736,.F.);
#8407=ADVANCED_FACE('',(#1014),#737,.F.);
#8408=ADVANCED_FACE('',(#1015),#738,.F.);
#8409=ADVANCED_FACE('',(#1016),#739,.T.);
#8410=ADVANCED_FACE('',(#1017),#414,.F.);
#8411=ADVANCED_FACE('',(#1018),#415,.F.);
#8412=ADVANCED_FACE('',(#1019),#416,.F.);
#8413=ADVANCED_FACE('',(#1020),#417,.F.);
#8414=ADVANCED_FACE('',(#1021),#418,.F.);
#8415=ADVANCED_FACE('',(#1022),#419,.F.);
#8416=ADVANCED_FACE('',(#1023),#420,.F.);
#8417=ADVANCED_FACE('',(#1024),#421,.F.);
#8418=ADVANCED_FACE('',(#1025),#422,.F.);
#8419=ADVANCED_FACE('',(#1026),#423,.F.);
#8420=ADVANCED_FACE('',(#1027),#424,.F.);
#8421=ADVANCED_FACE('',(#1028),#425,.F.);
#8422=ADVANCED_FACE('',(#1029),#426,.F.);
#8423=ADVANCED_FACE('',(#1030),#427,.F.);
#8424=ADVANCED_FACE('',(#1031),#428,.F.);
#8425=ADVANCED_FACE('',(#1032),#429,.F.);
#8426=ADVANCED_FACE('',(#1033),#430,.F.);
#8427=ADVANCED_FACE('',(#1034),#431,.F.);
#8428=ADVANCED_FACE('',(#1035),#432,.F.);
#8429=ADVANCED_FACE('',(#1036),#433,.F.);
#8430=ADVANCED_FACE('',(#1037,#561),#740,.T.);
#8431=ADVANCED_FACE('',(#1038),#741,.F.);
#8432=ADVANCED_FACE('',(#1039),#742,.F.);
#8433=ADVANCED_FACE('',(#1040),#743,.F.);
#8434=ADVANCED_FACE('',(#1041),#744,.F.);
#8435=ADVANCED_FACE('',(#1042),#745,.F.);
#8436=ADVANCED_FACE('',(#1043),#746,.F.);
#8437=ADVANCED_FACE('',(#1044),#747,.F.);
#8438=ADVANCED_FACE('',(#1045),#748,.F.);
#8439=ADVANCED_FACE('',(#1046),#749,.F.);
#8440=ADVANCED_FACE('',(#1047),#750,.F.);
#8441=ADVANCED_FACE('',(#1048),#434,.F.);
#8442=ADVANCED_FACE('',(#1049),#435,.F.);
#8443=ADVANCED_FACE('',(#1050),#436,.F.);
#8444=ADVANCED_FACE('',(#1051),#437,.F.);
#8445=ADVANCED_FACE('',(#1052),#438,.F.);
#8446=ADVANCED_FACE('',(#1053),#751,.F.);
#8447=ADVANCED_FACE('',(#1054),#752,.F.);
#8448=ADVANCED_FACE('',(#1055),#753,.F.);
#8449=ADVANCED_FACE('',(#1056),#754,.F.);
#8450=ADVANCED_FACE('',(#1057),#439,.F.);
#8451=ADVANCED_FACE('',(#1058),#440,.F.);
#8452=ADVANCED_FACE('',(#1059),#441,.F.);
#8453=ADVANCED_FACE('',(#1060),#442,.F.);
#8454=ADVANCED_FACE('',(#1061),#443,.F.);
#8455=ADVANCED_FACE('',(#1062),#444,.F.);
#8456=ADVANCED_FACE('',(#1063),#755,.F.);
#8457=ADVANCED_FACE('',(#1064),#756,.F.);
#8458=ADVANCED_FACE('',(#1065),#757,.F.);
#8459=ADVANCED_FACE('',(#1066,#562),#758,.T.);
#8460=ADVANCED_FACE('',(#1067),#759,.F.);
#8461=ADVANCED_FACE('',(#1068),#760,.F.);
#8462=ADVANCED_FACE('',(#1069),#761,.F.);
#8463=ADVANCED_FACE('',(#1070),#762,.F.);
#8464=ADVANCED_FACE('',(#1071),#763,.F.);
#8465=ADVANCED_FACE('',(#1072),#764,.F.);
#8466=ADVANCED_FACE('',(#1073),#765,.F.);
#8467=ADVANCED_FACE('',(#1074),#766,.F.);
#8468=ADVANCED_FACE('',(#1075),#767,.F.);
#8469=ADVANCED_FACE('',(#1076),#768,.F.);
#8470=ADVANCED_FACE('',(#1077),#769,.F.);
#8471=ADVANCED_FACE('',(#1078),#770,.F.);
#8472=ADVANCED_FACE('',(#1079),#771,.F.);
#8473=ADVANCED_FACE('',(#1080),#772,.F.);
#8474=ADVANCED_FACE('',(#1081),#773,.F.);
#8475=ADVANCED_FACE('',(#1082),#774,.F.);
#8476=ADVANCED_FACE('',(#1083),#775,.F.);
#8477=ADVANCED_FACE('',(#1084),#776,.F.);
#8478=ADVANCED_FACE('',(#1085),#777,.F.);
#8479=ADVANCED_FACE('',(#1086),#778,.F.);
#8480=ADVANCED_FACE('',(#1087),#445,.F.);
#8481=ADVANCED_FACE('',(#1088),#446,.F.);
#8482=ADVANCED_FACE('',(#1089),#779,.F.);
#8483=ADVANCED_FACE('',(#1090),#780,.F.);
#8484=ADVANCED_FACE('',(#1091),#781,.F.);
#8485=ADVANCED_FACE('',(#1092),#782,.F.);
#8486=ADVANCED_FACE('',(#1093),#783,.F.);
#8487=ADVANCED_FACE('',(#1094),#784,.T.);
#8488=ADVANCED_FACE('',(#1095),#785,.F.);
#8489=ADVANCED_FACE('',(#1096),#786,.F.);
#8490=ADVANCED_FACE('',(#1097),#787,.F.);
#8491=ADVANCED_FACE('',(#1098),#788,.F.);
#8492=ADVANCED_FACE('',(#1099),#789,.F.);
#8493=ADVANCED_FACE('',(#1100),#790,.F.);
#8494=ADVANCED_FACE('',(#1101),#791,.F.);
#8495=ADVANCED_FACE('',(#1102),#792,.F.);
#8496=ADVANCED_FACE('',(#1103),#793,.F.);
#8497=ADVANCED_FACE('',(#1104),#794,.F.);
#8498=ADVANCED_FACE('',(#1105),#795,.F.);
#8499=ADVANCED_FACE('',(#1106),#796,.F.);
#8500=ADVANCED_FACE('',(#1107),#447,.F.);
#8501=ADVANCED_FACE('',(#1108),#448,.F.);
#8502=ADVANCED_FACE('',(#1109),#449,.F.);
#8503=ADVANCED_FACE('',(#1110),#450,.F.);
#8504=ADVANCED_FACE('',(#1111),#451,.F.);
#8505=ADVANCED_FACE('',(#1112),#452,.F.);
#8506=ADVANCED_FACE('',(#1113),#453,.F.);
#8507=ADVANCED_FACE('',(#1114),#797,.F.);
#8508=ADVANCED_FACE('',(#1115),#798,.F.);
#8509=ADVANCED_FACE('',(#1116),#454,.F.);
#8510=ADVANCED_FACE('',(#1117),#455,.F.);
#8511=ADVANCED_FACE('',(#1118),#456,.F.);
#8512=ADVANCED_FACE('',(#1119),#457,.F.);
#8513=ADVANCED_FACE('',(#1120),#458,.F.);
#8514=ADVANCED_FACE('',(#1121),#459,.F.);
#8515=ADVANCED_FACE('',(#1122),#460,.F.);
#8516=ADVANCED_FACE('',(#1123),#461,.F.);
#8517=ADVANCED_FACE('',(#1124),#462,.F.);
#8518=ADVANCED_FACE('',(#1125),#799,.F.);
#8519=ADVANCED_FACE('',(#1126),#800,.F.);
#8520=ADVANCED_FACE('',(#1127),#801,.F.);
#8521=ADVANCED_FACE('',(#1128,#563),#802,.T.);
#8522=ADVANCED_FACE('',(#1129),#803,.F.);
#8523=ADVANCED_FACE('',(#1130),#463,.F.);
#8524=ADVANCED_FACE('',(#1131),#464,.F.);
#8525=ADVANCED_FACE('',(#1132),#465,.F.);
#8526=ADVANCED_FACE('',(#1133),#466,.F.);
#8527=ADVANCED_FACE('',(#1134),#467,.F.);
#8528=ADVANCED_FACE('',(#1135),#804,.F.);
#8529=ADVANCED_FACE('',(#1136),#805,.F.);
#8530=ADVANCED_FACE('',(#1137),#806,.F.);
#8531=ADVANCED_FACE('',(#1138),#807,.F.);
#8532=ADVANCED_FACE('',(#1139),#468,.F.);
#8533=ADVANCED_FACE('',(#1140),#469,.F.);
#8534=ADVANCED_FACE('',(#1141),#470,.F.);
#8535=ADVANCED_FACE('',(#1142),#471,.F.);
#8536=ADVANCED_FACE('',(#1143),#808,.F.);
#8537=ADVANCED_FACE('',(#1144),#809,.F.);
#8538=ADVANCED_FACE('',(#1145),#810,.F.);
#8539=ADVANCED_FACE('',(#1146),#472,.F.);
#8540=ADVANCED_FACE('',(#1147),#473,.F.);
#8541=ADVANCED_FACE('',(#1148),#474,.F.);
#8542=ADVANCED_FACE('',(#1149),#475,.F.);
#8543=ADVANCED_FACE('',(#1150),#476,.F.);
#8544=ADVANCED_FACE('',(#1151),#477,.F.);
#8545=ADVANCED_FACE('',(#1152),#478,.F.);
#8546=ADVANCED_FACE('',(#1153),#811,.F.);
#8547=ADVANCED_FACE('',(#1154),#812,.F.);
#8548=ADVANCED_FACE('',(#1155),#813,.F.);
#8549=ADVANCED_FACE('',(#1156,#564),#814,.T.);
#8550=ADVANCED_FACE('',(#1157),#479,.F.);
#8551=ADVANCED_FACE('',(#1158),#480,.F.);
#8552=ADVANCED_FACE('',(#1159),#481,.F.);
#8553=ADVANCED_FACE('',(#1160),#482,.F.);
#8554=ADVANCED_FACE('',(#1161),#483,.F.);
#8555=ADVANCED_FACE('',(#1162),#484,.F.);
#8556=ADVANCED_FACE('',(#1163),#485,.F.);
#8557=ADVANCED_FACE('',(#1164),#486,.F.);
#8558=ADVANCED_FACE('',(#1165),#487,.F.);
#8559=ADVANCED_FACE('',(#1166),#488,.F.);
#8560=ADVANCED_FACE('',(#1167),#489,.F.);
#8561=ADVANCED_FACE('',(#1168),#490,.F.);
#8562=ADVANCED_FACE('',(#1169),#491,.F.);
#8563=ADVANCED_FACE('',(#1170),#492,.F.);
#8564=ADVANCED_FACE('',(#1171),#493,.F.);
#8565=ADVANCED_FACE('',(#1172),#494,.F.);
#8566=ADVANCED_FACE('',(#1173),#495,.F.);
#8567=ADVANCED_FACE('',(#1174),#496,.F.);
#8568=ADVANCED_FACE('',(#1175),#497,.F.);
#8569=ADVANCED_FACE('',(#1176),#498,.F.);
#8570=ADVANCED_FACE('',(#1177,#565),#815,.T.);
#8571=ADVANCED_FACE('',(#1178),#499,.F.);
#8572=ADVANCED_FACE('',(#1179),#500,.F.);
#8573=ADVANCED_FACE('',(#1180),#501,.F.);
#8574=ADVANCED_FACE('',(#1181),#502,.F.);
#8575=ADVANCED_FACE('',(#1182),#503,.F.);
#8576=ADVANCED_FACE('',(#1183),#504,.F.);
#8577=ADVANCED_FACE('',(#1184),#505,.F.);
#8578=ADVANCED_FACE('',(#1185),#506,.F.);
#8579=ADVANCED_FACE('',(#1186),#507,.F.);
#8580=ADVANCED_FACE('',(#1187),#508,.F.);
#8581=ADVANCED_FACE('',(#1188),#509,.F.);
#8582=ADVANCED_FACE('',(#1189),#510,.F.);
#8583=ADVANCED_FACE('',(#1190),#511,.F.);
#8584=ADVANCED_FACE('',(#1191),#512,.F.);
#8585=ADVANCED_FACE('',(#1192),#816,.F.);
#8586=ADVANCED_FACE('',(#1193),#513,.F.);
#8587=ADVANCED_FACE('',(#1194),#514,.F.);
#8588=ADVANCED_FACE('',(#1195),#515,.F.);
#8589=ADVANCED_FACE('',(#1196),#516,.F.);
#8590=ADVANCED_FACE('',(#1197),#517,.F.);
#8591=ADVANCED_FACE('',(#1198),#518,.F.);
#8592=ADVANCED_FACE('',(#1199),#519,.F.);
#8593=ADVANCED_FACE('',(#1200),#520,.F.);
#8594=ADVANCED_FACE('',(#1201),#521,.F.);
#8595=ADVANCED_FACE('',(#1202),#522,.F.);
#8596=ADVANCED_FACE('',(#1203),#523,.F.);
#8597=ADVANCED_FACE('',(#1204),#524,.F.);
#8598=ADVANCED_FACE('',(#1205),#525,.F.);
#8599=ADVANCED_FACE('',(#1206),#526,.F.);
#8600=ADVANCED_FACE('',(#1207),#527,.F.);
#8601=ADVANCED_FACE('',(#1208),#528,.F.);
#8602=ADVANCED_FACE('',(#1209),#529,.F.);
#8603=ADVANCED_FACE('',(#1210),#530,.F.);
#8604=ADVANCED_FACE('',(#1211),#817,.F.);
#8605=ADVANCED_FACE('',(#1212),#531,.F.);
#8606=ADVANCED_FACE('',(#1213),#818,.T.);
#8607=ADVANCED_FACE('',(#1214),#532,.F.);
#8608=ADVANCED_FACE('',(#1215),#533,.F.);
#8609=ADVANCED_FACE('',(#1216),#819,.F.);
#8610=ADVANCED_FACE('',(#1217),#820,.F.);
#8611=ADVANCED_FACE('',(#1218),#821,.F.);
#8612=ADVANCED_FACE('',(#1219),#822,.F.);
#8613=ADVANCED_FACE('',(#1220),#823,.F.);
#8614=ADVANCED_FACE('',(#1221),#824,.F.);
#8615=ADVANCED_FACE('',(#1222),#825,.F.);
#8616=ADVANCED_FACE('',(#1223),#826,.F.);
#8617=ADVANCED_FACE('',(#1224),#827,.F.);
#8618=ADVANCED_FACE('',(#1225),#828,.F.);
#8619=ADVANCED_FACE('',(#1226),#829,.F.);
#8620=ADVANCED_FACE('',(#1227,#566),#830,.T.);
#8621=ADVANCED_FACE('',(#1228),#831,.F.);
#8622=ADVANCED_FACE('',(#1229),#832,.F.);
#8623=ADVANCED_FACE('',(#1230),#833,.F.);
#8624=ADVANCED_FACE('',(#1231),#834,.F.);
#8625=ADVANCED_FACE('',(#1232),#835,.F.);
#8626=ADVANCED_FACE('',(#1233),#836,.F.);
#8627=ADVANCED_FACE('',(#1234),#837,.F.);
#8628=ADVANCED_FACE('',(#1235),#838,.F.);
#8629=ADVANCED_FACE('',(#1236),#839,.F.);
#8630=ADVANCED_FACE('',(#1237),#840,.F.);
#8631=ADVANCED_FACE('',(#1238),#841,.F.);
#8632=ADVANCED_FACE('',(#1239),#842,.F.);
#8633=ADVANCED_FACE('',(#1240),#843,.F.);
#8634=ADVANCED_FACE('',(#1241,#567,#568,#569,#570,#571,#572,#573,#574,#575,
#576,#577,#578,#579,#580,#581,#582,#583,#584,#585,#586,#587,#588,#589,#590,
#591,#592),#844,.T.);
#8635=ADVANCED_FACE('',(#1242),#845,.T.);
#8636=ADVANCED_FACE('',(#1243),#846,.T.);
#8637=ADVANCED_FACE('',(#1244),#847,.T.);
#8638=ADVANCED_FACE('',(#1245),#848,.T.);
#8639=ADVANCED_FACE('',(#1246),#849,.T.);
#8640=ADVANCED_FACE('',(#1247),#850,.T.);
#8641=ADVANCED_FACE('',(#1248),#851,.T.);
#8642=ADVANCED_FACE('',(#1249),#852,.T.);
#8643=ADVANCED_FACE('',(#1250),#8220,.T.);
#8644=ADVANCED_FACE('',(#1251),#853,.T.);
#8645=ADVANCED_FACE('',(#1252,#593,#594,#595,#596,#597,#598,#599,#600),
#854,.F.);
#8646=ADVANCED_FACE('',(#1253),#8221,.T.);
#8647=ADVANCED_FACE('',(#1254),#855,.T.);
#8648=ADVANCED_FACE('',(#1255),#8222,.T.);
#8649=ADVANCED_FACE('',(#1256),#8223,.T.);
#8650=ADVANCED_FACE('',(#1257),#856,.T.);
#8651=ADVANCED_FACE('',(#1258),#8224,.F.);
#8652=ADVANCED_FACE('',(#1259),#857,.T.);
#8653=ADVANCED_FACE('',(#1260),#8225,.F.);
#8654=ADVANCED_FACE('',(#1261),#858,.T.);
#8655=ADVANCED_FACE('',(#1262),#8226,.F.);
#8656=ADVANCED_FACE('',(#1263),#859,.T.);
#8657=ADVANCED_FACE('',(#1264),#8227,.F.);
#8658=ADVANCED_FACE('',(#1265),#8228,.F.);
#8659=ADVANCED_FACE('',(#1266),#860,.T.);
#8660=ADVANCED_FACE('',(#1267),#8229,.F.);
#8661=ADVANCED_FACE('',(#1268),#861,.T.);
#8662=ADVANCED_FACE('',(#1269),#8230,.F.);
#8663=ADVANCED_FACE('',(#1270),#862,.T.);
#8664=ADVANCED_FACE('',(#1271),#8231,.F.);
#8665=ADVANCED_FACE('',(#1272),#863,.T.);
#8666=ADVANCED_FACE('',(#1273),#8232,.F.);
#8667=ADVANCED_FACE('',(#1274),#8233,.F.);
#8668=ADVANCED_FACE('',(#1275),#864,.T.);
#8669=ADVANCED_FACE('',(#1276),#8234,.F.);
#8670=ADVANCED_FACE('',(#1277),#865,.T.);
#8671=ADVANCED_FACE('',(#1278),#8235,.F.);
#8672=ADVANCED_FACE('',(#1279),#866,.T.);
#8673=ADVANCED_FACE('',(#1280),#8236,.F.);
#8674=ADVANCED_FACE('',(#1281),#867,.T.);
#8675=ADVANCED_FACE('',(#1282),#8237,.F.);
#8676=ADVANCED_FACE('',(#1283),#868,.T.);
#8677=ADVANCED_FACE('',(#1284),#8238,.F.);
#8678=ADVANCED_FACE('',(#1285),#869,.T.);
#8679=ADVANCED_FACE('',(#1286),#8239,.F.);
#8680=ADVANCED_FACE('',(#1287),#870,.T.);
#8681=ADVANCED_FACE('',(#1288),#8240,.F.);
#8682=ADVANCED_FACE('',(#1289),#871,.T.);
#8683=ADVANCED_FACE('',(#1290),#8241,.F.);
#8684=ADVANCED_FACE('',(#1291),#8242,.F.);
#8685=ADVANCED_FACE('',(#1292),#8243,.F.);
#8686=ADVANCED_FACE('',(#1293),#872,.T.);
#8687=ADVANCED_FACE('',(#1294),#873,.T.);
#8688=ADVANCED_FACE('',(#1295),#874,.T.);
#8689=ADVANCED_FACE('',(#1296),#875,.T.);
#8690=ADVANCED_FACE('',(#1297),#876,.T.);
#8691=ADVANCED_FACE('',(#1298),#877,.T.);
#8692=ADVANCED_FACE('',(#1299),#878,.T.);
#8693=ADVANCED_FACE('',(#1300),#879,.T.);
#8694=ADVANCED_FACE('',(#1301),#880,.T.);
#8695=ADVANCED_FACE('',(#1302),#881,.T.);
#8696=ADVANCED_FACE('',(#1303,#601,#602,#603,#604,#605,#606,#607,#608,#609,
#610,#611,#612,#613,#614,#615,#616,#617,#618,#619,#620,#621,#622,#623,#624,
#625,#626,#627,#628,#629,#630,#631,#632,#633,#634),#882,.F.);
#8697=ADVANCED_FACE('',(#1304,#635,#636,#637,#638,#639,#640,#641,#642,#643,
#644,#645,#646,#647,#648,#649,#650,#651,#652,#653,#654,#655,#656,#657,#658,
#659,#660,#661,#662,#663,#664,#665,#666,#667,#668),#883,.T.);
#8698=ADVANCED_FACE('',(#1305),#884,.T.);
#8699=ADVANCED_FACE('',(#1306),#8244,.F.);
#8700=ADVANCED_FACE('',(#1307),#8245,.F.);
#8701=ADVANCED_FACE('',(#1308),#8246,.F.);
#8702=ADVANCED_FACE('',(#1309),#8247,.F.);
#8703=ADVANCED_FACE('',(#1310),#8248,.F.);
#8704=ADVANCED_FACE('',(#1311),#8249,.F.);
#8705=ADVANCED_FACE('',(#1312),#8250,.F.);
#8706=ADVANCED_FACE('',(#1313),#8251,.F.);
#8707=ADVANCED_FACE('',(#1314),#8252,.F.);
#8708=ADVANCED_FACE('',(#1315),#8253,.F.);
#8709=ADVANCED_FACE('',(#1316),#8254,.F.);
#8710=ADVANCED_FACE('',(#1317),#8255,.F.);
#8711=ADVANCED_FACE('',(#1318),#8256,.F.);
#8712=ADVANCED_FACE('',(#1319),#8257,.F.);
#8713=ADVANCED_FACE('',(#1320),#8258,.F.);
#8714=ADVANCED_FACE('',(#1321),#8259,.F.);
#8715=ADVANCED_FACE('',(#1322),#8260,.F.);
#8716=ADVANCED_FACE('',(#1323),#8261,.F.);
#8717=ADVANCED_FACE('',(#1324),#8262,.F.);
#8718=ADVANCED_FACE('',(#1325),#8263,.F.);
#8719=ADVANCED_FACE('',(#1326),#8264,.F.);
#8720=ADVANCED_FACE('',(#1327),#8265,.F.);
#8721=ADVANCED_FACE('',(#1328),#8266,.F.);
#8722=ADVANCED_FACE('',(#1329),#8267,.F.);
#8723=ADVANCED_FACE('',(#1330),#8268,.F.);
#8724=ADVANCED_FACE('',(#1331),#8269,.F.);
#8725=ADVANCED_FACE('',(#1332),#8270,.F.);
#8726=ADVANCED_FACE('',(#1333),#8271,.F.);
#8727=ADVANCED_FACE('',(#1334),#8272,.F.);
#8728=ADVANCED_FACE('',(#1335),#8273,.F.);
#8729=ADVANCED_FACE('',(#1336),#8274,.F.);
#8730=ADVANCED_FACE('',(#1337),#8275,.F.);
#8731=ADVANCED_FACE('',(#1338),#8276,.F.);
#8732=ADVANCED_FACE('',(#1339),#8277,.F.);
#8733=CLOSED_SHELL('',(#8278,#8279,#8280,#8281,#8282,#8283,#8284,#8285,
#8286,#8287,#8288,#8289,#8290,#8291,#8292,#8293,#8294,#8295,#8296,#8297,
#8298,#8299,#8300,#8301,#8302,#8303,#8304,#8305,#8306,#8307));
#8734=CLOSED_SHELL('',(#8308,#8309,#8310,#8311,#8312,#8313,#8314,#8315,
#8316,#8317,#8318,#8319,#8320,#8321,#8322,#8323,#8324,#8325,#8326,#8327,
#8328,#8329,#8330,#8331,#8332,#8333,#8334,#8335,#8336,#8337,#8338,#8339,
#8340,#8341,#8342,#8343,#8344,#8345,#8346,#8347,#8348,#8349,#8350,#8351,
#8352,#8353,#8354,#8355,#8356,#8357,#8358,#8359,#8360,#8361,#8362,#8363,
#8364,#8365,#8366,#8367,#8368,#8369,#8370,#8371,#8372,#8373,#8374,#8375,
#8376,#8377,#8378,#8379,#8380,#8381,#8382,#8383,#8384,#8385,#8386,#8387,
#8388,#8389,#8390,#8391,#8392,#8393,#8394,#8395,#8396,#8397,#8398,#8399,
#8400,#8401,#8402,#8403,#8404,#8405,#8406,#8407,#8408,#8409,#8410,#8411,
#8412,#8413,#8414,#8415,#8416,#8417,#8418,#8419,#8420,#8421,#8422,#8423,
#8424,#8425,#8426,#8427,#8428,#8429,#8430,#8431,#8432,#8433,#8434,#8435,
#8436,#8437,#8438,#8439,#8440,#8441,#8442,#8443,#8444,#8445,#8446,#8447,
#8448,#8449,#8450,#8451,#8452,#8453,#8454,#8455,#8456,#8457,#8458,#8459,
#8460,#8461,#8462,#8463,#8464,#8465,#8466,#8467,#8468,#8469,#8470,#8471,
#8472,#8473,#8474,#8475,#8476,#8477,#8478,#8479,#8480,#8481,#8482,#8483,
#8484,#8485,#8486,#8487,#8488,#8489,#8490,#8491,#8492,#8493,#8494,#8495,
#8496,#8497,#8498,#8499,#8500,#8501,#8502,#8503,#8504,#8505,#8506,#8507,
#8508,#8509,#8510,#8511,#8512,#8513,#8514,#8515,#8516,#8517,#8518,#8519,
#8520,#8521,#8522,#8523,#8524,#8525,#8526,#8527,#8528,#8529,#8530,#8531,
#8532,#8533,#8534,#8535,#8536,#8537,#8538,#8539,#8540,#8541,#8542,#8543,
#8544,#8545,#8546,#8547,#8548,#8549,#8550,#8551,#8552,#8553,#8554,#8555,
#8556,#8557,#8558,#8559,#8560,#8561,#8562,#8563,#8564,#8565,#8566,#8567,
#8568,#8569,#8570,#8571,#8572,#8573,#8574,#8575,#8576,#8577,#8578,#8579,
#8580,#8581,#8582,#8583,#8584,#8585,#8586,#8587,#8588,#8589,#8590,#8591,
#8592,#8593,#8594,#8595,#8596,#8597,#8598,#8599,#8600,#8601,#8602,#8603,
#8604,#8605,#8606,#8607,#8608,#8609,#8610,#8611,#8612,#8613,#8614,#8615,
#8616,#8617,#8618,#8619,#8620,#8621,#8622,#8623,#8624,#8625,#8626,#8627,
#8628,#8629,#8630,#8631,#8632,#8633,#8634,#8635,#8636,#8637,#8638,#8639,
#8640,#8641,#8642,#8643,#8644,#8645,#8646,#8647,#8648,#8649,#8650,#8651,
#8652,#8653,#8654,#8655,#8656,#8657,#8658,#8659,#8660,#8661,#8662,#8663,
#8664,#8665,#8666,#8667,#8668,#8669,#8670,#8671,#8672,#8673,#8674,#8675,
#8676,#8677,#8678,#8679,#8680,#8681,#8682,#8683,#8684,#8685,#8686,#8687,
#8688,#8689,#8690,#8691,#8692));
#8735=CLOSED_SHELL('',(#8693,#8694,#8695,#8696,#8697,#8698,#8699,#8700,
#8701,#8702,#8703,#8704,#8705,#8706,#8707,#8708,#8709,#8710,#8711,#8712,
#8713,#8714,#8715,#8716,#8717,#8718,#8719,#8720,#8721,#8722,#8723,#8724,
#8725,#8726,#8727,#8728,#8729,#8730,#8731,#8732));
#8736=DERIVED_UNIT_ELEMENT(#8742,1.);
#8737=DERIVED_UNIT_ELEMENT(#16291,-3.);
#8738=DERIVED_UNIT_ELEMENT(#8742,1.);
#8739=DERIVED_UNIT_ELEMENT(#16291,-3.);
#8740=DERIVED_UNIT_ELEMENT(#8742,1.);
#8741=DERIVED_UNIT_ELEMENT(#16291,-3.);
#8742=(
MASS_UNIT()
NAMED_UNIT(*)
SI_UNIT(.KILO.,.GRAM.)
);
#8743=DERIVED_UNIT((#8736,#8737));
#8744=DERIVED_UNIT((#8738,#8739));
#8745=DERIVED_UNIT((#8740,#8741));
#8746=MEASURE_REPRESENTATION_ITEM('density measure',
POSITIVE_RATIO_MEASURE(7850.),#8743);
#8747=MEASURE_REPRESENTATION_ITEM('density measure',
POSITIVE_RATIO_MEASURE(7850.),#8744);
#8748=MEASURE_REPRESENTATION_ITEM('density measure',
POSITIVE_RATIO_MEASURE(7850.),#8745);
#8749=PROPERTY_DEFINITION_REPRESENTATION(#8764,#8755);
#8750=PROPERTY_DEFINITION_REPRESENTATION(#8765,#8756);
#8751=PROPERTY_DEFINITION_REPRESENTATION(#8766,#8757);
#8752=PROPERTY_DEFINITION_REPRESENTATION(#8767,#8758);
#8753=PROPERTY_DEFINITION_REPRESENTATION(#8768,#8759);
#8754=PROPERTY_DEFINITION_REPRESENTATION(#8769,#8760);
#8755=REPRESENTATION('material name',(#8761),#16285);
#8756=REPRESENTATION('density',(#8746),#16285);
#8757=REPRESENTATION('material name',(#8762),#16286);
#8758=REPRESENTATION('density',(#8747),#16286);
#8759=REPRESENTATION('material name',(#8763),#16288);
#8760=REPRESENTATION('density',(#8748),#16288);
#8761=DESCRIPTIVE_REPRESENTATION_ITEM('Steel','Steel');
#8762=DESCRIPTIVE_REPRESENTATION_ITEM('Steel','Steel');
#8763=DESCRIPTIVE_REPRESENTATION_ITEM('Steel','Steel');
#8764=PROPERTY_DEFINITION('material property','material name',#16315);
#8765=PROPERTY_DEFINITION('material property','density of part',#16315);
#8766=PROPERTY_DEFINITION('material property','material name',#16316);
#8767=PROPERTY_DEFINITION('material property','density of part',#16316);
#8768=PROPERTY_DEFINITION('material property','material name',#16318);
#8769=PROPERTY_DEFINITION('material property','density of part',#16318);
#8770=AXIS2_PLACEMENT_3D('',#10851,#9205,#9206);
#8771=AXIS2_PLACEMENT_3D('',#10852,#9207,#9208);
#8772=AXIS2_PLACEMENT_3D('',#10853,#9209,#9210);
#8773=AXIS2_PLACEMENT_3D('',#10856,#9211,#9212);
#8774=AXIS2_PLACEMENT_3D('',#10860,#9214,#9215);
#8775=AXIS2_PLACEMENT_3D('',#10862,#9217,#9218);
#8776=AXIS2_PLACEMENT_3D('',#10882,#9228,#9229);
#8777=AXIS2_PLACEMENT_3D('',#10886,#9231,#9232);
#8778=AXIS2_PLACEMENT_3D('',#10890,#9234,#9235);
#8779=AXIS2_PLACEMENT_3D('',#10893,#9237,#9238);
#8780=AXIS2_PLACEMENT_3D('',#10895,#9239,#9240);
#8781=AXIS2_PLACEMENT_3D('',#10897,#9241,#9242);
#8782=AXIS2_PLACEMENT_3D('',#10899,#9243,#9244);
#8783=AXIS2_PLACEMENT_3D('',#10900,#9245,#9246);
#8784=AXIS2_PLACEMENT_3D('',#10909,#9252,#9253);
#8785=AXIS2_PLACEMENT_3D('',#10911,#9254,#9255);
#8786=AXIS2_PLACEMENT_3D('',#10913,#9257,#9258);
#8787=AXIS2_PLACEMENT_3D('',#10917,#9260,#9261);
#8788=AXIS2_PLACEMENT_3D('',#10919,#9263,#9264);
#8789=AXIS2_PLACEMENT_3D('',#10923,#9267,#9268);
#8790=AXIS2_PLACEMENT_3D('',#10925,#9269,#9270);
#8791=AXIS2_PLACEMENT_3D('',#10927,#9272,#9273);
#8792=AXIS2_PLACEMENT_3D('',#10931,#9276,#9277);
#8793=AXIS2_PLACEMENT_3D('',#10935,#9280,#9281);
#8794=AXIS2_PLACEMENT_3D('',#10937,#9283,#9284);
#8795=AXIS2_PLACEMENT_3D('',#10943,#9288,#9289);
#8796=AXIS2_PLACEMENT_3D('',#10949,#9293,#9294);
#8797=AXIS2_PLACEMENT_3D('',#10951,#9296,#9297);
#8798=AXIS2_PLACEMENT_3D('',#10953,#9298,#9299);
#8799=AXIS2_PLACEMENT_3D('',#10956,#9301,#9302);
#8800=AXIS2_PLACEMENT_3D('',#10957,#9303,#9304);
#8801=AXIS2_PLACEMENT_3D('',#10959,#9305,#9306);
#8802=AXIS2_PLACEMENT_3D('',#10962,#9308,#9309);
#8803=AXIS2_PLACEMENT_3D('',#10963,#9310,#9311);
#8804=AXIS2_PLACEMENT_3D('',#10965,#9312,#9313);
#8805=AXIS2_PLACEMENT_3D('',#10968,#9315,#9316);
#8806=AXIS2_PLACEMENT_3D('',#10969,#9317,#9318);
#8807=AXIS2_PLACEMENT_3D('',#10971,#9319,#9320);
#8808=AXIS2_PLACEMENT_3D('',#10974,#9322,#9323);
#8809=AXIS2_PLACEMENT_3D('',#10975,#9324,#9325);
#8810=AXIS2_PLACEMENT_3D('',#10977,#9327,#9328);
#8811=AXIS2_PLACEMENT_3D('',#10978,#9329,#9330);
#8812=AXIS2_PLACEMENT_3D('',#10980,#9332,#9333);
#8813=AXIS2_PLACEMENT_3D('',#10982,#9335,#9336);
#8814=AXIS2_PLACEMENT_3D('',#10983,#9337,#9338);
#8815=AXIS2_PLACEMENT_3D('',#10986,#9340,#9341);
#8816=AXIS2_PLACEMENT_3D('',#10987,#9342,#9343);
#8817=AXIS2_PLACEMENT_3D('',#10988,#9344,#9345);
#8818=AXIS2_PLACEMENT_3D('',#10991,#9347,#9348);
#8819=AXIS2_PLACEMENT_3D('',#10992,#9349,#9350);
#8820=AXIS2_PLACEMENT_3D('',#10993,#9351,#9352);
#8821=AXIS2_PLACEMENT_3D('',#10996,#9354,#9355);
#8822=AXIS2_PLACEMENT_3D('',#10997,#9356,#9357);
#8823=AXIS2_PLACEMENT_3D('',#10998,#9358,#9359);
#8824=AXIS2_PLACEMENT_3D('',#11001,#9361,#9362);
#8825=AXIS2_PLACEMENT_3D('',#11002,#9363,#9364);
#8826=AXIS2_PLACEMENT_3D('',#11003,#9365,#9366);
#8827=AXIS2_PLACEMENT_3D('',#11004,#9367,#9368);
#8828=AXIS2_PLACEMENT_3D('',#11013,#9373,#9374);
#8829=AXIS2_PLACEMENT_3D('',#11019,#9378,#9379);
#8830=AXIS2_PLACEMENT_3D('',#11025,#9383,#9384);
#8831=AXIS2_PLACEMENT_3D('',#11031,#9388,#9389);
#8832=AXIS2_PLACEMENT_3D('',#11037,#9393,#9394);
#8833=AXIS2_PLACEMENT_3D('',#11043,#9398,#9399);
#8834=AXIS2_PLACEMENT_3D('',#11049,#9403,#9404);
#8835=AXIS2_PLACEMENT_3D('',#11055,#9408,#9409);
#8836=AXIS2_PLACEMENT_3D('',#11061,#9413,#9414);
#8837=AXIS2_PLACEMENT_3D('',#11067,#9418,#9419);
#8838=AXIS2_PLACEMENT_3D('',#11073,#9423,#9424);
#8839=AXIS2_PLACEMENT_3D('',#11076,#9427,#9428);
#8840=AXIS2_PLACEMENT_3D('',#11077,#9429,#9430);
#8841=AXIS2_PLACEMENT_3D('',#11086,#9435,#9436);
#8842=AXIS2_PLACEMENT_3D('',#11092,#9440,#9441);
#8843=AXIS2_PLACEMENT_3D('',#11098,#9445,#9446);
#8844=AXIS2_PLACEMENT_3D('',#11104,#9450,#9451);
#8845=AXIS2_PLACEMENT_3D('',#11110,#9455,#9456);
#8846=AXIS2_PLACEMENT_3D('',#11116,#9460,#9461);
#8847=AXIS2_PLACEMENT_3D('',#11122,#9465,#9466);
#8848=AXIS2_PLACEMENT_3D('',#11128,#9470,#9471);
#8849=AXIS2_PLACEMENT_3D('',#11134,#9475,#9476);
#8850=AXIS2_PLACEMENT_3D('',#11137,#9479,#9480);
#8851=AXIS2_PLACEMENT_3D('',#11138,#9481,#9482);
#8852=AXIS2_PLACEMENT_3D('',#11285,#9493,#9494);
#8853=AXIS2_PLACEMENT_3D('',#11291,#9498,#9499);
#8854=AXIS2_PLACEMENT_3D('',#11294,#9502,#9503);
#8855=AXIS2_PLACEMENT_3D('',#11464,#9515,#9516);
#8856=AXIS2_PLACEMENT_3D('',#11470,#9520,#9521);
#8857=AXIS2_PLACEMENT_3D('',#11729,#9536,#9537);
#8858=AXIS2_PLACEMENT_3D('',#11735,#9541,#9542);
#8859=AXIS2_PLACEMENT_3D('',#11741,#9546,#9547);
#8860=AXIS2_PLACEMENT_3D('',#11744,#9550,#9551);
#8861=AXIS2_PLACEMENT_3D('',#11794,#9555,#9556);
#8862=AXIS2_PLACEMENT_3D('',#11800,#9560,#9561);
#8863=AXIS2_PLACEMENT_3D('',#11806,#9565,#9566);
#8864=AXIS2_PLACEMENT_3D('',#11809,#9569,#9570);
#8865=AXIS2_PLACEMENT_3D('',#11818,#9575,#9576);
#8866=AXIS2_PLACEMENT_3D('',#11824,#9580,#9581);
#8867=AXIS2_PLACEMENT_3D('',#11830,#9585,#9586);
#8868=AXIS2_PLACEMENT_3D('',#11836,#9590,#9591);
#8869=AXIS2_PLACEMENT_3D('',#11842,#9595,#9596);
#8870=AXIS2_PLACEMENT_3D('',#11848,#9600,#9601);
#8871=AXIS2_PLACEMENT_3D('',#11854,#9605,#9606);
#8872=AXIS2_PLACEMENT_3D('',#11857,#9609,#9610);
#8873=AXIS2_PLACEMENT_3D('',#11858,#9611,#9612);
#8874=AXIS2_PLACEMENT_3D('',#12143,#9629,#9630);
#8875=AXIS2_PLACEMENT_3D('',#12402,#9645,#9646);
#8876=AXIS2_PLACEMENT_3D('',#12408,#9650,#9651);
#8877=AXIS2_PLACEMENT_3D('',#12414,#9655,#9656);
#8878=AXIS2_PLACEMENT_3D('',#12420,#9660,#9661);
#8879=AXIS2_PLACEMENT_3D('',#12423,#9664,#9665);
#8880=AXIS2_PLACEMENT_3D('',#12884,#9686,#9687);
#8881=AXIS2_PLACEMENT_3D('',#12885,#9688,#9689);
#8882=AXIS2_PLACEMENT_3D('',#12894,#9694,#9695);
#8883=AXIS2_PLACEMENT_3D('',#12900,#9699,#9700);
#8884=AXIS2_PLACEMENT_3D('',#12906,#9704,#9705);
#8885=AXIS2_PLACEMENT_3D('',#12912,#9709,#9710);
#8886=AXIS2_PLACEMENT_3D('',#12918,#9714,#9715);
#8887=AXIS2_PLACEMENT_3D('',#12924,#9719,#9720);
#8888=AXIS2_PLACEMENT_3D('',#12930,#9724,#9725);
#8889=AXIS2_PLACEMENT_3D('',#12933,#9728,#9729);
#8890=AXIS2_PLACEMENT_3D('',#12934,#9730,#9731);
#8891=AXIS2_PLACEMENT_3D('',#13058,#9741,#9742);
#8892=AXIS2_PLACEMENT_3D('',#13064,#9746,#9747);
#8893=AXIS2_PLACEMENT_3D('',#13067,#9750,#9751);
#8894=AXIS2_PLACEMENT_3D('',#13076,#9756,#9757);
#8895=AXIS2_PLACEMENT_3D('',#13220,#9767,#9768);
#8896=AXIS2_PLACEMENT_3D('',#13226,#9772,#9773);
#8897=AXIS2_PLACEMENT_3D('',#13232,#9777,#9778);
#8898=AXIS2_PLACEMENT_3D('',#13235,#9781,#9782);
#8899=AXIS2_PLACEMENT_3D('',#13236,#9783,#9784);
#8900=AXIS2_PLACEMENT_3D('',#13245,#9789,#9790);
#8901=AXIS2_PLACEMENT_3D('',#13251,#9794,#9795);
#8902=AXIS2_PLACEMENT_3D('',#13257,#9799,#9800);
#8903=AXIS2_PLACEMENT_3D('',#13263,#9804,#9805);
#8904=AXIS2_PLACEMENT_3D('',#13269,#9809,#9810);
#8905=AXIS2_PLACEMENT_3D('',#13275,#9814,#9815);
#8906=AXIS2_PLACEMENT_3D('',#13281,#9819,#9820);
#8907=AXIS2_PLACEMENT_3D('',#13287,#9824,#9825);
#8908=AXIS2_PLACEMENT_3D('',#13293,#9829,#9830);
#8909=AXIS2_PLACEMENT_3D('',#13296,#9833,#9834);
#8910=AXIS2_PLACEMENT_3D('',#13297,#9835,#9836);
#8911=AXIS2_PLACEMENT_3D('',#13306,#9841,#9842);
#8912=AXIS2_PLACEMENT_3D('',#13312,#9846,#9847);
#8913=AXIS2_PLACEMENT_3D('',#13318,#9851,#9852);
#8914=AXIS2_PLACEMENT_3D('',#13321,#9855,#9856);
#8915=AXIS2_PLACEMENT_3D('',#13322,#9857,#9858);
#8916=AXIS2_PLACEMENT_3D('',#13331,#9863,#9864);
#8917=AXIS2_PLACEMENT_3D('',#13337,#9868,#9869);
#8918=AXIS2_PLACEMENT_3D('',#13343,#9873,#9874);
#8919=AXIS2_PLACEMENT_3D('',#13395,#9880,#9881);
#8920=AXIS2_PLACEMENT_3D('',#13401,#9885,#9886);
#8921=AXIS2_PLACEMENT_3D('',#13407,#9890,#9891);
#8922=AXIS2_PLACEMENT_3D('',#13413,#9895,#9896);
#8923=AXIS2_PLACEMENT_3D('',#13419,#9900,#9901);
#8924=AXIS2_PLACEMENT_3D('',#13422,#9904,#9905);
#8925=AXIS2_PLACEMENT_3D('',#13423,#9906,#9907);
#8926=AXIS2_PLACEMENT_3D('',#13432,#9912,#9913);
#8927=AXIS2_PLACEMENT_3D('',#13438,#9917,#9918);
#8928=AXIS2_PLACEMENT_3D('',#13444,#9922,#9923);
#8929=AXIS2_PLACEMENT_3D('',#13450,#9927,#9928);
#8930=AXIS2_PLACEMENT_3D('',#13456,#9932,#9933);
#8931=AXIS2_PLACEMENT_3D('',#13462,#9937,#9938);
#8932=AXIS2_PLACEMENT_3D('',#13468,#9942,#9943);
#8933=AXIS2_PLACEMENT_3D('',#13474,#9947,#9948);
#8934=AXIS2_PLACEMENT_3D('',#13480,#9952,#9953);
#8935=AXIS2_PLACEMENT_3D('',#13483,#9956,#9957);
#8936=AXIS2_PLACEMENT_3D('',#13484,#9958,#9959);
#8937=AXIS2_PLACEMENT_3D('',#13654,#9971,#9972);
#8938=AXIS2_PLACEMENT_3D('',#13660,#9976,#9977);
#8939=AXIS2_PLACEMENT_3D('',#13873,#9990,#9991);
#8940=AXIS2_PLACEMENT_3D('',#13879,#9995,#9996);
#8941=AXIS2_PLACEMENT_3D('',#13885,#10000,#10001);
#8942=AXIS2_PLACEMENT_3D('',#13888,#10004,#10005);
#8943=AXIS2_PLACEMENT_3D('',#13889,#10006,#10007);
#8944=AXIS2_PLACEMENT_3D('',#14013,#10017,#10018);
#8945=AXIS2_PLACEMENT_3D('',#14019,#10022,#10023);
#8946=AXIS2_PLACEMENT_3D('',#14022,#10026,#10027);
#8947=AXIS2_PLACEMENT_3D('',#14031,#10032,#10033);
#8948=AXIS2_PLACEMENT_3D('',#14129,#10041,#10042);
#8949=AXIS2_PLACEMENT_3D('',#14135,#10046,#10047);
#8950=AXIS2_PLACEMENT_3D('',#14141,#10051,#10052);
#8951=AXIS2_PLACEMENT_3D('',#14308,#10063,#10064);
#8952=AXIS2_PLACEMENT_3D('',#14314,#10068,#10069);
#8953=AXIS2_PLACEMENT_3D('',#14320,#10073,#10074);
#8954=AXIS2_PLACEMENT_3D('',#14323,#10077,#10078);
#8955=AXIS2_PLACEMENT_3D('',#14784,#10099,#10100);
#8956=AXIS2_PLACEMENT_3D('',#15110,#10116,#10117);
#8957=AXIS2_PLACEMENT_3D('',#15530,#10139,#10140);
#8958=AXIS2_PLACEMENT_3D('',#15556,#10144,#10145);
#8959=AXIS2_PLACEMENT_3D('',#15606,#10149,#10150);
#8960=AXIS2_PLACEMENT_3D('',#15612,#10154,#10155);
#8961=AXIS2_PLACEMENT_3D('',#15618,#10159,#10160);
#8962=AXIS2_PLACEMENT_3D('',#15621,#10163,#10164);
#8963=AXIS2_PLACEMENT_3D('',#15630,#10169,#10170);
#8964=AXIS2_PLACEMENT_3D('',#15636,#10174,#10175);
#8965=AXIS2_PLACEMENT_3D('',#15642,#10179,#10180);
#8966=AXIS2_PLACEMENT_3D('',#15648,#10184,#10185);
#8967=AXIS2_PLACEMENT_3D('',#15654,#10189,#10190);
#8968=AXIS2_PLACEMENT_3D('',#15660,#10194,#10195);
#8969=AXIS2_PLACEMENT_3D('',#15666,#10199,#10200);
#8970=AXIS2_PLACEMENT_3D('',#15669,#10203,#10204);
#8971=AXIS2_PLACEMENT_3D('',#15670,#10205,#10206);
#8972=AXIS2_PLACEMENT_3D('',#15679,#10211,#10212);
#8973=AXIS2_PLACEMENT_3D('',#15685,#10216,#10217);
#8974=AXIS2_PLACEMENT_3D('',#15691,#10221,#10222);
#8975=AXIS2_PLACEMENT_3D('',#15697,#10226,#10227);
#8976=AXIS2_PLACEMENT_3D('',#15703,#10231,#10232);
#8977=AXIS2_PLACEMENT_3D('',#15709,#10236,#10237);
#8978=AXIS2_PLACEMENT_3D('',#15715,#10241,#10242);
#8979=AXIS2_PLACEMENT_3D('',#15721,#10246,#10247);
#8980=AXIS2_PLACEMENT_3D('',#15727,#10251,#10252);
#8981=AXIS2_PLACEMENT_3D('',#15733,#10256,#10257);
#8982=AXIS2_PLACEMENT_3D('',#15739,#10261,#10262);
#8983=AXIS2_PLACEMENT_3D('',#15742,#10265,#10266);
#8984=AXIS2_PLACEMENT_3D('',#15743,#10267,#10268);
#8985=AXIS2_PLACEMENT_3D('',#15746,#10269,#10270);
#8986=AXIS2_PLACEMENT_3D('',#15750,#10272,#10273);
#8987=AXIS2_PLACEMENT_3D('',#15754,#10275,#10276);
#8988=AXIS2_PLACEMENT_3D('',#15758,#10278,#10279);
#8989=AXIS2_PLACEMENT_3D('',#15770,#10285,#10286);
#8990=AXIS2_PLACEMENT_3D('',#15774,#10288,#10289);
#8991=AXIS2_PLACEMENT_3D('',#15778,#10291,#10292);
#8992=AXIS2_PLACEMENT_3D('',#15782,#10294,#10295);
#8993=AXIS2_PLACEMENT_3D('',#15785,#10297,#10298);
#8994=AXIS2_PLACEMENT_3D('',#15788,#10299,#10300);
#8995=AXIS2_PLACEMENT_3D('',#15792,#10302,#10303);
#8996=AXIS2_PLACEMENT_3D('',#15796,#10305,#10306);
#8997=AXIS2_PLACEMENT_3D('',#15800,#10308,#10309);
#8998=AXIS2_PLACEMENT_3D('',#15803,#10311,#10312);
#8999=AXIS2_PLACEMENT_3D('',#15806,#10313,#10314);
#9000=AXIS2_PLACEMENT_3D('',#15810,#10316,#10317);
#9001=AXIS2_PLACEMENT_3D('',#15814,#10319,#10320);
#9002=AXIS2_PLACEMENT_3D('',#15818,#10322,#10323);
#9003=AXIS2_PLACEMENT_3D('',#15822,#10325,#10326);
#9004=AXIS2_PLACEMENT_3D('',#15826,#10328,#10329);
#9005=AXIS2_PLACEMENT_3D('',#15830,#10331,#10332);
#9006=AXIS2_PLACEMENT_3D('',#15834,#10334,#10335);
#9007=AXIS2_PLACEMENT_3D('',#15837,#10337,#10338);
#9008=AXIS2_PLACEMENT_3D('',#15839,#10339,#10340);
#9009=AXIS2_PLACEMENT_3D('',#15840,#10341,#10342);
#9010=AXIS2_PLACEMENT_3D('',#15841,#10343,#10344);
#9011=AXIS2_PLACEMENT_3D('',#15842,#10345,#10346);
#9012=AXIS2_PLACEMENT_3D('',#15843,#10347,#10348);
#9013=AXIS2_PLACEMENT_3D('',#15844,#10349,#10350);
#9014=AXIS2_PLACEMENT_3D('',#15845,#10351,#10352);
#9015=AXIS2_PLACEMENT_3D('',#15846,#10353,#10354);
#9016=AXIS2_PLACEMENT_3D('',#15847,#10355,#10356);
#9017=AXIS2_PLACEMENT_3D('',#15848,#10357,#10358);
#9018=AXIS2_PLACEMENT_3D('',#15852,#10360,#10361);
#9019=AXIS2_PLACEMENT_3D('',#15854,#10363,#10364);
#9020=AXIS2_PLACEMENT_3D('',#15858,#10367,#10368);
#9021=AXIS2_PLACEMENT_3D('',#15870,#10374,#10375);
#9022=AXIS2_PLACEMENT_3D('',#15874,#10377,#10378);
#9023=AXIS2_PLACEMENT_3D('',#15877,#10380,#10381);
#9024=AXIS2_PLACEMENT_3D('',#15879,#10382,#10383);
#9025=AXIS2_PLACEMENT_3D('',#15881,#10384,#10385);
#9026=AXIS2_PLACEMENT_3D('',#15884,#10386,#10387);
#9027=AXIS2_PLACEMENT_3D('',#15888,#10389,#10390);
#9028=AXIS2_PLACEMENT_3D('',#15892,#10392,#10393);
#9029=AXIS2_PLACEMENT_3D('',#15896,#10395,#10396);
#9030=AXIS2_PLACEMENT_3D('',#15900,#10398,#10399);
#9031=AXIS2_PLACEMENT_3D('',#15904,#10401,#10402);
#9032=AXIS2_PLACEMENT_3D('',#15908,#10404,#10405);
#9033=AXIS2_PLACEMENT_3D('',#15912,#10407,#10408);
#9034=AXIS2_PLACEMENT_3D('',#15915,#10410,#10411);
#9035=AXIS2_PLACEMENT_3D('',#15918,#10412,#10413);
#9036=AXIS2_PLACEMENT_3D('',#15922,#10415,#10416);
#9037=AXIS2_PLACEMENT_3D('',#15926,#10418,#10419);
#9038=AXIS2_PLACEMENT_3D('',#15930,#10421,#10422);
#9039=AXIS2_PLACEMENT_3D('',#15933,#10424,#10425);
#9040=AXIS2_PLACEMENT_3D('',#15936,#10426,#10427);
#9041=AXIS2_PLACEMENT_3D('',#15940,#10429,#10430);
#9042=AXIS2_PLACEMENT_3D('',#15944,#10432,#10433);
#9043=AXIS2_PLACEMENT_3D('',#15948,#10435,#10436);
#9044=AXIS2_PLACEMENT_3D('',#15950,#10438,#10439);
#9045=AXIS2_PLACEMENT_3D('',#15953,#10442,#10443);
#9046=AXIS2_PLACEMENT_3D('',#15955,#10445,#10446);
#9047=AXIS2_PLACEMENT_3D('',#15957,#10448,#10449);
#9048=AXIS2_PLACEMENT_3D('',#15959,#10451,#10452);
#9049=AXIS2_PLACEMENT_3D('',#15962,#10455,#10456);
#9050=AXIS2_PLACEMENT_3D('',#15964,#10458,#10459);
#9051=AXIS2_PLACEMENT_3D('',#15966,#10461,#10462);
#9052=AXIS2_PLACEMENT_3D('',#15968,#10464,#10465);
#9053=AXIS2_PLACEMENT_3D('',#15970,#10467,#10468);
#9054=AXIS2_PLACEMENT_3D('',#15972,#10470,#10471);
#9055=AXIS2_PLACEMENT_3D('',#15974,#10473,#10474);
#9056=AXIS2_PLACEMENT_3D('',#15975,#10475,#10476);
#9057=AXIS2_PLACEMENT_3D('',#15977,#10478,#10479);
#9058=AXIS2_PLACEMENT_3D('',#15980,#10482,#10483);
#9059=AXIS2_PLACEMENT_3D('',#15982,#10485,#10486);
#9060=AXIS2_PLACEMENT_3D('',#15984,#10488,#10489);
#9061=AXIS2_PLACEMENT_3D('',#15986,#10491,#10492);
#9062=AXIS2_PLACEMENT_3D('',#15988,#10494,#10495);
#9063=AXIS2_PLACEMENT_3D('',#15990,#10497,#10498);
#9064=AXIS2_PLACEMENT_3D('',#15992,#10500,#10501);
#9065=AXIS2_PLACEMENT_3D('',#15993,#10502,#10503);
#9066=AXIS2_PLACEMENT_3D('',#15995,#10505,#10506);
#9067=AXIS2_PLACEMENT_3D('',#15998,#10509,#10510);
#9068=AXIS2_PLACEMENT_3D('',#16000,#10512,#10513);
#9069=AXIS2_PLACEMENT_3D('',#16002,#10515,#10516);
#9070=AXIS2_PLACEMENT_3D('',#16004,#10518,#10519);
#9071=AXIS2_PLACEMENT_3D('',#16006,#10521,#10522);
#9072=AXIS2_PLACEMENT_3D('',#16008,#10524,#10525);
#9073=AXIS2_PLACEMENT_3D('',#16010,#10527,#10528);
#9074=AXIS2_PLACEMENT_3D('',#16011,#10529,#10530);
#9075=AXIS2_PLACEMENT_3D('',#16014,#10533,#10534);
#9076=AXIS2_PLACEMENT_3D('',#16016,#10536,#10537);
#9077=AXIS2_PLACEMENT_3D('',#16018,#10539,#10540);
#9078=AXIS2_PLACEMENT_3D('',#16020,#10542,#10543);
#9079=AXIS2_PLACEMENT_3D('',#16022,#10545,#10546);
#9080=AXIS2_PLACEMENT_3D('',#16024,#10548,#10549);
#9081=AXIS2_PLACEMENT_3D('',#16026,#10551,#10552);
#9082=AXIS2_PLACEMENT_3D('',#16027,#10553,#10554);
#9083=AXIS2_PLACEMENT_3D('',#16029,#10556,#10557);
#9084=AXIS2_PLACEMENT_3D('',#16031,#10559,#10560);
#9085=AXIS2_PLACEMENT_3D('',#16033,#10562,#10563);
#9086=AXIS2_PLACEMENT_3D('',#16034,#10564,#10565);
#9087=AXIS2_PLACEMENT_3D('',#16036,#10567,#10568);
#9088=AXIS2_PLACEMENT_3D('',#16038,#10570,#10571);
#9089=AXIS2_PLACEMENT_3D('',#16040,#10573,#10574);
#9090=AXIS2_PLACEMENT_3D('',#16041,#10575,#10576);
#9091=AXIS2_PLACEMENT_3D('',#16042,#10577,#10578);
#9092=AXIS2_PLACEMENT_3D('',#16043,#10579,#10580);
#9093=AXIS2_PLACEMENT_3D('',#16044,#10581,#10582);
#9094=AXIS2_PLACEMENT_3D('',#16053,#10587,#10588);
#9095=AXIS2_PLACEMENT_3D('',#16059,#10592,#10593);
#9096=AXIS2_PLACEMENT_3D('',#16065,#10597,#10598);
#9097=AXIS2_PLACEMENT_3D('',#16068,#10600,#10601);
#9098=AXIS2_PLACEMENT_3D('',#16070,#10602,#10603);
#9099=AXIS2_PLACEMENT_3D('',#16072,#10604,#10605);
#9100=AXIS2_PLACEMENT_3D('',#16074,#10606,#10607);
#9101=AXIS2_PLACEMENT_3D('',#16076,#10608,#10609);
#9102=AXIS2_PLACEMENT_3D('',#16078,#10610,#10611);
#9103=AXIS2_PLACEMENT_3D('',#16080,#10612,#10613);
#9104=AXIS2_PLACEMENT_3D('',#16082,#10614,#10615);
#9105=AXIS2_PLACEMENT_3D('',#16084,#10616,#10617);
#9106=AXIS2_PLACEMENT_3D('',#16086,#10618,#10619);
#9107=AXIS2_PLACEMENT_3D('',#16088,#10620,#10621);
#9108=AXIS2_PLACEMENT_3D('',#16090,#10622,#10623);
#9109=AXIS2_PLACEMENT_3D('',#16092,#10624,#10625);
#9110=AXIS2_PLACEMENT_3D('',#16094,#10626,#10627);
#9111=AXIS2_PLACEMENT_3D('',#16096,#10628,#10629);
#9112=AXIS2_PLACEMENT_3D('',#16098,#10630,#10631);
#9113=AXIS2_PLACEMENT_3D('',#16100,#10632,#10633);
#9114=AXIS2_PLACEMENT_3D('',#16102,#10634,#10635);
#9115=AXIS2_PLACEMENT_3D('',#16104,#10636,#10637);
#9116=AXIS2_PLACEMENT_3D('',#16106,#10638,#10639);
#9117=AXIS2_PLACEMENT_3D('',#16108,#10640,#10641);
#9118=AXIS2_PLACEMENT_3D('',#16110,#10642,#10643);
#9119=AXIS2_PLACEMENT_3D('',#16112,#10644,#10645);
#9120=AXIS2_PLACEMENT_3D('',#16114,#10646,#10647);
#9121=AXIS2_PLACEMENT_3D('',#16116,#10648,#10649);
#9122=AXIS2_PLACEMENT_3D('',#16118,#10650,#10651);
#9123=AXIS2_PLACEMENT_3D('',#16120,#10652,#10653);
#9124=AXIS2_PLACEMENT_3D('',#16122,#10654,#10655);
#9125=AXIS2_PLACEMENT_3D('',#16124,#10656,#10657);
#9126=AXIS2_PLACEMENT_3D('',#16126,#10658,#10659);
#9127=AXIS2_PLACEMENT_3D('',#16128,#10660,#10661);
#9128=AXIS2_PLACEMENT_3D('',#16130,#10662,#10663);
#9129=AXIS2_PLACEMENT_3D('',#16132,#10664,#10665);
#9130=AXIS2_PLACEMENT_3D('',#16134,#10666,#10667);
#9131=AXIS2_PLACEMENT_3D('',#16135,#10668,#10669);
#9132=AXIS2_PLACEMENT_3D('',#16138,#10671,#10672);
#9133=AXIS2_PLACEMENT_3D('',#16140,#10673,#10674);
#9134=AXIS2_PLACEMENT_3D('',#16142,#10675,#10676);
#9135=AXIS2_PLACEMENT_3D('',#16144,#10677,#10678);
#9136=AXIS2_PLACEMENT_3D('',#16146,#10679,#10680);
#9137=AXIS2_PLACEMENT_3D('',#16148,#10681,#10682);
#9138=AXIS2_PLACEMENT_3D('',#16150,#10683,#10684);
#9139=AXIS2_PLACEMENT_3D('',#16152,#10685,#10686);
#9140=AXIS2_PLACEMENT_3D('',#16154,#10687,#10688);
#9141=AXIS2_PLACEMENT_3D('',#16156,#10689,#10690);
#9142=AXIS2_PLACEMENT_3D('',#16158,#10691,#10692);
#9143=AXIS2_PLACEMENT_3D('',#16160,#10693,#10694);
#9144=AXIS2_PLACEMENT_3D('',#16162,#10695,#10696);
#9145=AXIS2_PLACEMENT_3D('',#16164,#10697,#10698);
#9146=AXIS2_PLACEMENT_3D('',#16166,#10699,#10700);
#9147=AXIS2_PLACEMENT_3D('',#16168,#10701,#10702);
#9148=AXIS2_PLACEMENT_3D('',#16170,#10703,#10704);
#9149=AXIS2_PLACEMENT_3D('',#16172,#10705,#10706);
#9150=AXIS2_PLACEMENT_3D('',#16174,#10707,#10708);
#9151=AXIS2_PLACEMENT_3D('',#16176,#10709,#10710);
#9152=AXIS2_PLACEMENT_3D('',#16178,#10711,#10712);
#9153=AXIS2_PLACEMENT_3D('',#16180,#10713,#10714);
#9154=AXIS2_PLACEMENT_3D('',#16182,#10715,#10716);
#9155=AXIS2_PLACEMENT_3D('',#16184,#10717,#10718);
#9156=AXIS2_PLACEMENT_3D('',#16186,#10719,#10720);
#9157=AXIS2_PLACEMENT_3D('',#16188,#10721,#10722);
#9158=AXIS2_PLACEMENT_3D('',#16190,#10723,#10724);
#9159=AXIS2_PLACEMENT_3D('',#16192,#10725,#10726);
#9160=AXIS2_PLACEMENT_3D('',#16194,#10727,#10728);
#9161=AXIS2_PLACEMENT_3D('',#16196,#10729,#10730);
#9162=AXIS2_PLACEMENT_3D('',#16198,#10731,#10732);
#9163=AXIS2_PLACEMENT_3D('',#16200,#10733,#10734);
#9164=AXIS2_PLACEMENT_3D('',#16202,#10735,#10736);
#9165=AXIS2_PLACEMENT_3D('',#16204,#10737,#10738);
#9166=AXIS2_PLACEMENT_3D('',#16205,#10739,#10740);
#9167=AXIS2_PLACEMENT_3D('',#16206,#10741,#10742);
#9168=AXIS2_PLACEMENT_3D('',#16208,#10744,#10745);
#9169=AXIS2_PLACEMENT_3D('',#16210,#10747,#10748);
#9170=AXIS2_PLACEMENT_3D('',#16212,#10750,#10751);
#9171=AXIS2_PLACEMENT_3D('',#16214,#10753,#10754);
#9172=AXIS2_PLACEMENT_3D('',#16216,#10756,#10757);
#9173=AXIS2_PLACEMENT_3D('',#16218,#10759,#10760);
#9174=AXIS2_PLACEMENT_3D('',#16220,#10762,#10763);
#9175=AXIS2_PLACEMENT_3D('',#16222,#10765,#10766);
#9176=AXIS2_PLACEMENT_3D('',#16224,#10768,#10769);
#9177=AXIS2_PLACEMENT_3D('',#16226,#10771,#10772);
#9178=AXIS2_PLACEMENT_3D('',#16228,#10774,#10775);
#9179=AXIS2_PLACEMENT_3D('',#16230,#10777,#10778);
#9180=AXIS2_PLACEMENT_3D('',#16232,#10780,#10781);
#9181=AXIS2_PLACEMENT_3D('',#16234,#10783,#10784);
#9182=AXIS2_PLACEMENT_3D('',#16236,#10786,#10787);
#9183=AXIS2_PLACEMENT_3D('',#16238,#10789,#10790);
#9184=AXIS2_PLACEMENT_3D('',#16240,#10792,#10793);
#9185=AXIS2_PLACEMENT_3D('',#16242,#10795,#10796);
#9186=AXIS2_PLACEMENT_3D('',#16244,#10798,#10799);
#9187=AXIS2_PLACEMENT_3D('',#16246,#10801,#10802);
#9188=AXIS2_PLACEMENT_3D('',#16248,#10804,#10805);
#9189=AXIS2_PLACEMENT_3D('',#16250,#10807,#10808);
#9190=AXIS2_PLACEMENT_3D('',#16252,#10810,#10811);
#9191=AXIS2_PLACEMENT_3D('',#16254,#10813,#10814);
#9192=AXIS2_PLACEMENT_3D('',#16256,#10816,#10817);
#9193=AXIS2_PLACEMENT_3D('',#16258,#10819,#10820);
#9194=AXIS2_PLACEMENT_3D('',#16260,#10822,#10823);
#9195=AXIS2_PLACEMENT_3D('',#16262,#10825,#10826);
#9196=AXIS2_PLACEMENT_3D('',#16264,#10828,#10829);
#9197=AXIS2_PLACEMENT_3D('',#16266,#10831,#10832);
#9198=AXIS2_PLACEMENT_3D('',#16268,#10834,#10835);
#9199=AXIS2_PLACEMENT_3D('',#16270,#10837,#10838);
#9200=AXIS2_PLACEMENT_3D('',#16272,#10840,#10841);
#9201=AXIS2_PLACEMENT_3D('',#16274,#10843,#10844);
#9202=AXIS2_PLACEMENT_3D('',#16275,#10845,#10846);
#9203=AXIS2_PLACEMENT_3D('',#16276,#10847,#10848);
#9204=AXIS2_PLACEMENT_3D('',#16277,#10849,#10850);
#9205=DIRECTION('axis',(0.,0.,1.));
#9206=DIRECTION('refdir',(1.,0.,0.));
#9207=DIRECTION('axis',(0.,0.,1.));
#9208=DIRECTION('refdir',(1.,0.,0.));
#9209=DIRECTION('center_axis',(0.,0.,1.));
#9210=DIRECTION('ref_axis',(0.707106781186547,0.707106781186547,0.));
#9211=DIRECTION('center_axis',(0.,0.,-1.));
#9212=DIRECTION('ref_axis',(0.707106781186547,0.707106781186547,0.));
#9213=DIRECTION('',(0.,0.,-1.));
#9214=DIRECTION('center_axis',(0.,0.,1.));
#9215=DIRECTION('ref_axis',(0.707106781186547,0.707106781186547,0.));
#9216=DIRECTION('',(0.,0.,1.));
#9217=DIRECTION('center_axis',(0.,0.,1.));
#9218=DIRECTION('ref_axis',(1.,0.,0.));
#9219=DIRECTION('',(-1.,0.,0.));
#9220=DIRECTION('',(0.,-1.,0.));
#9221=DIRECTION('',(1.,0.,0.));
#9222=DIRECTION('',(0.,-1.,0.));
#9223=DIRECTION('',(-1.,0.,0.));
#9224=DIRECTION('',(0.,1.,0.));
#9225=DIRECTION('',(1.,0.,0.));
#9226=DIRECTION('',(0.,1.,0.));
#9227=DIRECTION('',(-1.,0.,0.));
#9228=DIRECTION('center_axis',(0.,0.,-1.));
#9229=DIRECTION('ref_axis',(-0.707106781186547,0.707106781186547,0.));
#9230=DIRECTION('',(0.,-1.,0.));
#9231=DIRECTION('center_axis',(0.,0.,-1.));
#9232=DIRECTION('ref_axis',(-0.707106781186547,-0.707106781186547,0.));
#9233=DIRECTION('',(1.,0.,0.));
#9234=DIRECTION('center_axis',(0.,0.,-1.));
#9235=DIRECTION('ref_axis',(0.707106781186547,-0.707106781186547,0.));
#9236=DIRECTION('',(0.,1.,0.));
#9237=DIRECTION('center_axis',(0.,0.,-1.));
#9238=DIRECTION('ref_axis',(1.,0.,0.));
#9239=DIRECTION('center_axis',(0.,0.,-1.));
#9240=DIRECTION('ref_axis',(1.,0.,0.));
#9241=DIRECTION('center_axis',(0.,0.,-1.));
#9242=DIRECTION('ref_axis',(1.,0.,0.));
#9243=DIRECTION('center_axis',(0.,0.,-1.));
#9244=DIRECTION('ref_axis',(1.,0.,0.));
#9245=DIRECTION('center_axis',(0.,1.,0.));
#9246=DIRECTION('ref_axis',(-1.,0.,0.));
#9247=DIRECTION('',(-1.,0.,0.));
#9248=DIRECTION('',(0.,0.,-1.));
#9249=DIRECTION('',(0.,0.,-1.));
#9250=DIRECTION('',(1.,0.,0.));
#9251=DIRECTION('',(0.,0.,1.));
#9252=DIRECTION('center_axis',(0.,0.,1.));
#9253=DIRECTION('ref_axis',(-0.707106781186547,0.707106781186547,0.));
#9254=DIRECTION('center_axis',(0.,0.,1.));
#9255=DIRECTION('ref_axis',(-0.707106781186547,0.707106781186547,0.));
#9256=DIRECTION('',(0.,0.,1.));
#9257=DIRECTION('center_axis',(0.,0.,1.));
#9258=DIRECTION('ref_axis',(-0.707106781186547,-0.707106781186547,0.));
#9259=DIRECTION('',(0.,0.,-1.));
#9260=DIRECTION('center_axis',(0.,0.,1.));
#9261=DIRECTION('ref_axis',(-0.707106781186547,-0.707106781186547,0.));
#9262=DIRECTION('',(0.,0.,1.));
#9263=DIRECTION('center_axis',(0.,-1.,0.));
#9264=DIRECTION('ref_axis',(1.,0.,0.));
#9265=DIRECTION('',(1.,0.,0.));
#9266=DIRECTION('',(0.,0.,-1.));
#9267=DIRECTION('center_axis',(0.,0.,1.));
#9268=DIRECTION('ref_axis',(0.707106781186547,-0.707106781186547,0.));
#9269=DIRECTION('center_axis',(0.,0.,1.));
#9270=DIRECTION('ref_axis',(0.707106781186547,-0.707106781186547,0.));
#9271=DIRECTION('',(0.,0.,1.));
#9272=DIRECTION('center_axis',(1.,0.,0.));
#9273=DIRECTION('ref_axis',(0.,-1.,0.));
#9274=DIRECTION('',(0.,-1.,0.));
#9275=DIRECTION('',(0.,0.,-1.));
#9276=DIRECTION('center_axis',(-1.,0.,0.));
#9277=DIRECTION('ref_axis',(0.,1.,0.));
#9278=DIRECTION('',(0.,0.,1.));
#9279=DIRECTION('',(0.,1.,0.));
#9280=DIRECTION('center_axis',(0.,0.,-1.));
#9281=DIRECTION('ref_axis',(-1.,0.,0.));
#9282=DIRECTION('',(-1.,0.,0.));
#9283=DIRECTION('center_axis',(0.,-1.,0.));
#9284=DIRECTION('ref_axis',(1.,0.,0.));
#9285=DIRECTION('',(0.,0.,1.));
#9286=DIRECTION('',(1.,0.,0.));
#9287=DIRECTION('',(0.,0.,1.));
#9288=DIRECTION('center_axis',(0.,0.,1.));
#9289=DIRECTION('ref_axis',(1.,0.,0.));
#9290=DIRECTION('',(0.,-1.,0.));
#9291=DIRECTION('',(0.,1.,0.));
#9292=DIRECTION('',(-1.,0.,0.));
#9293=DIRECTION('center_axis',(1.,0.,0.));
#9294=DIRECTION('ref_axis',(0.,1.,0.));
#9295=DIRECTION('',(0.,0.,1.));
#9296=DIRECTION('center_axis',(0.,0.,1.));
#9297=DIRECTION('ref_axis',(1.,0.,0.));
#9298=DIRECTION('center_axis',(0.,0.,1.));
#9299=DIRECTION('ref_axis',(1.,0.,0.));
#9300=DIRECTION('',(0.,0.,-1.));
#9301=DIRECTION('center_axis',(0.,0.,-1.));
#9302=DIRECTION('ref_axis',(1.,0.,0.));
#9303=DIRECTION('center_axis',(0.,0.,1.));
#9304=DIRECTION('ref_axis',(1.,0.,0.));
#9305=DIRECTION('center_axis',(0.,0.,1.));
#9306=DIRECTION('ref_axis',(1.,0.,0.));
#9307=DIRECTION('',(0.,0.,-1.));
#9308=DIRECTION('center_axis',(0.,0.,-1.));
#9309=DIRECTION('ref_axis',(1.,0.,0.));
#9310=DIRECTION('center_axis',(0.,0.,1.));
#9311=DIRECTION('ref_axis',(1.,0.,0.));
#9312=DIRECTION('center_axis',(0.,0.,1.));
#9313=DIRECTION('ref_axis',(1.,0.,0.));
#9314=DIRECTION('',(0.,0.,-1.));
#9315=DIRECTION('center_axis',(0.,0.,-1.));
#9316=DIRECTION('ref_axis',(1.,0.,0.));
#9317=DIRECTION('center_axis',(0.,0.,1.));
#9318=DIRECTION('ref_axis',(1.,0.,0.));
#9319=DIRECTION('center_axis',(0.,0.,1.));
#9320=DIRECTION('ref_axis',(1.,0.,0.));
#9321=DIRECTION('',(0.,0.,-1.));
#9322=DIRECTION('center_axis',(0.,0.,-1.));
#9323=DIRECTION('ref_axis',(1.,0.,0.));
#9324=DIRECTION('center_axis',(0.,1.,0.));
#9325=DIRECTION('ref_axis',(-1.,0.,0.));
#9326=DIRECTION('',(0.,0.,1.));
#9327=DIRECTION('center_axis',(-1.,0.,0.));
#9328=DIRECTION('ref_axis',(0.,-1.,0.));
#9329=DIRECTION('center_axis',(-1.,0.,0.));
#9330=DIRECTION('ref_axis',(0.,-1.,0.));
#9331=DIRECTION('',(0.,-1.,0.));
#9332=DIRECTION('center_axis',(1.,0.,0.));
#9333=DIRECTION('ref_axis',(0.,1.,0.));
#9334=DIRECTION('',(0.,1.,0.));
#9335=DIRECTION('center_axis',(0.,0.,1.));
#9336=DIRECTION('ref_axis',(1.,0.,0.));
#9337=DIRECTION('center_axis',(0.,0.,1.));
#9338=DIRECTION('ref_axis',(1.,0.,0.));
#9339=DIRECTION('',(0.,0.,-1.));
#9340=DIRECTION('center_axis',(0.,0.,-1.));
#9341=DIRECTION('ref_axis',(1.,0.,0.));
#9342=DIRECTION('center_axis',(0.,0.,1.));
#9343=DIRECTION('ref_axis',(1.,0.,0.));
#9344=DIRECTION('center_axis',(0.,0.,1.));
#9345=DIRECTION('ref_axis',(1.,0.,0.));
#9346=DIRECTION('',(0.,0.,-1.));
#9347=DIRECTION('center_axis',(0.,0.,-1.));
#9348=DIRECTION('ref_axis',(1.,0.,0.));
#9349=DIRECTION('center_axis',(0.,0.,1.));
#9350=DIRECTION('ref_axis',(1.,0.,0.));
#9351=DIRECTION('center_axis',(0.,0.,1.));
#9352=DIRECTION('ref_axis',(1.,0.,0.));
#9353=DIRECTION('',(0.,0.,-1.));
#9354=DIRECTION('center_axis',(0.,0.,-1.));
#9355=DIRECTION('ref_axis',(1.,0.,0.));
#9356=DIRECTION('center_axis',(0.,0.,1.));
#9357=DIRECTION('ref_axis',(1.,0.,0.));
#9358=DIRECTION('center_axis',(0.,0.,1.));
#9359=DIRECTION('ref_axis',(1.,0.,0.));
#9360=DIRECTION('',(0.,0.,-1.));
#9361=DIRECTION('center_axis',(0.,0.,-1.));
#9362=DIRECTION('ref_axis',(1.,0.,0.));
#9363=DIRECTION('center_axis',(0.,0.,1.));
#9364=DIRECTION('ref_axis',(1.,0.,0.));
#9365=DIRECTION('axis',(0.,0.,1.));
#9366=DIRECTION('refdir',(1.,0.,0.));
#9367=DIRECTION('center_axis',(1.,0.,0.));
#9368=DIRECTION('ref_axis',(0.,-1.,0.));
#9369=DIRECTION('',(0.,-1.,0.));
#9370=DIRECTION('',(0.,0.,-1.));
#9371=DIRECTION('',(0.,-1.,0.));
#9372=DIRECTION('',(0.,0.,-1.));
#9373=DIRECTION('center_axis',(0.,-1.,0.));
#9374=DIRECTION('ref_axis',(-1.,0.,0.));
#9375=DIRECTION('',(-1.,0.,0.));
#9376=DIRECTION('',(0.,0.,-1.));
#9377=DIRECTION('',(-1.,0.,0.));
#9378=DIRECTION('center_axis',(-1.,0.,0.));
#9379=DIRECTION('ref_axis',(0.,1.,0.));
#9380=DIRECTION('',(0.,1.,0.));
#9381=DIRECTION('',(0.,0.,-1.));
#9382=DIRECTION('',(0.,1.,0.));
#9383=DIRECTION('center_axis',(0.,-1.,0.));
#9384=DIRECTION('ref_axis',(-1.,0.,0.));
#9385=DIRECTION('',(-1.,0.,0.));
#9386=DIRECTION('',(0.,0.,-1.));
#9387=DIRECTION('',(-1.,0.,0.));
#9388=DIRECTION('center_axis',(1.,0.,0.));
#9389=DIRECTION('ref_axis',(0.,-1.,0.));
#9390=DIRECTION('',(0.,-1.,0.));
#9391=DIRECTION('',(0.,0.,-1.));
#9392=DIRECTION('',(0.,-1.,0.));
#9393=DIRECTION('center_axis',(0.,1.,0.));
#9394=DIRECTION('ref_axis',(1.,0.,0.));
#9395=DIRECTION('',(1.,0.,0.));
#9396=DIRECTION('',(0.,0.,-1.));
#9397=DIRECTION('',(1.,0.,0.));
#9398=DIRECTION('center_axis',(-1.,0.,0.));
#9399=DIRECTION('ref_axis',(0.,1.,0.));
#9400=DIRECTION('',(0.,1.,0.));
#9401=DIRECTION('',(0.,0.,-1.));
#9402=DIRECTION('',(0.,1.,0.));
#9403=DIRECTION('center_axis',(0.,1.,0.));
#9404=DIRECTION('ref_axis',(1.,0.,0.));
#9405=DIRECTION('',(1.,0.,0.));
#9406=DIRECTION('',(0.,0.,-1.));
#9407=DIRECTION('',(1.,0.,0.));
#9408=DIRECTION('center_axis',(1.,0.,0.));
#9409=DIRECTION('ref_axis',(0.,-1.,0.));
#9410=DIRECTION('',(0.,-1.,0.));
#9411=DIRECTION('',(0.,0.,-1.));
#9412=DIRECTION('',(0.,-1.,0.));
#9413=DIRECTION('center_axis',(0.,1.,0.));
#9414=DIRECTION('ref_axis',(1.,0.,0.));
#9415=DIRECTION('',(1.,0.,0.));
#9416=DIRECTION('',(0.,0.,-1.));
#9417=DIRECTION('',(1.,0.,0.));
#9418=DIRECTION('center_axis',(-1.,0.,0.));
#9419=DIRECTION('ref_axis',(0.,1.,0.));
#9420=DIRECTION('',(0.,1.,0.));
#9421=DIRECTION('',(0.,0.,-1.));
#9422=DIRECTION('',(0.,1.,0.));
#9423=DIRECTION('center_axis',(0.,-1.,0.));
#9424=DIRECTION('ref_axis',(-1.,0.,0.));
#9425=DIRECTION('',(-1.,0.,0.));
#9426=DIRECTION('',(-1.,0.,0.));
#9427=DIRECTION('center_axis',(0.,0.,-1.));
#9428=DIRECTION('ref_axis',(-1.,0.,0.));
#9429=DIRECTION('center_axis',(1.,0.,0.));
#9430=DIRECTION('ref_axis',(0.,-1.,0.));
#9431=DIRECTION('',(0.,-1.,0.));
#9432=DIRECTION('',(0.,0.,-1.));
#9433=DIRECTION('',(0.,-1.,0.));
#9434=DIRECTION('',(0.,0.,-1.));
#9435=DIRECTION('center_axis',(-0.8313836213787,-0.555698905976283,0.));
#9436=DIRECTION('ref_axis',(-0.555698905976283,0.8313836213787,0.));
#9437=DIRECTION('',(-0.555698905976283,0.8313836213787,0.));
#9438=DIRECTION('',(0.,0.,-1.));
#9439=DIRECTION('',(-0.555698905976283,0.8313836213787,0.));
#9440=DIRECTION('center_axis',(0.,-1.,0.));
#9441=DIRECTION('ref_axis',(-1.,0.,0.));
#9442=DIRECTION('',(-1.,0.,0.));
#9443=DIRECTION('',(0.,0.,-1.));
#9444=DIRECTION('',(-1.,0.,0.));
#9445=DIRECTION('center_axis',(1.,0.,0.));
#9446=DIRECTION('ref_axis',(0.,-1.,0.));
#9447=DIRECTION('',(0.,-1.,0.));
#9448=DIRECTION('',(0.,0.,-1.));
#9449=DIRECTION('',(0.,-1.,0.));
#9450=DIRECTION('center_axis',(0.,1.,0.));
#9451=DIRECTION('ref_axis',(1.,0.,0.));
#9452=DIRECTION('',(1.,0.,0.));
#9453=DIRECTION('',(0.,0.,-1.));
#9454=DIRECTION('',(1.,0.,0.));
#9455=DIRECTION('center_axis',(-1.,0.,0.));
#9456=DIRECTION('ref_axis',(0.,1.,0.));
#9457=DIRECTION('',(0.,1.,0.));
#9458=DIRECTION('',(0.,0.,-1.));
#9459=DIRECTION('',(0.,1.,0.));
#9460=DIRECTION('center_axis',(0.831160425956781,0.556032684581889,0.));
#9461=DIRECTION('ref_axis',(0.556032684581889,-0.831160425956781,0.));
#9462=DIRECTION('',(0.556032684581889,-0.831160425956781,0.));
#9463=DIRECTION('',(0.,0.,-1.));
#9464=DIRECTION('',(0.556032684581889,-0.831160425956781,0.));
#9465=DIRECTION('center_axis',(0.,1.,0.));
#9466=DIRECTION('ref_axis',(1.,0.,0.));
#9467=DIRECTION('',(1.,0.,0.));
#9468=DIRECTION('',(0.,0.,-1.));
#9469=DIRECTION('',(1.,0.,0.));
#9470=DIRECTION('center_axis',(-1.,0.,0.));
#9471=DIRECTION('ref_axis',(0.,1.,0.));
#9472=DIRECTION('',(0.,1.,0.));
#9473=DIRECTION('',(0.,0.,-1.));
#9474=DIRECTION('',(0.,1.,0.));
#9475=DIRECTION('center_axis',(0.,-1.,0.));
#9476=DIRECTION('ref_axis',(-1.,0.,0.));
#9477=DIRECTION('',(-1.,0.,0.));
#9478=DIRECTION('',(-1.,0.,0.));
#9479=DIRECTION('center_axis',(0.,0.,-1.));
#9480=DIRECTION('ref_axis',(-1.,0.,0.));
#9481=DIRECTION('center_axis',(0.,-1.,0.));
#9482=DIRECTION('ref_axis',(-1.,0.,0.));
#9483=DIRECTION('',(-1.,0.,0.));
#9484=DIRECTION('',(0.,0.,-1.));
#9485=DIRECTION('',(-1.,0.,0.));
#9486=DIRECTION('',(0.,0.,-1.));
#9487=DIRECTION('',(0.,0.,-1.));
#9488=DIRECTION('',(0.,0.,-1.));
#9489=DIRECTION('',(0.,0.,-1.));
#9490=DIRECTION('',(0.,0.,-1.));
#9491=DIRECTION('',(0.,0.,-1.));
#9492=DIRECTION('',(0.,0.,-1.));
#9493=DIRECTION('center_axis',(0.,1.,0.));
#9494=DIRECTION('ref_axis',(1.,0.,0.));
#9495=DIRECTION('',(1.,0.,0.));
#9496=DIRECTION('',(0.,0.,-1.));
#9497=DIRECTION('',(1.,0.,0.));
#9498=DIRECTION('center_axis',(1.,0.,0.));
#9499=DIRECTION('ref_axis',(0.,-1.,0.));
#9500=DIRECTION('',(0.,-1.,0.));
#9501=DIRECTION('',(0.,-1.,0.));
#9502=DIRECTION('center_axis',(0.,-1.,0.));
#9503=DIRECTION('ref_axis',(-1.,0.,0.));
#9504=DIRECTION('',(-1.,0.,0.));
#9505=DIRECTION('',(0.,0.,-1.));
#9506=DIRECTION('',(-1.,0.,0.));
#9507=DIRECTION('',(0.,0.,-1.));
#9508=DIRECTION('',(0.,0.,-1.));
#9509=DIRECTION('',(0.,0.,-1.));
#9510=DIRECTION('',(0.,0.,-1.));
#9511=DIRECTION('',(0.,0.,-1.));
#9512=DIRECTION('',(0.,0.,-1.));
#9513=DIRECTION('',(0.,0.,-1.));
#9514=DIRECTION('',(0.,0.,-1.));
#9515=DIRECTION('center_axis',(0.,1.,0.));
#9516=DIRECTION('ref_axis',(1.,0.,0.));
#9517=DIRECTION('',(1.,0.,0.));
#9518=DIRECTION('',(0.,0.,-1.));
#9519=DIRECTION('',(1.,0.,0.));
#9520=DIRECTION('center_axis',(1.,0.,0.));
#9521=DIRECTION('ref_axis',(0.,-1.,0.));
#9522=DIRECTION('',(0.,-1.,0.));
#9523=DIRECTION('',(0.,-1.,0.));
#9524=DIRECTION('',(0.,0.,-1.));
#9525=DIRECTION('',(0.,0.,-1.));
#9526=DIRECTION('',(0.,0.,-1.));
#9527=DIRECTION('',(0.,0.,-1.));
#9528=DIRECTION('',(0.,0.,-1.));
#9529=DIRECTION('',(0.,0.,-1.));
#9530=DIRECTION('',(0.,0.,-1.));
#9531=DIRECTION('',(0.,0.,-1.));
#9532=DIRECTION('',(0.,0.,-1.));
#9533=DIRECTION('',(0.,0.,-1.));
#9534=DIRECTION('',(0.,0.,-1.));
#9535=DIRECTION('',(0.,0.,-1.));
#9536=DIRECTION('center_axis',(0.,1.,0.));
#9537=DIRECTION('ref_axis',(1.,0.,0.));
#9538=DIRECTION('',(1.,0.,0.));
#9539=DIRECTION('',(0.,0.,-1.));
#9540=DIRECTION('',(1.,0.,0.));
#9541=DIRECTION('center_axis',(-1.,0.,0.));
#9542=DIRECTION('ref_axis',(0.,1.,0.));
#9543=DIRECTION('',(0.,1.,0.));
#9544=DIRECTION('',(0.,0.,-1.));
#9545=DIRECTION('',(0.,1.,0.));
#9546=DIRECTION('center_axis',(0.,-1.,0.));
#9547=DIRECTION('ref_axis',(-1.,0.,0.));
#9548=DIRECTION('',(-1.,0.,0.));
#9549=DIRECTION('',(-1.,0.,0.));
#9550=DIRECTION('center_axis',(0.,0.,1.));
#9551=DIRECTION('ref_axis',(-1.,0.,0.));
#9552=DIRECTION('',(0.,0.,-1.));
#9553=DIRECTION('',(0.,0.,-1.));
#9554=DIRECTION('',(0.,0.,-1.));
#9555=DIRECTION('center_axis',(-0.935759598387605,-0.352638588395354,0.));
#9556=DIRECTION('ref_axis',(-0.352638588395354,0.935759598387605,0.));
#9557=DIRECTION('',(-0.352638588395354,0.935759598387605,0.));
#9558=DIRECTION('',(0.,0.,-1.));
#9559=DIRECTION('',(-0.352638588395354,0.935759598387605,0.));
#9560=DIRECTION('center_axis',(0.,1.,0.));
#9561=DIRECTION('ref_axis',(1.,0.,0.));
#9562=DIRECTION('',(1.,0.,0.));
#9563=DIRECTION('',(0.,0.,-1.));
#9564=DIRECTION('',(1.,0.,0.));
#9565=DIRECTION('center_axis',(0.936508134333079,-0.350645853145272,0.));
#9566=DIRECTION('ref_axis',(-0.350645853145272,-0.936508134333079,0.));
#9567=DIRECTION('',(-0.350645853145272,-0.936508134333079,0.));
#9568=DIRECTION('',(-0.350645853145272,-0.936508134333079,0.));
#9569=DIRECTION('center_axis',(0.940102175564903,-0.340892797662457,0.));
#9570=DIRECTION('ref_axis',(-0.340892797662457,-0.940102175564903,0.));
#9571=DIRECTION('',(-0.340892797662457,-0.940102175564903,0.));
#9572=DIRECTION('',(0.,0.,-1.));
#9573=DIRECTION('',(-0.340892797662457,-0.940102175564903,0.));
#9574=DIRECTION('',(0.,0.,-1.));
#9575=DIRECTION('center_axis',(0.,-1.,0.));
#9576=DIRECTION('ref_axis',(-1.,0.,0.));
#9577=DIRECTION('',(-1.,0.,0.));
#9578=DIRECTION('',(0.,0.,-1.));
#9579=DIRECTION('',(-1.,0.,0.));
#9580=DIRECTION('center_axis',(-0.933183015563908,-0.359401529578064,0.));
#9581=DIRECTION('ref_axis',(-0.359401529578064,0.933183015563907,0.));
#9582=DIRECTION('',(-0.359401529578064,0.933183015563907,0.));
#9583=DIRECTION('',(0.,0.,-1.));
#9584=DIRECTION('',(-0.359401529578064,0.933183015563907,0.));
#9585=DIRECTION('center_axis',(0.,-1.,0.));
#9586=DIRECTION('ref_axis',(-1.,0.,0.));
#9587=DIRECTION('',(-1.,0.,0.));
#9588=DIRECTION('',(0.,0.,-1.));
#9589=DIRECTION('',(-1.,0.,0.));
#9590=DIRECTION('center_axis',(0.925486651953757,0.378780222629726,0.));
#9591=DIRECTION('ref_axis',(0.378780222629726,-0.925486651953758,0.));
#9592=DIRECTION('',(0.378780222629726,-0.925486651953758,0.));
#9593=DIRECTION('',(0.,0.,-1.));
#9594=DIRECTION('',(0.378780222629726,-0.925486651953758,0.));
#9595=DIRECTION('center_axis',(0.,1.,0.));
#9596=DIRECTION('ref_axis',(1.,0.,0.));
#9597=DIRECTION('',(1.,0.,0.));
#9598=DIRECTION('',(0.,0.,-1.));
#9599=DIRECTION('',(1.,0.,0.));
#9600=DIRECTION('center_axis',(-0.933526000036845,0.358509703153497,0.));
#9601=DIRECTION('ref_axis',(0.358509703153497,0.933526000036845,0.));
#9602=DIRECTION('',(0.358509703153497,0.933526000036845,0.));
#9603=DIRECTION('',(0.,0.,-1.));
#9604=DIRECTION('',(0.358509703153497,0.933526000036845,0.));
#9605=DIRECTION('center_axis',(0.,-1.,0.));
#9606=DIRECTION('ref_axis',(-1.,0.,0.));
#9607=DIRECTION('',(-1.,0.,0.));
#9608=DIRECTION('',(-1.,0.,0.));
#9609=DIRECTION('center_axis',(0.,0.,1.));
#9610=DIRECTION('ref_axis',(-1.,0.,0.));
#9611=DIRECTION('center_axis',(-1.,0.,0.));
#9612=DIRECTION('ref_axis',(0.,1.,0.));
#9613=DIRECTION('',(0.,1.,0.));
#9614=DIRECTION('',(0.,0.,-1.));
#9615=DIRECTION('',(0.,1.,0.));
#9616=DIRECTION('',(0.,0.,-1.));
#9617=DIRECTION('',(0.,0.,-1.));
#9618=DIRECTION('',(0.,0.,-1.));
#9619=DIRECTION('',(0.,0.,-1.));
#9620=DIRECTION('',(0.,0.,-1.));
#9621=DIRECTION('',(0.,0.,-1.));
#9622=DIRECTION('',(0.,0.,-1.));
#9623=DIRECTION('',(0.,0.,-1.));
#9624=DIRECTION('',(0.,0.,-1.));
#9625=DIRECTION('',(0.,0.,-1.));
#9626=DIRECTION('',(0.,0.,-1.));
#9627=DIRECTION('',(0.,0.,-1.));
#9628=DIRECTION('',(0.,0.,-1.));
#9629=DIRECTION('center_axis',(0.264516920427857,-0.964381044404836,0.));
#9630=DIRECTION('ref_axis',(-0.964381044404836,-0.264516920427857,0.));
#9631=DIRECTION('',(-0.964381044404836,-0.264516920427857,0.));
#9632=DIRECTION('',(0.,0.,-1.));
#9633=DIRECTION('',(-0.964381044404836,-0.264516920427857,0.));
#9634=DIRECTION('',(0.,0.,-1.));
#9635=DIRECTION('',(0.,0.,-1.));
#9636=DIRECTION('',(0.,0.,-1.));
#9637=DIRECTION('',(0.,0.,-1.));
#9638=DIRECTION('',(0.,0.,-1.));
#9639=DIRECTION('',(0.,0.,-1.));
#9640=DIRECTION('',(0.,0.,-1.));
#9641=DIRECTION('',(0.,0.,-1.));
#9642=DIRECTION('',(0.,0.,-1.));
#9643=DIRECTION('',(0.,0.,-1.));
#9644=DIRECTION('',(0.,0.,-1.));
#9645=DIRECTION('center_axis',(1.,0.,0.));
#9646=DIRECTION('ref_axis',(0.,-1.,0.));
#9647=DIRECTION('',(0.,-1.,0.));
#9648=DIRECTION('',(0.,0.,-1.));
#9649=DIRECTION('',(0.,-1.,0.));
#9650=DIRECTION('center_axis',(-0.00161041602946892,0.999998703279265,0.));
#9651=DIRECTION('ref_axis',(0.999998703279265,0.00161041602946892,0.));
#9652=DIRECTION('',(0.999998703279265,0.00161041602946892,0.));
#9653=DIRECTION('',(0.,0.,-1.));
#9654=DIRECTION('',(0.999998703279265,0.00161041602946892,0.));
#9655=DIRECTION('center_axis',(-1.,0.,0.));
#9656=DIRECTION('ref_axis',(0.,1.,0.));
#9657=DIRECTION('',(0.,1.,0.));
#9658=DIRECTION('',(0.,0.,-1.));
#9659=DIRECTION('',(0.,1.,0.));
#9660=DIRECTION('center_axis',(0.,-1.,0.));
#9661=DIRECTION('ref_axis',(-1.,0.,0.));
#9662=DIRECTION('',(-1.,0.,0.));
#9663=DIRECTION('',(-1.,0.,0.));
#9664=DIRECTION('center_axis',(0.,0.,1.));
#9665=DIRECTION('ref_axis',(-1.,0.,0.));
#9666=DIRECTION('',(0.,0.,-1.));
#9667=DIRECTION('',(0.,0.,-1.));
#9668=DIRECTION('',(0.,0.,-1.));
#9669=DIRECTION('',(0.,0.,-1.));
#9670=DIRECTION('',(0.,0.,-1.));
#9671=DIRECTION('',(0.,0.,-1.));
#9672=DIRECTION('',(0.,0.,-1.));
#9673=DIRECTION('',(0.,0.,-1.));
#9674=DIRECTION('',(0.,0.,-1.));
#9675=DIRECTION('',(0.,0.,-1.));
#9676=DIRECTION('',(0.,0.,-1.));
#9677=DIRECTION('',(0.,0.,-1.));
#9678=DIRECTION('',(0.,0.,-1.));
#9679=DIRECTION('',(0.,0.,-1.));
#9680=DIRECTION('',(0.,0.,-1.));
#9681=DIRECTION('',(0.,0.,-1.));
#9682=DIRECTION('',(0.,0.,-1.));
#9683=DIRECTION('',(0.,0.,-1.));
#9684=DIRECTION('',(0.,0.,-1.));
#9685=DIRECTION('',(0.,0.,-1.));
#9686=DIRECTION('center_axis',(0.,0.,1.));
#9687=DIRECTION('ref_axis',(-1.,0.,0.));
#9688=DIRECTION('center_axis',(1.,0.,0.));
#9689=DIRECTION('ref_axis',(0.,-1.,0.));
#9690=DIRECTION('',(0.,-1.,0.));
#9691=DIRECTION('',(0.,0.,-1.));
#9692=DIRECTION('',(0.,-1.,0.));
#9693=DIRECTION('',(0.,0.,-1.));
#9694=DIRECTION('center_axis',(0.,-1.,0.));
#9695=DIRECTION('ref_axis',(-1.,0.,0.));
#9696=DIRECTION('',(-1.,0.,0.));
#9697=DIRECTION('',(0.,0.,-1.));
#9698=DIRECTION('',(-1.,0.,0.));
#9699=DIRECTION('center_axis',(1.,0.,0.));
#9700=DIRECTION('ref_axis',(0.,-1.,0.));
#9701=DIRECTION('',(0.,-1.,0.));
#9702=DIRECTION('',(0.,0.,-1.));
#9703=DIRECTION('',(0.,-1.,0.));
#9704=DIRECTION('center_axis',(0.,1.,0.));
#9705=DIRECTION('ref_axis',(1.,0.,0.));
#9706=DIRECTION('',(1.,0.,0.));
#9707=DIRECTION('',(0.,0.,-1.));
#9708=DIRECTION('',(1.,0.,0.));
#9709=DIRECTION('center_axis',(-1.,0.,0.));
#9710=DIRECTION('ref_axis',(0.,1.,0.));
#9711=DIRECTION('',(0.,1.,0.));
#9712=DIRECTION('',(0.,0.,-1.));
#9713=DIRECTION('',(0.,1.,0.));
#9714=DIRECTION('center_axis',(0.,-1.,0.));
#9715=DIRECTION('ref_axis',(-1.,0.,0.));
#9716=DIRECTION('',(-1.,0.,0.));
#9717=DIRECTION('',(0.,0.,-1.));
#9718=DIRECTION('',(-1.,0.,0.));
#9719=DIRECTION('center_axis',(-1.,0.,0.));
#9720=DIRECTION('ref_axis',(0.,1.,0.));
#9721=DIRECTION('',(0.,1.,0.));
#9722=DIRECTION('',(0.,0.,-1.));
#9723=DIRECTION('',(0.,1.,0.));
#9724=DIRECTION('center_axis',(0.,-1.,0.));
#9725=DIRECTION('ref_axis',(-1.,0.,0.));
#9726=DIRECTION('',(-1.,0.,0.));
#9727=DIRECTION('',(-1.,0.,0.));
#9728=DIRECTION('center_axis',(0.,0.,-1.));
#9729=DIRECTION('ref_axis',(-1.,0.,0.));
#9730=DIRECTION('center_axis',(0.,-1.,0.));
#9731=DIRECTION('ref_axis',(-1.,0.,0.));
#9732=DIRECTION('',(-1.,0.,0.));
#9733=DIRECTION('',(0.,0.,-1.));
#9734=DIRECTION('',(-1.,0.,0.));
#9735=DIRECTION('',(0.,0.,-1.));
#9736=DIRECTION('',(0.,0.,-1.));
#9737=DIRECTION('',(0.,0.,-1.));
#9738=DIRECTION('',(0.,0.,-1.));
#9739=DIRECTION('',(0.,0.,-1.));
#9740=DIRECTION('',(0.,0.,-1.));
#9741=DIRECTION('center_axis',(0.,1.,0.));
#9742=DIRECTION('ref_axis',(1.,0.,0.));
#9743=DIRECTION('',(1.,0.,0.));
#9744=DIRECTION('',(0.,0.,-1.));
#9745=DIRECTION('',(1.,0.,0.));
#9746=DIRECTION('center_axis',(1.,0.,0.));
#9747=DIRECTION('ref_axis',(0.,-1.,0.));
#9748=DIRECTION('',(0.,-1.,0.));
#9749=DIRECTION('',(0.,-1.,0.));
#9750=DIRECTION('center_axis',(1.,0.,0.));
#9751=DIRECTION('ref_axis',(0.,-1.,0.));
#9752=DIRECTION('',(0.,-1.,0.));
#9753=DIRECTION('',(0.,0.,-1.));
#9754=DIRECTION('',(0.,-1.,0.));
#9755=DIRECTION('',(0.,0.,-1.));
#9756=DIRECTION('center_axis',(0.,-1.,0.));
#9757=DIRECTION('ref_axis',(-1.,0.,0.));
#9758=DIRECTION('',(-1.,0.,0.));
#9759=DIRECTION('',(0.,0.,-1.));
#9760=DIRECTION('',(-1.,0.,0.));
#9761=DIRECTION('',(0.,0.,-1.));
#9762=DIRECTION('',(0.,0.,-1.));
#9763=DIRECTION('',(0.,0.,-1.));
#9764=DIRECTION('',(0.,0.,-1.));
#9765=DIRECTION('',(0.,0.,-1.));
#9766=DIRECTION('',(0.,0.,-1.));
#9767=DIRECTION('center_axis',(0.,1.,0.));
#9768=DIRECTION('ref_axis',(1.,0.,0.));
#9769=DIRECTION('',(1.,0.,0.));
#9770=DIRECTION('',(0.,0.,-1.));
#9771=DIRECTION('',(1.,0.,0.));
#9772=DIRECTION('center_axis',(-1.,0.,0.));
#9773=DIRECTION('ref_axis',(0.,1.,0.));
#9774=DIRECTION('',(0.,1.,0.));
#9775=DIRECTION('',(0.,0.,-1.));
#9776=DIRECTION('',(0.,1.,0.));
#9777=DIRECTION('center_axis',(0.,-1.,0.));
#9778=DIRECTION('ref_axis',(-1.,0.,0.));
#9779=DIRECTION('',(-1.,0.,0.));
#9780=DIRECTION('',(-1.,0.,0.));
#9781=DIRECTION('center_axis',(0.,0.,1.));
#9782=DIRECTION('ref_axis',(-1.,0.,0.));
#9783=DIRECTION('center_axis',(1.,0.,0.));
#9784=DIRECTION('ref_axis',(0.,-1.,0.));
#9785=DIRECTION('',(0.,-1.,0.));
#9786=DIRECTION('',(0.,0.,-1.));
#9787=DIRECTION('',(0.,-1.,0.));
#9788=DIRECTION('',(0.,0.,-1.));
#9789=DIRECTION('center_axis',(-0.831383378719616,-0.555699269019454,0.));
#9790=DIRECTION('ref_axis',(-0.555699269019454,0.831383378719616,0.));
#9791=DIRECTION('',(-0.555699269019454,0.831383378719616,0.));
#9792=DIRECTION('',(0.,0.,-1.));
#9793=DIRECTION('',(-0.555699269019454,0.831383378719616,0.));
#9794=DIRECTION('center_axis',(0.,-1.,0.));
#9795=DIRECTION('ref_axis',(-1.,0.,0.));
#9796=DIRECTION('',(-1.,0.,0.));
#9797=DIRECTION('',(0.,0.,-1.));
#9798=DIRECTION('',(-1.,0.,0.));
#9799=DIRECTION('center_axis',(1.,0.,0.));
#9800=DIRECTION('ref_axis',(0.,-1.,0.));
#9801=DIRECTION('',(0.,-1.,0.));
#9802=DIRECTION('',(0.,0.,-1.));
#9803=DIRECTION('',(0.,-1.,0.));
#9804=DIRECTION('center_axis',(0.,1.,0.));
#9805=DIRECTION('ref_axis',(1.,0.,0.));
#9806=DIRECTION('',(1.,0.,0.));
#9807=DIRECTION('',(0.,0.,-1.));
#9808=DIRECTION('',(1.,0.,0.));
#9809=DIRECTION('center_axis',(-1.,0.,0.));
#9810=DIRECTION('ref_axis',(0.,1.,0.));
#9811=DIRECTION('',(0.,1.,0.));
#9812=DIRECTION('',(0.,0.,-1.));
#9813=DIRECTION('',(0.,1.,0.));
#9814=DIRECTION('center_axis',(0.831160596149549,0.556032430176808,0.));
#9815=DIRECTION('ref_axis',(0.556032430176808,-0.831160596149549,0.));
#9816=DIRECTION('',(0.556032430176808,-0.831160596149549,0.));
#9817=DIRECTION('',(0.,0.,-1.));
#9818=DIRECTION('',(0.556032430176808,-0.831160596149549,0.));
#9819=DIRECTION('center_axis',(0.,1.,0.));
#9820=DIRECTION('ref_axis',(1.,0.,0.));
#9821=DIRECTION('',(1.,0.,0.));
#9822=DIRECTION('',(0.,0.,-1.));
#9823=DIRECTION('',(1.,0.,0.));
#9824=DIRECTION('center_axis',(-1.,0.,0.));
#9825=DIRECTION('ref_axis',(0.,1.,0.));
#9826=DIRECTION('',(0.,1.,0.));
#9827=DIRECTION('',(0.,0.,-1.));
#9828=DIRECTION('',(0.,1.,0.));
#9829=DIRECTION('center_axis',(0.,-1.,0.));
#9830=DIRECTION('ref_axis',(-1.,0.,0.));
#9831=DIRECTION('',(-1.,0.,0.));
#9832=DIRECTION('',(-1.,0.,0.));
#9833=DIRECTION('center_axis',(0.,0.,-1.));
#9834=DIRECTION('ref_axis',(-1.,0.,0.));
#9835=DIRECTION('center_axis',(1.,0.,0.));
#9836=DIRECTION('ref_axis',(0.,-1.,0.));
#9837=DIRECTION('',(0.,-1.,0.));
#9838=DIRECTION('',(0.,0.,-1.));
#9839=DIRECTION('',(0.,-1.,0.));
#9840=DIRECTION('',(0.,0.,-1.));
#9841=DIRECTION('center_axis',(0.,1.,0.));
#9842=DIRECTION('ref_axis',(1.,0.,0.));
#9843=DIRECTION('',(1.,0.,0.));
#9844=DIRECTION('',(0.,0.,-1.));
#9845=DIRECTION('',(1.,0.,0.));
#9846=DIRECTION('center_axis',(-1.,0.,0.));
#9847=DIRECTION('ref_axis',(0.,1.,0.));
#9848=DIRECTION('',(0.,1.,0.));
#9849=DIRECTION('',(0.,0.,-1.));
#9850=DIRECTION('',(0.,1.,0.));
#9851=DIRECTION('center_axis',(0.,-1.,0.));
#9852=DIRECTION('ref_axis',(-1.,0.,0.));
#9853=DIRECTION('',(-1.,0.,0.));
#9854=DIRECTION('',(-1.,0.,0.));
#9855=DIRECTION('center_axis',(0.,0.,-1.));
#9856=DIRECTION('ref_axis',(-1.,0.,0.));
#9857=DIRECTION('center_axis',(1.,0.,0.));
#9858=DIRECTION('ref_axis',(0.,-1.,0.));
#9859=DIRECTION('',(0.,-1.,0.));
#9860=DIRECTION('',(0.,0.,-1.));
#9861=DIRECTION('',(0.,-1.,0.));
#9862=DIRECTION('',(0.,0.,-1.));
#9863=DIRECTION('center_axis',(0.82219217633984,-0.569210000935997,0.));
#9864=DIRECTION('ref_axis',(-0.569210000935997,-0.82219217633984,0.));
#9865=DIRECTION('',(-0.569210000935997,-0.82219217633984,0.));
#9866=DIRECTION('',(0.,0.,-1.));
#9867=DIRECTION('',(-0.569210000935997,-0.82219217633984,0.));
#9868=DIRECTION('center_axis',(0.,1.,0.));
#9869=DIRECTION('ref_axis',(1.,0.,0.));
#9870=DIRECTION('',(1.,0.,0.));
#9871=DIRECTION('',(0.,0.,-1.));
#9872=DIRECTION('',(1.,0.,0.));
#9873=DIRECTION('center_axis',(-0.835018970757011,0.550221154151584,0.));
#9874=DIRECTION('ref_axis',(0.550221154151584,0.835018970757011,0.));
#9875=DIRECTION('',(0.550221154151584,0.835018970757011,0.));
#9876=DIRECTION('',(0.,0.,-1.));
#9877=DIRECTION('',(0.550221154151584,0.835018970757011,0.));
#9878=DIRECTION('',(0.,0.,-1.));
#9879=DIRECTION('',(0.,0.,-1.));
#9880=DIRECTION('center_axis',(0.836969701420468,0.547249229240328,0.));
#9881=DIRECTION('ref_axis',(0.547249229240328,-0.836969701420468,0.));
#9882=DIRECTION('',(0.547249229240328,-0.836969701420468,0.));
#9883=DIRECTION('',(0.,0.,-1.));
#9884=DIRECTION('',(0.547249229240328,-0.836969701420468,0.));
#9885=DIRECTION('center_axis',(0.,1.,0.));
#9886=DIRECTION('ref_axis',(1.,0.,0.));
#9887=DIRECTION('',(1.,0.,0.));
#9888=DIRECTION('',(0.,0.,-1.));
#9889=DIRECTION('',(1.,0.,0.));
#9890=DIRECTION('center_axis',(-0.83129278150348,-0.555834787882341,0.));
#9891=DIRECTION('ref_axis',(-0.555834787882341,0.83129278150348,0.));
#9892=DIRECTION('',(-0.555834787882341,0.83129278150348,0.));
#9893=DIRECTION('',(0.,0.,-1.));
#9894=DIRECTION('',(-0.555834787882341,0.83129278150348,0.));
#9895=DIRECTION('center_axis',(-1.,0.,0.));
#9896=DIRECTION('ref_axis',(0.,1.,0.));
#9897=DIRECTION('',(0.,1.,0.));
#9898=DIRECTION('',(0.,0.,-1.));
#9899=DIRECTION('',(0.,1.,0.));
#9900=DIRECTION('center_axis',(0.,-1.,0.));
#9901=DIRECTION('ref_axis',(-1.,0.,0.));
#9902=DIRECTION('',(-1.,0.,0.));
#9903=DIRECTION('',(-1.,0.,0.));
#9904=DIRECTION('center_axis',(0.,0.,1.));
#9905=DIRECTION('ref_axis',(-1.,0.,0.));
#9906=DIRECTION('center_axis',(1.,0.,0.));
#9907=DIRECTION('ref_axis',(0.,-1.,0.));
#9908=DIRECTION('',(0.,-1.,0.));
#9909=DIRECTION('',(0.,0.,-1.));
#9910=DIRECTION('',(0.,-1.,0.));
#9911=DIRECTION('',(0.,0.,-1.));
#9912=DIRECTION('center_axis',(0.,-1.,0.));
#9913=DIRECTION('ref_axis',(-1.,0.,0.));
#9914=DIRECTION('',(-1.,0.,0.));
#9915=DIRECTION('',(0.,0.,-1.));
#9916=DIRECTION('',(-1.,0.,0.));
#9917=DIRECTION('center_axis',(1.,0.,0.));
#9918=DIRECTION('ref_axis',(0.,-1.,0.));
#9919=DIRECTION('',(0.,-1.,0.));
#9920=DIRECTION('',(0.,0.,-1.));
#9921=DIRECTION('',(0.,-1.,0.));
#9922=DIRECTION('center_axis',(0.,1.,0.));
#9923=DIRECTION('ref_axis',(1.,0.,0.));
#9924=DIRECTION('',(1.,0.,0.));
#9925=DIRECTION('',(0.,0.,-1.));
#9926=DIRECTION('',(1.,0.,0.));
#9927=DIRECTION('center_axis',(1.,0.,0.));
#9928=DIRECTION('ref_axis',(0.,-1.,0.));
#9929=DIRECTION('',(0.,-1.,0.));
#9930=DIRECTION('',(0.,0.,-1.));
#9931=DIRECTION('',(0.,-1.,0.));
#9932=DIRECTION('center_axis',(0.,-1.,0.));
#9933=DIRECTION('ref_axis',(-1.,0.,0.));
#9934=DIRECTION('',(-1.,0.,0.));
#9935=DIRECTION('',(0.,0.,-1.));
#9936=DIRECTION('',(-1.,0.,0.));
#9937=DIRECTION('center_axis',(1.,0.,0.));
#9938=DIRECTION('ref_axis',(0.,-1.,0.));
#9939=DIRECTION('',(0.,-1.,0.));
#9940=DIRECTION('',(0.,0.,-1.));
#9941=DIRECTION('',(0.,-1.,0.));
#9942=DIRECTION('center_axis',(0.,1.,0.));
#9943=DIRECTION('ref_axis',(1.,0.,0.));
#9944=DIRECTION('',(1.,0.,0.));
#9945=DIRECTION('',(0.,0.,-1.));
#9946=DIRECTION('',(1.,0.,0.));
#9947=DIRECTION('center_axis',(-1.,0.,0.));
#9948=DIRECTION('ref_axis',(0.,1.,0.));
#9949=DIRECTION('',(0.,1.,0.));
#9950=DIRECTION('',(0.,0.,-1.));
#9951=DIRECTION('',(0.,1.,0.));
#9952=DIRECTION('center_axis',(0.,-1.,0.));
#9953=DIRECTION('ref_axis',(-1.,0.,0.));
#9954=DIRECTION('',(-1.,0.,0.));
#9955=DIRECTION('',(-1.,0.,0.));
#9956=DIRECTION('center_axis',(0.,0.,-1.));
#9957=DIRECTION('ref_axis',(-1.,0.,0.));
#9958=DIRECTION('center_axis',(0.,-1.,0.));
#9959=DIRECTION('ref_axis',(-1.,0.,0.));
#9960=DIRECTION('',(-1.,0.,0.));
#9961=DIRECTION('',(0.,0.,-1.));
#9962=DIRECTION('',(-1.,0.,0.));
#9963=DIRECTION('',(0.,0.,-1.));
#9964=DIRECTION('',(0.,0.,-1.));
#9965=DIRECTION('',(0.,0.,-1.));
#9966=DIRECTION('',(0.,0.,-1.));
#9967=DIRECTION('',(0.,0.,-1.));
#9968=DIRECTION('',(0.,0.,-1.));
#9969=DIRECTION('',(0.,0.,-1.));
#9970=DIRECTION('',(0.,0.,-1.));
#9971=DIRECTION('center_axis',(0.,1.,0.));
#9972=DIRECTION('ref_axis',(1.,0.,0.));
#9973=DIRECTION('',(1.,0.,0.));
#9974=DIRECTION('',(0.,0.,-1.));
#9975=DIRECTION('',(1.,0.,0.));
#9976=DIRECTION('center_axis',(1.,0.,0.));
#9977=DIRECTION('ref_axis',(0.,-1.,0.));
#9978=DIRECTION('',(0.,-1.,0.));
#9979=DIRECTION('',(0.,-1.,0.));
#9980=DIRECTION('',(0.,0.,-1.));
#9981=DIRECTION('',(0.,0.,-1.));
#9982=DIRECTION('',(0.,0.,-1.));
#9983=DIRECTION('',(0.,0.,-1.));
#9984=DIRECTION('',(0.,0.,-1.));
#9985=DIRECTION('',(0.,0.,-1.));
#9986=DIRECTION('',(0.,0.,-1.));
#9987=DIRECTION('',(0.,0.,-1.));
#9988=DIRECTION('',(0.,0.,-1.));
#9989=DIRECTION('',(0.,0.,-1.));
#9990=DIRECTION('center_axis',(0.,1.,0.));
#9991=DIRECTION('ref_axis',(1.,0.,0.));
#9992=DIRECTION('',(1.,0.,0.));
#9993=DIRECTION('',(0.,0.,-1.));
#9994=DIRECTION('',(1.,0.,0.));
#9995=DIRECTION('center_axis',(-1.,0.,0.));
#9996=DIRECTION('ref_axis',(0.,1.,0.));
#9997=DIRECTION('',(0.,1.,0.));
#9998=DIRECTION('',(0.,0.,-1.));
#9999=DIRECTION('',(0.,1.,0.));
#10000=DIRECTION('center_axis',(0.,-1.,0.));
#10001=DIRECTION('ref_axis',(-1.,0.,0.));
#10002=DIRECTION('',(-1.,0.,0.));
#10003=DIRECTION('',(-1.,0.,0.));
#10004=DIRECTION('center_axis',(0.,0.,1.));
#10005=DIRECTION('ref_axis',(-1.,0.,0.));
#10006=DIRECTION('center_axis',(0.,-1.,0.));
#10007=DIRECTION('ref_axis',(-1.,0.,0.));
#10008=DIRECTION('',(-1.,0.,0.));
#10009=DIRECTION('',(0.,0.,-1.));
#10010=DIRECTION('',(-1.,0.,0.));
#10011=DIRECTION('',(0.,0.,-1.));
#10012=DIRECTION('',(0.,0.,-1.));
#10013=DIRECTION('',(0.,0.,-1.));
#10014=DIRECTION('',(0.,0.,-1.));
#10015=DIRECTION('',(0.,0.,-1.));
#10016=DIRECTION('',(0.,0.,-1.));
#10017=DIRECTION('center_axis',(0.,1.,0.));
#10018=DIRECTION('ref_axis',(1.,0.,0.));
#10019=DIRECTION('',(1.,0.,0.));
#10020=DIRECTION('',(0.,0.,-1.));
#10021=DIRECTION('',(1.,0.,0.));
#10022=DIRECTION('center_axis',(1.,0.,0.));
#10023=DIRECTION('ref_axis',(0.,-1.,0.));
#10024=DIRECTION('',(0.,-1.,0.));
#10025=DIRECTION('',(0.,-1.,0.));
#10026=DIRECTION('center_axis',(1.,0.,0.));
#10027=DIRECTION('ref_axis',(0.,-1.,0.));
#10028=DIRECTION('',(0.,-1.,0.));
#10029=DIRECTION('',(0.,0.,-1.));
#10030=DIRECTION('',(0.,-1.,0.));
#10031=DIRECTION('',(0.,0.,-1.));
#10032=DIRECTION('center_axis',(0.,-1.,0.));
#10033=DIRECTION('ref_axis',(-1.,0.,0.));
#10034=DIRECTION('',(-1.,0.,0.));
#10035=DIRECTION('',(0.,0.,-1.));
#10036=DIRECTION('',(-1.,0.,0.));
#10037=DIRECTION('',(0.,0.,-1.));
#10038=DIRECTION('',(0.,0.,-1.));
#10039=DIRECTION('',(0.,0.,-1.));
#10040=DIRECTION('',(0.,0.,-1.));
#10041=DIRECTION('center_axis',(-0.843775639113578,-0.536696069333914,0.));
#10042=DIRECTION('ref_axis',(-0.536696069333914,0.843775639113578,0.));
#10043=DIRECTION('',(-0.536696069333914,0.843775639113578,0.));
#10044=DIRECTION('',(0.,0.,-1.));
#10045=DIRECTION('',(-0.536696069333914,0.843775639113578,0.));
#10046=DIRECTION('center_axis',(0.,-1.,0.));
#10047=DIRECTION('ref_axis',(-1.,0.,0.));
#10048=DIRECTION('',(-1.,0.,0.));
#10049=DIRECTION('',(0.,0.,-1.));
#10050=DIRECTION('',(-1.,0.,0.));
#10051=DIRECTION('center_axis',(0.842616714861493,0.53851376197459,0.));
#10052=DIRECTION('ref_axis',(0.53851376197459,-0.842616714861493,0.));
#10053=DIRECTION('',(0.53851376197459,-0.842616714861493,0.));
#10054=DIRECTION('',(0.,0.,-1.));
#10055=DIRECTION('',(0.53851376197459,-0.842616714861493,0.));
#10056=DIRECTION('',(0.,0.,-1.));
#10057=DIRECTION('',(0.,0.,-1.));
#10058=DIRECTION('',(0.,0.,-1.));
#10059=DIRECTION('',(0.,0.,-1.));
#10060=DIRECTION('',(0.,0.,-1.));
#10061=DIRECTION('',(0.,0.,-1.));
#10062=DIRECTION('',(0.,0.,-1.));
#10063=DIRECTION('center_axis',(0.,1.,0.));
#10064=DIRECTION('ref_axis',(1.,0.,0.));
#10065=DIRECTION('',(1.,0.,0.));
#10066=DIRECTION('',(0.,0.,-1.));
#10067=DIRECTION('',(1.,0.,0.));
#10068=DIRECTION('center_axis',(-1.,0.,0.));
#10069=DIRECTION('ref_axis',(0.,1.,0.));
#10070=DIRECTION('',(0.,1.,0.));
#10071=DIRECTION('',(0.,0.,-1.));
#10072=DIRECTION('',(0.,1.,0.));
#10073=DIRECTION('center_axis',(0.,-1.,0.));
#10074=DIRECTION('ref_axis',(-1.,0.,0.));
#10075=DIRECTION('',(-1.,0.,0.));
#10076=DIRECTION('',(-1.,0.,0.));
#10077=DIRECTION('center_axis',(0.,0.,1.));
#10078=DIRECTION('ref_axis',(-1.,0.,0.));
#10079=DIRECTION('',(0.,0.,-1.));
#10080=DIRECTION('',(0.,0.,-1.));
#10081=DIRECTION('',(0.,0.,-1.));
#10082=DIRECTION('',(0.,0.,-1.));
#10083=DIRECTION('',(0.,0.,-1.));
#10084=DIRECTION('',(0.,0.,-1.));
#10085=DIRECTION('',(0.,0.,-1.));
#10086=DIRECTION('',(0.,0.,-1.));
#10087=DIRECTION('',(0.,0.,-1.));
#10088=DIRECTION('',(0.,0.,-1.));
#10089=DIRECTION('',(0.,0.,-1.));
#10090=DIRECTION('',(0.,0.,-1.));
#10091=DIRECTION('',(0.,0.,-1.));
#10092=DIRECTION('',(0.,0.,-1.));
#10093=DIRECTION('',(0.,0.,-1.));
#10094=DIRECTION('',(0.,0.,-1.));
#10095=DIRECTION('',(0.,0.,-1.));
#10096=DIRECTION('',(0.,0.,-1.));
#10097=DIRECTION('',(0.,0.,-1.));
#10098=DIRECTION('',(0.,0.,-1.));
#10099=DIRECTION('center_axis',(0.,0.,1.));
#10100=DIRECTION('ref_axis',(-1.,0.,0.));
#10101=DIRECTION('',(0.,0.,-1.));
#10102=DIRECTION('',(0.,0.,-1.));
#10103=DIRECTION('',(0.,0.,-1.));
#10104=DIRECTION('',(0.,0.,-1.));
#10105=DIRECTION('',(0.,0.,-1.));
#10106=DIRECTION('',(0.,0.,-1.));
#10107=DIRECTION('',(0.,0.,-1.));
#10108=DIRECTION('',(0.,0.,-1.));
#10109=DIRECTION('',(0.,0.,-1.));
#10110=DIRECTION('',(0.,0.,-1.));
#10111=DIRECTION('',(0.,0.,-1.));
#10112=DIRECTION('',(0.,0.,-1.));
#10113=DIRECTION('',(0.,0.,-1.));
#10114=DIRECTION('',(0.,0.,-1.));
#10115=DIRECTION('',(0.,0.,-1.));
#10116=DIRECTION('center_axis',(0.0750565239022289,-0.997179280881685,0.));
#10117=DIRECTION('ref_axis',(-0.997179280881685,-0.0750565239022289,0.));
#10118=DIRECTION('',(-0.997179280881685,-0.0750565239022289,0.));
#10119=DIRECTION('',(0.,0.,-1.));
#10120=DIRECTION('',(-0.997179280881685,-0.0750565239022289,0.));
#10121=DIRECTION('',(0.,0.,-1.));
#10122=DIRECTION('',(0.,0.,-1.));
#10123=DIRECTION('',(0.,0.,-1.));
#10124=DIRECTION('',(0.,0.,-1.));
#10125=DIRECTION('',(0.,0.,-1.));
#10126=DIRECTION('',(0.,0.,-1.));
#10127=DIRECTION('',(0.,0.,-1.));
#10128=DIRECTION('',(0.,0.,-1.));
#10129=DIRECTION('',(0.,0.,-1.));
#10130=DIRECTION('',(0.,0.,-1.));
#10131=DIRECTION('',(0.,0.,-1.));
#10132=DIRECTION('',(0.,0.,-1.));
#10133=DIRECTION('',(0.,0.,-1.));
#10134=DIRECTION('',(0.,0.,-1.));
#10135=DIRECTION('',(0.,0.,-1.));
#10136=DIRECTION('',(0.,0.,-1.));
#10137=DIRECTION('',(0.,0.,-1.));
#10138=DIRECTION('',(0.,0.,-1.));
#10139=DIRECTION('center_axis',(-0.0870995045169795,0.996199616699834,0.));
#10140=DIRECTION('ref_axis',(0.996199616699834,0.0870995045169795,0.));
#10141=DIRECTION('',(0.996199616699834,0.0870995045169795,0.));
#10142=DIRECTION('',(0.,0.,-1.));
#10143=DIRECTION('',(0.996199616699834,0.0870995045169795,0.));
#10144=DIRECTION('center_axis',(0.,0.,1.));
#10145=DIRECTION('ref_axis',(-1.,0.,0.));
#10146=DIRECTION('',(0.,0.,-1.));
#10147=DIRECTION('',(0.,0.,-1.));
#10148=DIRECTION('',(0.,0.,-1.));
#10149=DIRECTION('center_axis',(-0.935759598387605,-0.352638588395354,0.));
#10150=DIRECTION('ref_axis',(-0.352638588395354,0.935759598387605,0.));
#10151=DIRECTION('',(-0.352638588395354,0.935759598387605,0.));
#10152=DIRECTION('',(0.,0.,-1.));
#10153=DIRECTION('',(-0.352638588395354,0.935759598387605,0.));
#10154=DIRECTION('center_axis',(0.,1.,0.));
#10155=DIRECTION('ref_axis',(1.,0.,0.));
#10156=DIRECTION('',(1.,0.,0.));
#10157=DIRECTION('',(0.,0.,-1.));
#10158=DIRECTION('',(1.,0.,0.));
#10159=DIRECTION('center_axis',(0.936508105084508,-0.350645931262613,0.));
#10160=DIRECTION('ref_axis',(-0.350645931262613,-0.936508105084508,0.));
#10161=DIRECTION('',(-0.350645931262613,-0.936508105084508,0.));
#10162=DIRECTION('',(-0.350645931262613,-0.936508105084508,0.));
#10163=DIRECTION('center_axis',(0.940102175564903,-0.340892797662457,0.));
#10164=DIRECTION('ref_axis',(-0.340892797662457,-0.940102175564903,0.));
#10165=DIRECTION('',(-0.340892797662457,-0.940102175564903,0.));
#10166=DIRECTION('',(0.,0.,-1.));
#10167=DIRECTION('',(-0.340892797662457,-0.940102175564903,0.));
#10168=DIRECTION('',(0.,0.,-1.));
#10169=DIRECTION('center_axis',(0.,-1.,0.));
#10170=DIRECTION('ref_axis',(-1.,0.,0.));
#10171=DIRECTION('',(-1.,0.,0.));
#10172=DIRECTION('',(0.,0.,-1.));
#10173=DIRECTION('',(-1.,0.,0.));
#10174=DIRECTION('center_axis',(-0.933183015563908,-0.359401529578064,0.));
#10175=DIRECTION('ref_axis',(-0.359401529578064,0.933183015563907,0.));
#10176=DIRECTION('',(-0.359401529578064,0.933183015563907,0.));
#10177=DIRECTION('',(0.,0.,-1.));
#10178=DIRECTION('',(-0.359401529578064,0.933183015563907,0.));
#10179=DIRECTION('center_axis',(0.,-1.,0.));
#10180=DIRECTION('ref_axis',(-1.,0.,0.));
#10181=DIRECTION('',(-1.,0.,0.));
#10182=DIRECTION('',(0.,0.,-1.));
#10183=DIRECTION('',(-1.,0.,0.));
#10184=DIRECTION('center_axis',(0.925486661846913,0.378780198457439,0.));
#10185=DIRECTION('ref_axis',(0.378780198457439,-0.925486661846913,0.));
#10186=DIRECTION('',(0.378780198457439,-0.925486661846913,0.));
#10187=DIRECTION('',(0.,0.,-1.));
#10188=DIRECTION('',(0.378780198457439,-0.925486661846913,0.));
#10189=DIRECTION('center_axis',(0.,1.,0.));
#10190=DIRECTION('ref_axis',(1.,0.,0.));
#10191=DIRECTION('',(1.,0.,0.));
#10192=DIRECTION('',(0.,0.,-1.));
#10193=DIRECTION('',(1.,0.,0.));
#10194=DIRECTION('center_axis',(-0.93352600897645,0.358509679875593,0.));
#10195=DIRECTION('ref_axis',(0.358509679875593,0.93352600897645,0.));
#10196=DIRECTION('',(0.358509679875593,0.93352600897645,0.));
#10197=DIRECTION('',(0.,0.,-1.));
#10198=DIRECTION('',(0.358509679875593,0.93352600897645,0.));
#10199=DIRECTION('center_axis',(0.,-1.,0.));
#10200=DIRECTION('ref_axis',(-1.,0.,0.));
#10201=DIRECTION('',(-1.,0.,0.));
#10202=DIRECTION('',(-1.,0.,0.));
#10203=DIRECTION('center_axis',(0.,0.,1.));
#10204=DIRECTION('ref_axis',(-1.,0.,0.));
#10205=DIRECTION('center_axis',(1.,0.,0.));
#10206=DIRECTION('ref_axis',(0.,-1.,0.));
#10207=DIRECTION('',(0.,-1.,0.));
#10208=DIRECTION('',(0.,0.,-1.));
#10209=DIRECTION('',(0.,-1.,0.));
#10210=DIRECTION('',(0.,0.,-1.));
#10211=DIRECTION('center_axis',(0.698100047383045,-0.716000226147863,0.));
#10212=DIRECTION('ref_axis',(-0.716000226147863,-0.698100047383045,0.));
#10213=DIRECTION('',(-0.716000226147863,-0.698100047383045,0.));
#10214=DIRECTION('',(0.,0.,-1.));
#10215=DIRECTION('',(-0.716000226147863,-0.698100047383045,0.));
#10216=DIRECTION('center_axis',(-0.817883197180467,-0.57538428529971,0.));
#10217=DIRECTION('ref_axis',(-0.57538428529971,0.817883197180466,0.));
#10218=DIRECTION('',(-0.57538428529971,0.817883197180466,0.));
#10219=DIRECTION('',(0.,0.,-1.));
#10220=DIRECTION('',(-0.57538428529971,0.817883197180466,0.));
#10221=DIRECTION('center_axis',(0.,-1.,0.));
#10222=DIRECTION('ref_axis',(-1.,0.,0.));
#10223=DIRECTION('',(-1.,0.,0.));
#10224=DIRECTION('',(0.,0.,-1.));
#10225=DIRECTION('',(-1.,0.,0.));
#10226=DIRECTION('center_axis',(0.805287872263017,0.592884004495064,0.));
#10227=DIRECTION('ref_axis',(0.592884004495064,-0.805287872263017,0.));
#10228=DIRECTION('',(0.592884004495064,-0.805287872263017,0.));
#10229=DIRECTION('',(0.,0.,-1.));
#10230=DIRECTION('',(0.592884004495064,-0.805287872263017,0.));
#10231=DIRECTION('center_axis',(0.694719756247515,-0.719280515709548,0.));
#10232=DIRECTION('ref_axis',(-0.719280515709548,-0.694719756247515,0.));
#10233=DIRECTION('',(-0.719280515709548,-0.694719756247515,0.));
#10234=DIRECTION('',(0.,0.,-1.));
#10235=DIRECTION('',(-0.719280515709548,-0.694719756247515,0.));
#10236=DIRECTION('center_axis',(0.,1.,0.));
#10237=DIRECTION('ref_axis',(1.,0.,0.));
#10238=DIRECTION('',(1.,0.,0.));
#10239=DIRECTION('',(0.,0.,-1.));
#10240=DIRECTION('',(1.,0.,0.));
#10241=DIRECTION('center_axis',(-0.706620716320753,0.707592512161022,0.));
#10242=DIRECTION('ref_axis',(0.707592512161022,0.706620716320753,0.));
#10243=DIRECTION('',(0.707592512161022,0.706620716320753,0.));
#10244=DIRECTION('',(0.,0.,-1.));
#10245=DIRECTION('',(0.707592512161022,0.706620716320753,0.));
#10246=DIRECTION('center_axis',(1.,0.,0.));
#10247=DIRECTION('ref_axis',(0.,-1.,0.));
#10248=DIRECTION('',(0.,-1.,0.));
#10249=DIRECTION('',(0.,0.,-1.));
#10250=DIRECTION('',(0.,-1.,0.));
#10251=DIRECTION('center_axis',(0.,1.,0.));
#10252=DIRECTION('ref_axis',(1.,0.,0.));
#10253=DIRECTION('',(1.,0.,0.));
#10254=DIRECTION('',(0.,0.,-1.));
#10255=DIRECTION('',(1.,0.,0.));
#10256=DIRECTION('center_axis',(-1.,0.,0.));
#10257=DIRECTION('ref_axis',(0.,1.,0.));
#10258=DIRECTION('',(0.,1.,0.));
#10259=DIRECTION('',(0.,0.,-1.));
#10260=DIRECTION('',(0.,1.,0.));
#10261=DIRECTION('center_axis',(0.,-1.,0.));
#10262=DIRECTION('ref_axis',(-1.,0.,0.));
#10263=DIRECTION('',(-1.,0.,0.));
#10264=DIRECTION('',(-1.,0.,0.));
#10265=DIRECTION('center_axis',(0.,0.,-1.));
#10266=DIRECTION('ref_axis',(-1.,0.,0.));
#10267=DIRECTION('center_axis',(0.,0.,1.));
#10268=DIRECTION('ref_axis',(1.,0.,0.));
#10269=DIRECTION('center_axis',(0.,0.,-1.));
#10270=DIRECTION('ref_axis',(-0.707106781186547,0.707106781186547,0.));
#10271=DIRECTION('',(0.,-1.,0.));
#10272=DIRECTION('center_axis',(0.,0.,-1.));
#10273=DIRECTION('ref_axis',(-0.707106781186547,-0.707106781186547,0.));
#10274=DIRECTION('',(1.,0.,0.));
#10275=DIRECTION('center_axis',(0.,0.,-1.));
#10276=DIRECTION('ref_axis',(0.707106781186547,-0.707106781186547,0.));
#10277=DIRECTION('',(0.,1.,0.));
#10278=DIRECTION('center_axis',(0.,0.,-1.));
#10279=DIRECTION('ref_axis',(0.707106781186547,0.707106781186547,0.));
#10280=DIRECTION('',(-1.,0.,0.));
#10281=DIRECTION('',(-2.86509167645202E-16,-1.,0.));
#10282=DIRECTION('',(-1.,-9.60192886162298E-16,0.));
#10283=DIRECTION('',(0.,1.,0.));
#10284=DIRECTION('',(-1.,0.,0.));
#10285=DIRECTION('center_axis',(0.,0.,-1.));
#10286=DIRECTION('ref_axis',(0.,1.,0.));
#10287=DIRECTION('',(1.,0.,0.));
#10288=DIRECTION('center_axis',(0.,0.,-1.));
#10289=DIRECTION('ref_axis',(1.,0.,0.));
#10290=DIRECTION('',(0.,-1.,0.));
#10291=DIRECTION('center_axis',(0.,0.,-1.));
#10292=DIRECTION('ref_axis',(0.,-1.,0.));
#10293=DIRECTION('',(-1.,0.,0.));
#10294=DIRECTION('center_axis',(0.,0.,-1.));
#10295=DIRECTION('ref_axis',(-1.,0.,0.));
#10296=DIRECTION('',(0.,1.,0.));
#10297=DIRECTION('center_axis',(0.,0.,-1.));
#10298=DIRECTION('ref_axis',(1.,0.,0.));
#10299=DIRECTION('center_axis',(0.,0.,-1.));
#10300=DIRECTION('ref_axis',(0.,1.,0.));
#10301=DIRECTION('',(1.,0.,0.));
#10302=DIRECTION('center_axis',(0.,0.,-1.));
#10303=DIRECTION('ref_axis',(1.,0.,0.));
#10304=DIRECTION('',(0.,-1.,0.));
#10305=DIRECTION('center_axis',(0.,0.,-1.));
#10306=DIRECTION('ref_axis',(0.,-1.,0.));
#10307=DIRECTION('',(-1.,0.,0.));
#10308=DIRECTION('center_axis',(0.,0.,-1.));
#10309=DIRECTION('ref_axis',(-1.,0.,0.));
#10310=DIRECTION('',(0.,1.,0.));
#10311=DIRECTION('center_axis',(0.,0.,-1.));
#10312=DIRECTION('ref_axis',(1.,0.,0.));
#10313=DIRECTION('center_axis',(0.,0.,-1.));
#10314=DIRECTION('ref_axis',(0.,1.,0.));
#10315=DIRECTION('',(1.,0.,0.));
#10316=DIRECTION('center_axis',(0.,0.,-1.));
#10317=DIRECTION('ref_axis',(1.,0.,0.));
#10318=DIRECTION('',(0.,-1.,0.));
#10319=DIRECTION('center_axis',(0.,0.,-1.));
#10320=DIRECTION('ref_axis',(0.,-1.,0.));
#10321=DIRECTION('',(-1.,0.,0.));
#10322=DIRECTION('center_axis',(0.,0.,-1.));
#10323=DIRECTION('ref_axis',(-1.,0.,0.));
#10324=DIRECTION('',(0.,1.,0.));
#10325=DIRECTION('center_axis',(0.,0.,-1.));
#10326=DIRECTION('ref_axis',(0.,1.,0.));
#10327=DIRECTION('',(1.,0.,0.));
#10328=DIRECTION('center_axis',(0.,0.,-1.));
#10329=DIRECTION('ref_axis',(1.,0.,0.));
#10330=DIRECTION('',(0.,-1.,0.));
#10331=DIRECTION('center_axis',(0.,0.,-1.));
#10332=DIRECTION('ref_axis',(0.,-1.,0.));
#10333=DIRECTION('',(-1.,0.,0.));
#10334=DIRECTION('center_axis',(0.,0.,-1.));
#10335=DIRECTION('ref_axis',(-1.,0.,0.));
#10336=DIRECTION('',(0.,1.,0.));
#10337=DIRECTION('center_axis',(0.,0.,-1.));
#10338=DIRECTION('ref_axis',(1.,0.,0.));
#10339=DIRECTION('center_axis',(0.,0.,-1.));
#10340=DIRECTION('ref_axis',(1.,0.,0.));
#10341=DIRECTION('center_axis',(0.,0.,1.));
#10342=DIRECTION('ref_axis',(1.,0.,0.));
#10343=DIRECTION('center_axis',(0.,0.,1.));
#10344=DIRECTION('ref_axis',(1.,0.,0.));
#10345=DIRECTION('center_axis',(0.,0.,1.));
#10346=DIRECTION('ref_axis',(1.,0.,0.));
#10347=DIRECTION('center_axis',(0.,0.,1.));
#10348=DIRECTION('ref_axis',(1.,0.,0.));
#10349=DIRECTION('center_axis',(0.,0.,1.));
#10350=DIRECTION('ref_axis',(1.,0.,0.));
#10351=DIRECTION('center_axis',(0.,0.,1.));
#10352=DIRECTION('ref_axis',(1.,0.,0.));
#10353=DIRECTION('center_axis',(0.,0.,1.));
#10354=DIRECTION('ref_axis',(1.,0.,0.));
#10355=DIRECTION('center_axis',(0.,0.,1.));
#10356=DIRECTION('ref_axis',(1.,0.,0.));
#10357=DIRECTION('center_axis',(0.,0.,1.));
#10358=DIRECTION('ref_axis',(-0.707106781186547,0.707106781186547,0.));
#10359=DIRECTION('',(0.,0.,-1.));
#10360=DIRECTION('center_axis',(0.,0.,1.));
#10361=DIRECTION('ref_axis',(-0.707106781186547,0.707106781186547,0.));
#10362=DIRECTION('',(0.,0.,1.));
#10363=DIRECTION('center_axis',(-1.,0.,0.));
#10364=DIRECTION('ref_axis',(0.,-1.,0.));
#10365=DIRECTION('',(0.,1.,0.));
#10366=DIRECTION('',(0.,0.,-1.));
#10367=DIRECTION('center_axis',(0.,0.,1.));
#10368=DIRECTION('ref_axis',(1.,0.,0.));
#10369=DIRECTION('',(1.,0.,0.));
#10370=DIRECTION('',(0.,-1.,0.));
#10371=DIRECTION('',(-1.,-9.60192886162298E-16,0.));
#10372=DIRECTION('',(-2.86509167645202E-16,-1.,0.));
#10373=DIRECTION('',(1.,0.,0.));
#10374=DIRECTION('center_axis',(0.,0.,1.));
#10375=DIRECTION('ref_axis',(0.707106781186547,0.707106781186547,0.));
#10376=DIRECTION('',(0.,-1.,0.));
#10377=DIRECTION('center_axis',(0.,0.,1.));
#10378=DIRECTION('ref_axis',(0.707106781186547,-0.707106781186547,0.));
#10379=DIRECTION('',(-1.,0.,0.));
#10380=DIRECTION('center_axis',(0.,0.,1.));
#10381=DIRECTION('ref_axis',(-0.707106781186547,-0.707106781186547,0.));
#10382=DIRECTION('center_axis',(0.,0.,-1.));
#10383=DIRECTION('ref_axis',(1.,0.,0.));
#10384=DIRECTION('center_axis',(0.,0.,-1.));
#10385=DIRECTION('ref_axis',(1.,0.,0.));
#10386=DIRECTION('center_axis',(0.,0.,-1.));
#10387=DIRECTION('ref_axis',(0.,1.,0.));
#10388=DIRECTION('',(0.,1.,0.));
#10389=DIRECTION('center_axis',(0.,0.,-1.));
#10390=DIRECTION('ref_axis',(-1.,0.,0.));
#10391=DIRECTION('',(-1.,0.,0.));
#10392=DIRECTION('center_axis',(0.,0.,-1.));
#10393=DIRECTION('ref_axis',(0.,-1.,0.));
#10394=DIRECTION('',(0.,-1.,0.));
#10395=DIRECTION('center_axis',(0.,0.,-1.));
#10396=DIRECTION('ref_axis',(1.,0.,0.));
#10397=DIRECTION('',(1.,0.,0.));
#10398=DIRECTION('center_axis',(0.,0.,-1.));
#10399=DIRECTION('ref_axis',(0.,1.,0.));
#10400=DIRECTION('',(0.,1.,0.));
#10401=DIRECTION('center_axis',(0.,0.,-1.));
#10402=DIRECTION('ref_axis',(-1.,0.,0.));
#10403=DIRECTION('',(-1.,0.,0.));
#10404=DIRECTION('center_axis',(0.,0.,-1.));
#10405=DIRECTION('ref_axis',(0.,-1.,0.));
#10406=DIRECTION('',(0.,-1.,0.));
#10407=DIRECTION('center_axis',(0.,0.,-1.));
#10408=DIRECTION('ref_axis',(1.,0.,0.));
#10409=DIRECTION('',(1.,0.,0.));
#10410=DIRECTION('center_axis',(0.,0.,-1.));
#10411=DIRECTION('ref_axis',(1.,0.,0.));
#10412=DIRECTION('center_axis',(0.,0.,-1.));
#10413=DIRECTION('ref_axis',(0.,1.,0.));
#10414=DIRECTION('',(0.,1.,0.));
#10415=DIRECTION('center_axis',(0.,0.,-1.));
#10416=DIRECTION('ref_axis',(-1.,0.,0.));
#10417=DIRECTION('',(-1.,0.,0.));
#10418=DIRECTION('center_axis',(0.,0.,-1.));
#10419=DIRECTION('ref_axis',(0.,-1.,0.));
#10420=DIRECTION('',(0.,-1.,0.));
#10421=DIRECTION('center_axis',(0.,0.,-1.));
#10422=DIRECTION('ref_axis',(1.,0.,0.));
#10423=DIRECTION('',(1.,0.,0.));
#10424=DIRECTION('center_axis',(0.,0.,-1.));
#10425=DIRECTION('ref_axis',(1.,0.,0.));
#10426=DIRECTION('center_axis',(0.,0.,-1.));
#10427=DIRECTION('ref_axis',(0.,1.,0.));
#10428=DIRECTION('',(0.,1.,0.));
#10429=DIRECTION('center_axis',(0.,0.,-1.));
#10430=DIRECTION('ref_axis',(-1.,0.,0.));
#10431=DIRECTION('',(-1.,0.,0.));
#10432=DIRECTION('center_axis',(0.,0.,-1.));
#10433=DIRECTION('ref_axis',(0.,-1.,0.));
#10434=DIRECTION('',(0.,-1.,0.));
#10435=DIRECTION('center_axis',(0.,0.,-1.));
#10436=DIRECTION('ref_axis',(1.,0.,0.));
#10437=DIRECTION('',(1.,0.,0.));
#10438=DIRECTION('center_axis',(0.,0.,1.));
#10439=DIRECTION('ref_axis',(0.707106781186547,0.707106781186547,0.));
#10440=DIRECTION('',(0.,0.,-1.));
#10441=DIRECTION('',(0.,0.,1.));
#10442=DIRECTION('center_axis',(1.,0.,0.));
#10443=DIRECTION('ref_axis',(0.,1.,0.));
#10444=DIRECTION('',(0.,0.,1.));
#10445=DIRECTION('center_axis',(0.,0.,1.));
#10446=DIRECTION('ref_axis',(0.707106781186547,-0.707106781186547,0.));
#10447=DIRECTION('',(0.,0.,-1.));
#10448=DIRECTION('center_axis',(0.,0.,1.));
#10449=DIRECTION('ref_axis',(-0.707106781186547,-0.707106781186547,0.));
#10450=DIRECTION('',(0.,0.,1.));
#10451=DIRECTION('center_axis',(1.,0.,0.));
#10452=DIRECTION('ref_axis',(0.,1.,0.));
#10453=DIRECTION('',(0.,0.,1.));
#10454=DIRECTION('',(0.,0.,1.));
#10455=DIRECTION('center_axis',(0.,0.,1.));
#10456=DIRECTION('ref_axis',(-1.,0.,0.));
#10457=DIRECTION('',(0.,0.,1.));
#10458=DIRECTION('center_axis',(0.,1.,0.));
#10459=DIRECTION('ref_axis',(-1.,0.,0.));
#10460=DIRECTION('',(0.,0.,1.));
#10461=DIRECTION('center_axis',(0.,0.,1.));
#10462=DIRECTION('ref_axis',(0.,-1.,0.));
#10463=DIRECTION('',(0.,0.,1.));
#10464=DIRECTION('center_axis',(-1.,0.,0.));
#10465=DIRECTION('ref_axis',(0.,-1.,0.));
#10466=DIRECTION('',(0.,0.,1.));
#10467=DIRECTION('center_axis',(0.,0.,1.));
#10468=DIRECTION('ref_axis',(1.,0.,0.));
#10469=DIRECTION('',(0.,0.,1.));
#10470=DIRECTION('center_axis',(0.,-1.,0.));
#10471=DIRECTION('ref_axis',(1.,0.,0.));
#10472=DIRECTION('',(0.,0.,1.));
#10473=DIRECTION('center_axis',(0.,0.,1.));
#10474=DIRECTION('ref_axis',(0.,1.,0.));
#10475=DIRECTION('center_axis',(0.,0.,1.));
#10476=DIRECTION('ref_axis',(1.,0.,0.));
#10477=DIRECTION('',(0.,0.,-1.));
#10478=DIRECTION('center_axis',(1.,0.,0.));
#10479=DIRECTION('ref_axis',(0.,1.,0.));
#10480=DIRECTION('',(0.,0.,1.));
#10481=DIRECTION('',(0.,0.,1.));
#10482=DIRECTION('center_axis',(0.,0.,1.));
#10483=DIRECTION('ref_axis',(-1.,0.,0.));
#10484=DIRECTION('',(0.,0.,1.));
#10485=DIRECTION('center_axis',(0.,1.,0.));
#10486=DIRECTION('ref_axis',(-1.,0.,0.));
#10487=DIRECTION('',(0.,0.,1.));
#10488=DIRECTION('center_axis',(0.,0.,1.));
#10489=DIRECTION('ref_axis',(0.,-1.,0.));
#10490=DIRECTION('',(0.,0.,1.));
#10491=DIRECTION('center_axis',(-1.,0.,0.));
#10492=DIRECTION('ref_axis',(0.,-1.,0.));
#10493=DIRECTION('',(0.,0.,1.));
#10494=DIRECTION('center_axis',(0.,0.,1.));
#10495=DIRECTION('ref_axis',(1.,0.,0.));
#10496=DIRECTION('',(0.,0.,1.));
#10497=DIRECTION('center_axis',(0.,-1.,0.));
#10498=DIRECTION('ref_axis',(1.,0.,0.));
#10499=DIRECTION('',(0.,0.,1.));
#10500=DIRECTION('center_axis',(0.,0.,1.));
#10501=DIRECTION('ref_axis',(0.,1.,0.));
#10502=DIRECTION('center_axis',(0.,0.,1.));
#10503=DIRECTION('ref_axis',(1.,0.,0.));
#10504=DIRECTION('',(0.,0.,-1.));
#10505=DIRECTION('center_axis',(1.,0.,0.));
#10506=DIRECTION('ref_axis',(0.,1.,0.));
#10507=DIRECTION('',(0.,0.,1.));
#10508=DIRECTION('',(0.,0.,1.));
#10509=DIRECTION('center_axis',(0.,0.,1.));
#10510=DIRECTION('ref_axis',(-1.,0.,0.));
#10511=DIRECTION('',(0.,0.,1.));
#10512=DIRECTION('center_axis',(0.,1.,0.));
#10513=DIRECTION('ref_axis',(-1.,0.,0.));
#10514=DIRECTION('',(0.,0.,1.));
#10515=DIRECTION('center_axis',(0.,0.,1.));
#10516=DIRECTION('ref_axis',(0.,-1.,0.));
#10517=DIRECTION('',(0.,0.,1.));
#10518=DIRECTION('center_axis',(-1.,0.,0.));
#10519=DIRECTION('ref_axis',(0.,-1.,0.));
#10520=DIRECTION('',(0.,0.,1.));
#10521=DIRECTION('center_axis',(0.,0.,1.));
#10522=DIRECTION('ref_axis',(1.,0.,0.));
#10523=DIRECTION('',(0.,0.,1.));
#10524=DIRECTION('center_axis',(0.,-1.,0.));
#10525=DIRECTION('ref_axis',(1.,0.,0.));
#10526=DIRECTION('',(0.,0.,1.));
#10527=DIRECTION('center_axis',(0.,0.,1.));
#10528=DIRECTION('ref_axis',(0.,1.,0.));
#10529=DIRECTION('center_axis',(1.,0.,0.));
#10530=DIRECTION('ref_axis',(0.,1.,0.));
#10531=DIRECTION('',(0.,0.,1.));
#10532=DIRECTION('',(0.,0.,1.));
#10533=DIRECTION('center_axis',(0.,0.,1.));
#10534=DIRECTION('ref_axis',(-1.,0.,0.));
#10535=DIRECTION('',(0.,0.,1.));
#10536=DIRECTION('center_axis',(0.,1.,0.));
#10537=DIRECTION('ref_axis',(-1.,0.,0.));
#10538=DIRECTION('',(0.,0.,1.));
#10539=DIRECTION('center_axis',(0.,0.,1.));
#10540=DIRECTION('ref_axis',(0.,-1.,0.));
#10541=DIRECTION('',(0.,0.,1.));
#10542=DIRECTION('center_axis',(-1.,0.,0.));
#10543=DIRECTION('ref_axis',(0.,-1.,0.));
#10544=DIRECTION('',(0.,0.,1.));
#10545=DIRECTION('center_axis',(0.,0.,1.));
#10546=DIRECTION('ref_axis',(1.,0.,0.));
#10547=DIRECTION('',(0.,0.,1.));
#10548=DIRECTION('center_axis',(0.,-1.,0.));
#10549=DIRECTION('ref_axis',(1.,0.,0.));
#10550=DIRECTION('',(0.,0.,1.));
#10551=DIRECTION('center_axis',(0.,0.,1.));
#10552=DIRECTION('ref_axis',(0.,1.,0.));
#10553=DIRECTION('center_axis',(0.,0.,1.));
#10554=DIRECTION('ref_axis',(1.,0.,0.));
#10555=DIRECTION('',(0.,0.,-1.));
#10556=DIRECTION('center_axis',(0.,0.,1.));
#10557=DIRECTION('ref_axis',(1.,0.,0.));
#10558=DIRECTION('',(0.,0.,-1.));
#10559=DIRECTION('center_axis',(0.,1.,0.));
#10560=DIRECTION('ref_axis',(-1.,0.,0.));
#10561=DIRECTION('',(0.,0.,1.));
#10562=DIRECTION('center_axis',(0.,-1.,0.));
#10563=DIRECTION('ref_axis',(1.,0.,0.));
#10564=DIRECTION('center_axis',(0.,1.,0.));
#10565=DIRECTION('ref_axis',(-1.,0.,0.));
#10566=DIRECTION('',(0.,0.,1.));
#10567=DIRECTION('center_axis',(1.,0.,0.));
#10568=DIRECTION('ref_axis',(0.,1.,0.));
#10569=DIRECTION('',(0.,0.,1.));
#10570=DIRECTION('center_axis',(-9.60192886162298E-16,1.,0.));
#10571=DIRECTION('ref_axis',(-1.,-9.60192886162298E-16,0.));
#10572=DIRECTION('',(0.,0.,1.));
#10573=DIRECTION('center_axis',(-1.,2.86509167645202E-16,0.));
#10574=DIRECTION('ref_axis',(-2.86509167645202E-16,-1.,0.));
#10575=DIRECTION('center_axis',(0.,0.,1.));
#10576=DIRECTION('ref_axis',(1.,0.,0.));
#10577=DIRECTION('axis',(0.,0.,1.));
#10578=DIRECTION('refdir',(1.,0.,0.));
#10579=DIRECTION('axis',(0.,0.,1.));
#10580=DIRECTION('refdir',(1.,0.,0.));
#10581=DIRECTION('center_axis',(0.,-1.,0.));
#10582=DIRECTION('ref_axis',(-1.,0.,0.));
#10583=DIRECTION('',(0.,0.,1.));
#10584=DIRECTION('',(-1.,0.,0.));
#10585=DIRECTION('',(0.,0.,1.));
#10586=DIRECTION('',(-1.,0.,0.));
#10587=DIRECTION('center_axis',(1.,0.,0.));
#10588=DIRECTION('ref_axis',(0.,-1.,0.));
#10589=DIRECTION('',(0.,0.,1.));
#10590=DIRECTION('',(0.,-1.,0.));
#10591=DIRECTION('',(0.,-1.,0.));
#10592=DIRECTION('center_axis',(-1.,0.,0.));
#10593=DIRECTION('ref_axis',(0.,1.,0.));
#10594=DIRECTION('',(0.,1.,0.));
#10595=DIRECTION('',(0.,0.,1.));
#10596=DIRECTION('',(0.,1.,0.));
#10597=DIRECTION('center_axis',(0.,0.,1.));
#10598=DIRECTION('ref_axis',(1.,0.,0.));
#10599=DIRECTION('',(1.,0.,0.));
#10600=DIRECTION('center_axis',(0.,0.,-1.));
#10601=DIRECTION('ref_axis',(0.,-1.,0.));
#10602=DIRECTION('center_axis',(0.,0.,-1.));
#10603=DIRECTION('ref_axis',(0.,-1.,0.));
#10604=DIRECTION('center_axis',(0.,0.,-1.));
#10605=DIRECTION('ref_axis',(-7.105427357601E-15,-1.,0.));
#10606=DIRECTION('center_axis',(0.,0.,-1.));
#10607=DIRECTION('ref_axis',(0.,-1.,0.));
#10608=DIRECTION('center_axis',(0.,0.,-1.));
#10609=DIRECTION('ref_axis',(0.,-1.,0.));
#10610=DIRECTION('center_axis',(0.,0.,-1.));
#10611=DIRECTION('ref_axis',(0.,-1.,0.));
#10612=DIRECTION('center_axis',(0.,0.,-1.));
#10613=DIRECTION('ref_axis',(0.,-1.,0.));
#10614=DIRECTION('center_axis',(0.,0.,-1.));
#10615=DIRECTION('ref_axis',(-7.105427357601E-15,-1.,0.));
#10616=DIRECTION('center_axis',(0.,0.,-1.));
#10617=DIRECTION('ref_axis',(0.,-1.,0.));
#10618=DIRECTION('center_axis',(0.,0.,-1.));
#10619=DIRECTION('ref_axis',(3.343730521224E-14,-1.,0.));
#10620=DIRECTION('center_axis',(0.,0.,-1.));
#10621=DIRECTION('ref_axis',(0.,-1.,0.));
#10622=DIRECTION('center_axis',(0.,0.,-1.));
#10623=DIRECTION('ref_axis',(0.,-1.,0.));
#10624=DIRECTION('center_axis',(0.,0.,-1.));
#10625=DIRECTION('ref_axis',(0.,-1.,0.));
#10626=DIRECTION('center_axis',(0.,0.,-1.));
#10627=DIRECTION('ref_axis',(0.,-1.,0.));
#10628=DIRECTION('center_axis',(0.,0.,-1.));
#10629=DIRECTION('ref_axis',(3.343730521224E-14,-1.,0.));
#10630=DIRECTION('center_axis',(0.,0.,-1.));
#10631=DIRECTION('ref_axis',(0.,-1.,0.));
#10632=DIRECTION('center_axis',(0.,0.,-1.));
#10633=DIRECTION('ref_axis',(0.,-1.,0.));
#10634=DIRECTION('center_axis',(0.,0.,-1.));
#10635=DIRECTION('ref_axis',(0.,-1.,0.));
#10636=DIRECTION('center_axis',(0.,0.,-1.));
#10637=DIRECTION('ref_axis',(0.,-1.,0.));
#10638=DIRECTION('center_axis',(0.,0.,-1.));
#10639=DIRECTION('ref_axis',(0.,-1.,0.));
#10640=DIRECTION('center_axis',(0.,0.,-1.));
#10641=DIRECTION('ref_axis',(0.,-1.,0.));
#10642=DIRECTION('center_axis',(0.,0.,-1.));
#10643=DIRECTION('ref_axis',(0.,-1.,0.));
#10644=DIRECTION('center_axis',(0.,0.,-1.));
#10645=DIRECTION('ref_axis',(0.,-1.,0.));
#10646=DIRECTION('center_axis',(0.,0.,-1.));
#10647=DIRECTION('ref_axis',(0.,-1.,0.));
#10648=DIRECTION('center_axis',(0.,0.,-1.));
#10649=DIRECTION('ref_axis',(0.,-1.,0.));
#10650=DIRECTION('center_axis',(0.,0.,-1.));
#10651=DIRECTION('ref_axis',(0.,-1.,0.));
#10652=DIRECTION('center_axis',(0.,0.,-1.));
#10653=DIRECTION('ref_axis',(0.,-1.,0.));
#10654=DIRECTION('center_axis',(0.,0.,-1.));
#10655=DIRECTION('ref_axis',(0.,-1.,0.));
#10656=DIRECTION('center_axis',(0.,0.,-1.));
#10657=DIRECTION('ref_axis',(0.,-1.,0.));
#10658=DIRECTION('center_axis',(0.,0.,-1.));
#10659=DIRECTION('ref_axis',(0.,-1.,0.));
#10660=DIRECTION('center_axis',(0.,0.,-1.));
#10661=DIRECTION('ref_axis',(0.,-1.,0.));
#10662=DIRECTION('center_axis',(0.,0.,-1.));
#10663=DIRECTION('ref_axis',(0.,-1.,0.));
#10664=DIRECTION('center_axis',(0.,0.,-1.));
#10665=DIRECTION('ref_axis',(0.,-1.,0.));
#10666=DIRECTION('center_axis',(0.,0.,-1.));
#10667=DIRECTION('ref_axis',(0.,-1.,0.));
#10668=DIRECTION('center_axis',(0.,0.,1.));
#10669=DIRECTION('ref_axis',(1.,0.,0.));
#10670=DIRECTION('',(1.,0.,0.));
#10671=DIRECTION('center_axis',(0.,0.,-1.));
#10672=DIRECTION('ref_axis',(0.,-1.,0.));
#10673=DIRECTION('center_axis',(0.,0.,-1.));
#10674=DIRECTION('ref_axis',(0.,-1.,0.));
#10675=DIRECTION('center_axis',(0.,0.,-1.));
#10676=DIRECTION('ref_axis',(-7.105427357601E-15,-1.,0.));
#10677=DIRECTION('center_axis',(0.,0.,-1.));
#10678=DIRECTION('ref_axis',(0.,-1.,0.));
#10679=DIRECTION('center_axis',(0.,0.,-1.));
#10680=DIRECTION('ref_axis',(0.,-1.,0.));
#10681=DIRECTION('center_axis',(0.,0.,-1.));
#10682=DIRECTION('ref_axis',(0.,-1.,0.));
#10683=DIRECTION('center_axis',(0.,0.,-1.));
#10684=DIRECTION('ref_axis',(0.,-1.,0.));
#10685=DIRECTION('center_axis',(0.,0.,-1.));
#10686=DIRECTION('ref_axis',(-7.105427357601E-15,-1.,0.));
#10687=DIRECTION('center_axis',(0.,0.,-1.));
#10688=DIRECTION('ref_axis',(0.,-1.,0.));
#10689=DIRECTION('center_axis',(0.,0.,-1.));
#10690=DIRECTION('ref_axis',(3.343730521224E-14,-1.,0.));
#10691=DIRECTION('center_axis',(0.,0.,-1.));
#10692=DIRECTION('ref_axis',(0.,-1.,0.));
#10693=DIRECTION('center_axis',(0.,0.,-1.));
#10694=DIRECTION('ref_axis',(0.,-1.,0.));
#10695=DIRECTION('center_axis',(0.,0.,-1.));
#10696=DIRECTION('ref_axis',(0.,-1.,0.));
#10697=DIRECTION('center_axis',(0.,0.,-1.));
#10698=DIRECTION('ref_axis',(0.,-1.,0.));
#10699=DIRECTION('center_axis',(0.,0.,-1.));
#10700=DIRECTION('ref_axis',(3.343730521224E-14,-1.,0.));
#10701=DIRECTION('center_axis',(0.,0.,-1.));
#10702=DIRECTION('ref_axis',(0.,-1.,0.));
#10703=DIRECTION('center_axis',(0.,0.,-1.));
#10704=DIRECTION('ref_axis',(0.,-1.,0.));
#10705=DIRECTION('center_axis',(0.,0.,-1.));
#10706=DIRECTION('ref_axis',(0.,-1.,0.));
#10707=DIRECTION('center_axis',(0.,0.,-1.));
#10708=DIRECTION('ref_axis',(0.,-1.,0.));
#10709=DIRECTION('center_axis',(0.,0.,-1.));
#10710=DIRECTION('ref_axis',(0.,-1.,0.));
#10711=DIRECTION('center_axis',(0.,0.,-1.));
#10712=DIRECTION('ref_axis',(0.,-1.,0.));
#10713=DIRECTION('center_axis',(0.,0.,-1.));
#10714=DIRECTION('ref_axis',(0.,-1.,0.));
#10715=DIRECTION('center_axis',(0.,0.,-1.));
#10716=DIRECTION('ref_axis',(0.,-1.,0.));
#10717=DIRECTION('center_axis',(0.,0.,-1.));
#10718=DIRECTION('ref_axis',(0.,-1.,0.));
#10719=DIRECTION('center_axis',(0.,0.,-1.));
#10720=DIRECTION('ref_axis',(0.,-1.,0.));
#10721=DIRECTION('center_axis',(0.,0.,-1.));
#10722=DIRECTION('ref_axis',(0.,-1.,0.));
#10723=DIRECTION('center_axis',(0.,0.,-1.));
#10724=DIRECTION('ref_axis',(0.,-1.,0.));
#10725=DIRECTION('center_axis',(0.,0.,-1.));
#10726=DIRECTION('ref_axis',(0.,-1.,0.));
#10727=DIRECTION('center_axis',(0.,0.,-1.));
#10728=DIRECTION('ref_axis',(0.,-1.,0.));
#10729=DIRECTION('center_axis',(0.,0.,-1.));
#10730=DIRECTION('ref_axis',(0.,-1.,0.));
#10731=DIRECTION('center_axis',(0.,0.,-1.));
#10732=DIRECTION('ref_axis',(0.,-1.,0.));
#10733=DIRECTION('center_axis',(0.,0.,-1.));
#10734=DIRECTION('ref_axis',(0.,-1.,0.));
#10735=DIRECTION('center_axis',(0.,0.,-1.));
#10736=DIRECTION('ref_axis',(0.,-1.,0.));
#10737=DIRECTION('center_axis',(0.,0.,-1.));
#10738=DIRECTION('ref_axis',(0.,-1.,0.));
#10739=DIRECTION('center_axis',(0.,1.,0.));
#10740=DIRECTION('ref_axis',(1.,0.,0.));
#10741=DIRECTION('center_axis',(0.,0.,-1.));
#10742=DIRECTION('ref_axis',(0.,-1.,0.));
#10743=DIRECTION('',(0.,0.,-1.));
#10744=DIRECTION('center_axis',(0.,0.,-1.));
#10745=DIRECTION('ref_axis',(0.,-1.,0.));
#10746=DIRECTION('',(0.,0.,-1.));
#10747=DIRECTION('center_axis',(0.,0.,-1.));
#10748=DIRECTION('ref_axis',(-7.105427357601E-15,-1.,0.));
#10749=DIRECTION('',(0.,0.,-1.));
#10750=DIRECTION('center_axis',(0.,0.,-1.));
#10751=DIRECTION('ref_axis',(0.,-1.,0.));
#10752=DIRECTION('',(0.,0.,-1.));
#10753=DIRECTION('center_axis',(0.,0.,-1.));
#10754=DIRECTION('ref_axis',(0.,-1.,0.));
#10755=DIRECTION('',(0.,0.,-1.));
#10756=DIRECTION('center_axis',(0.,0.,-1.));
#10757=DIRECTION('ref_axis',(0.,-1.,0.));
#10758=DIRECTION('',(0.,0.,-1.));
#10759=DIRECTION('center_axis',(0.,0.,-1.));
#10760=DIRECTION('ref_axis',(0.,-1.,0.));
#10761=DIRECTION('',(0.,0.,-1.));
#10762=DIRECTION('center_axis',(0.,0.,-1.));
#10763=DIRECTION('ref_axis',(-7.105427357601E-15,-1.,0.));
#10764=DIRECTION('',(0.,0.,-1.));
#10765=DIRECTION('center_axis',(0.,0.,-1.));
#10766=DIRECTION('ref_axis',(0.,-1.,0.));
#10767=DIRECTION('',(0.,0.,-1.));
#10768=DIRECTION('center_axis',(0.,0.,-1.));
#10769=DIRECTION('ref_axis',(3.343730521224E-14,-1.,0.));
#10770=DIRECTION('',(0.,0.,-1.));
#10771=DIRECTION('center_axis',(0.,0.,-1.));
#10772=DIRECTION('ref_axis',(0.,-1.,0.));
#10773=DIRECTION('',(0.,0.,-1.));
#10774=DIRECTION('center_axis',(0.,0.,-1.));
#10775=DIRECTION('ref_axis',(0.,-1.,0.));
#10776=DIRECTION('',(0.,0.,-1.));
#10777=DIRECTION('center_axis',(0.,0.,-1.));
#10778=DIRECTION('ref_axis',(0.,-1.,0.));
#10779=DIRECTION('',(0.,0.,-1.));
#10780=DIRECTION('center_axis',(0.,0.,-1.));
#10781=DIRECTION('ref_axis',(0.,-1.,0.));
#10782=DIRECTION('',(0.,0.,-1.));
#10783=DIRECTION('center_axis',(0.,0.,-1.));
#10784=DIRECTION('ref_axis',(3.343730521224E-14,-1.,0.));
#10785=DIRECTION('',(0.,0.,-1.));
#10786=DIRECTION('center_axis',(0.,0.,-1.));
#10787=DIRECTION('ref_axis',(0.,-1.,0.));
#10788=DIRECTION('',(0.,0.,-1.));
#10789=DIRECTION('center_axis',(0.,0.,-1.));
#10790=DIRECTION('ref_axis',(0.,-1.,0.));
#10791=DIRECTION('',(0.,0.,-1.));
#10792=DIRECTION('center_axis',(0.,0.,-1.));
#10793=DIRECTION('ref_axis',(0.,-1.,0.));
#10794=DIRECTION('',(0.,0.,-1.));
#10795=DIRECTION('center_axis',(0.,0.,-1.));
#10796=DIRECTION('ref_axis',(0.,-1.,0.));
#10797=DIRECTION('',(0.,0.,-1.));
#10798=DIRECTION('center_axis',(0.,0.,-1.));
#10799=DIRECTION('ref_axis',(0.,-1.,0.));
#10800=DIRECTION('',(0.,0.,-1.));
#10801=DIRECTION('center_axis',(0.,0.,-1.));
#10802=DIRECTION('ref_axis',(0.,-1.,0.));
#10803=DIRECTION('',(0.,0.,-1.));
#10804=DIRECTION('center_axis',(0.,0.,-1.));
#10805=DIRECTION('ref_axis',(0.,-1.,0.));
#10806=DIRECTION('',(0.,0.,-1.));
#10807=DIRECTION('center_axis',(0.,0.,-1.));
#10808=DIRECTION('ref_axis',(0.,-1.,0.));
#10809=DIRECTION('',(0.,0.,-1.));
#10810=DIRECTION('center_axis',(0.,0.,-1.));
#10811=DIRECTION('ref_axis',(0.,-1.,0.));
#10812=DIRECTION('',(0.,0.,-1.));
#10813=DIRECTION('center_axis',(0.,0.,-1.));
#10814=DIRECTION('ref_axis',(0.,-1.,0.));
#10815=DIRECTION('',(0.,0.,-1.));
#10816=DIRECTION('center_axis',(0.,0.,-1.));
#10817=DIRECTION('ref_axis',(0.,-1.,0.));
#10818=DIRECTION('',(0.,0.,-1.));
#10819=DIRECTION('center_axis',(0.,0.,-1.));
#10820=DIRECTION('ref_axis',(0.,-1.,0.));
#10821=DIRECTION('',(0.,0.,-1.));
#10822=DIRECTION('center_axis',(0.,0.,-1.));
#10823=DIRECTION('ref_axis',(0.,-1.,0.));
#10824=DIRECTION('',(0.,0.,-1.));
#10825=DIRECTION('center_axis',(0.,0.,-1.));
#10826=DIRECTION('ref_axis',(0.,-1.,0.));
#10827=DIRECTION('',(0.,0.,-1.));
#10828=DIRECTION('center_axis',(0.,0.,-1.));
#10829=DIRECTION('ref_axis',(0.,-1.,0.));
#10830=DIRECTION('',(0.,0.,-1.));
#10831=DIRECTION('center_axis',(0.,0.,-1.));
#10832=DIRECTION('ref_axis',(0.,-1.,0.));
#10833=DIRECTION('',(0.,0.,-1.));
#10834=DIRECTION('center_axis',(0.,0.,-1.));
#10835=DIRECTION('ref_axis',(0.,-1.,0.));
#10836=DIRECTION('',(0.,0.,-1.));
#10837=DIRECTION('center_axis',(0.,0.,-1.));
#10838=DIRECTION('ref_axis',(0.,-1.,0.));
#10839=DIRECTION('',(0.,0.,-1.));
#10840=DIRECTION('center_axis',(0.,0.,-1.));
#10841=DIRECTION('ref_axis',(0.,-1.,0.));
#10842=DIRECTION('',(0.,0.,-1.));
#10843=DIRECTION('',(0.,0.,1.));
#10844=DIRECTION('',(1.,0.,0.));
#10845=DIRECTION('',(0.,0.,1.));
#10846=DIRECTION('',(1.,0.,0.));
#10847=DIRECTION('',(0.,0.,1.));
#10848=DIRECTION('',(1.,0.,0.));
#10849=DIRECTION('',(0.,0.,1.));
#10850=DIRECTION('',(1.,0.,0.));
#10851=CARTESIAN_POINT('',(0.,0.,0.));
#10852=CARTESIAN_POINT('',(0.,0.,0.));
#10853=CARTESIAN_POINT('Origin',(26.,35.5,0.));
#10854=CARTESIAN_POINT('',(26.,40.5,13.));
#10855=CARTESIAN_POINT('',(31.,35.5,13.));
#10856=CARTESIAN_POINT('Origin',(26.,35.5,13.));
#10857=CARTESIAN_POINT('',(31.,35.5,0.));
#10858=CARTESIAN_POINT('',(31.,35.5,0.));
#10859=CARTESIAN_POINT('',(26.,40.5,0.));
#10860=CARTESIAN_POINT('Origin',(26.,35.5,0.));
#10861=CARTESIAN_POINT('',(26.,40.5,0.));
#10862=CARTESIAN_POINT('Origin',(25.9999996125698,-35.5,13.));
#10863=CARTESIAN_POINT('',(9.25,40.5,13.));
#10864=CARTESIAN_POINT('',(31.,40.5,13.));
#10865=CARTESIAN_POINT('',(9.25,30.5,13.));
#10866=CARTESIAN_POINT('',(9.25,2.5,13.));
#10867=CARTESIAN_POINT('',(21.,30.5,13.));
#10868=CARTESIAN_POINT('',(21.,30.5,13.));
#10869=CARTESIAN_POINT('',(21.,-30.5,13.));
#10870=CARTESIAN_POINT('',(21.,-30.5,13.));
#10871=CARTESIAN_POINT('',(-21.,-30.5,13.));
#10872=CARTESIAN_POINT('',(-21.,-30.5,13.));
#10873=CARTESIAN_POINT('',(-21.,30.5,13.));
#10874=CARTESIAN_POINT('',(-21.,30.5,13.));
#10875=CARTESIAN_POINT('',(-9.25,30.5,13.));
#10876=CARTESIAN_POINT('',(21.,30.5,13.));
#10877=CARTESIAN_POINT('',(-9.25,40.5,13.));
#10878=CARTESIAN_POINT('',(-9.25,-2.49999999999999,13.));
#10879=CARTESIAN_POINT('',(-26.,40.5,13.));
#10880=CARTESIAN_POINT('',(31.,40.5,13.));
#10881=CARTESIAN_POINT('',(-31.,35.5,13.));
#10882=CARTESIAN_POINT('Origin',(-26.,35.5,13.));
#10883=CARTESIAN_POINT('',(-31.,-35.5,13.));
#10884=CARTESIAN_POINT('',(-31.,40.5,13.));
#10885=CARTESIAN_POINT('',(-26.,-40.5,13.));
#10886=CARTESIAN_POINT('Origin',(-26.,-35.5,13.));
#10887=CARTESIAN_POINT('',(26.,-40.5,13.));
#10888=CARTESIAN_POINT('',(-31.,-40.5,13.));
#10889=CARTESIAN_POINT('',(31.,-35.5,13.));
#10890=CARTESIAN_POINT('Origin',(26.,-35.5,13.));
#10891=CARTESIAN_POINT('',(31.,-40.5,13.));
#10892=CARTESIAN_POINT('',(24.2999996125698,-35.5,13.));
#10893=CARTESIAN_POINT('Origin',(25.9999996125698,-35.5,13.));
#10894=CARTESIAN_POINT('',(-27.7000003874302,35.5,13.));
#10895=CARTESIAN_POINT('Origin',(-26.0000003874302,35.5,13.));
#10896=CARTESIAN_POINT('',(-27.7000003874302,-35.5,13.));
#10897=CARTESIAN_POINT('Origin',(-26.0000003874302,-35.5,13.));
#10898=CARTESIAN_POINT('',(24.2999996125698,35.5,13.));
#10899=CARTESIAN_POINT('Origin',(25.9999996125698,35.5,13.));
#10900=CARTESIAN_POINT('Origin',(31.,40.5,0.));
#10901=CARTESIAN_POINT('',(-26.,40.5,0.));
#10902=CARTESIAN_POINT('',(31.,40.5,0.));
#10903=CARTESIAN_POINT('',(-26.,40.5,0.));
#10904=CARTESIAN_POINT('',(-9.25,40.5,5.5));
#10905=CARTESIAN_POINT('',(-9.25,40.5,6.5));
#10906=CARTESIAN_POINT('',(9.25,40.5,5.5));
#10907=CARTESIAN_POINT('',(15.5,40.5,5.5));
#10908=CARTESIAN_POINT('',(9.25,40.5,6.5));
#10909=CARTESIAN_POINT('Origin',(-26.,35.5,0.));
#10910=CARTESIAN_POINT('',(-31.,35.5,0.));
#10911=CARTESIAN_POINT('Origin',(-26.,35.5,0.));
#10912=CARTESIAN_POINT('',(-31.,35.5,0.));
#10913=CARTESIAN_POINT('Origin',(-26.,-35.5,0.));
#10914=CARTESIAN_POINT('',(-31.,-35.5,0.));
#10915=CARTESIAN_POINT('',(-31.,-35.5,0.));
#10916=CARTESIAN_POINT('',(-26.,-40.5,0.));
#10917=CARTESIAN_POINT('Origin',(-26.,-35.5,0.));
#10918=CARTESIAN_POINT('',(-26.,-40.5,0.));
#10919=CARTESIAN_POINT('Origin',(-31.,-40.5,0.));
#10920=CARTESIAN_POINT('',(26.,-40.5,0.));
#10921=CARTESIAN_POINT('',(-31.,-40.5,0.));
#10922=CARTESIAN_POINT('',(26.,-40.5,0.));
#10923=CARTESIAN_POINT('Origin',(26.,-35.5,0.));
#10924=CARTESIAN_POINT('',(31.,-35.5,0.));
#10925=CARTESIAN_POINT('Origin',(26.,-35.5,0.));
#10926=CARTESIAN_POINT('',(31.,-35.5,0.));
#10927=CARTESIAN_POINT('Origin',(9.25,40.5,13.));
#10928=CARTESIAN_POINT('',(9.25,30.5,5.5));
#10929=CARTESIAN_POINT('',(9.25,40.5,5.5));
#10930=CARTESIAN_POINT('',(9.25,30.5,6.5));
#10931=CARTESIAN_POINT('Origin',(-9.25,30.5,13.));
#10932=CARTESIAN_POINT('',(-9.25,30.5,5.5));
#10933=CARTESIAN_POINT('',(-9.25,30.5,6.5));
#10934=CARTESIAN_POINT('',(-9.25,30.5,5.5));
#10935=CARTESIAN_POINT('Origin',(2.22044604925031E-15,35.5,5.5));
#10936=CARTESIAN_POINT('',(-10.5,30.5,5.5));
#10937=CARTESIAN_POINT('Origin',(-21.,30.5,0.));
#10938=CARTESIAN_POINT('',(-21.,30.5,3.));
#10939=CARTESIAN_POINT('',(-21.,30.5,0.));
#10940=CARTESIAN_POINT('',(21.,30.5,3.));
#10941=CARTESIAN_POINT('',(-10.5,30.5,3.));
#10942=CARTESIAN_POINT('',(21.,30.5,0.));
#10943=CARTESIAN_POINT('Origin',(0.,0.,3.));
#10944=CARTESIAN_POINT('',(21.,-30.5,3.));
#10945=CARTESIAN_POINT('',(21.,15.25,3.));
#10946=CARTESIAN_POINT('',(-21.,-30.5,3.));
#10947=CARTESIAN_POINT('',(-21.,-15.25,3.));
#10948=CARTESIAN_POINT('',(10.5,-30.5,3.));
#10949=CARTESIAN_POINT('Origin',(-21.,-30.5,0.));
#10950=CARTESIAN_POINT('',(-21.,-30.5,0.));
#10951=CARTESIAN_POINT('Origin',(25.9999996125698,-35.5,0.));
#10952=CARTESIAN_POINT('',(22.9999996125698,-35.5,3.1));
#10953=CARTESIAN_POINT('Origin',(25.9999996125698,-35.5,3.1));
#10954=CARTESIAN_POINT('',(22.9999996125698,-35.5,0.));
#10955=CARTESIAN_POINT('',(22.9999996125698,-35.5,0.));
#10956=CARTESIAN_POINT('Origin',(25.9999996125698,-35.5,0.));
#10957=CARTESIAN_POINT('Origin',(25.9999996125698,35.5,0.));
#10958=CARTESIAN_POINT('',(22.9999996125698,35.5,3.1));
#10959=CARTESIAN_POINT('Origin',(25.9999996125698,35.5,3.1));
#10960=CARTESIAN_POINT('',(22.9999996125698,35.5,0.));
#10961=CARTESIAN_POINT('',(22.9999996125698,35.5,0.));
#10962=CARTESIAN_POINT('Origin',(25.9999996125698,35.5,0.));
#10963=CARTESIAN_POINT('Origin',(-26.0000003874302,35.5,0.));
#10964=CARTESIAN_POINT('',(-29.0000003874302,35.5,3.1));
#10965=CARTESIAN_POINT('Origin',(-26.0000003874302,35.5,3.1));
#10966=CARTESIAN_POINT('',(-29.0000003874302,35.5,0.));
#10967=CARTESIAN_POINT('',(-29.0000003874302,35.5,0.));
#10968=CARTESIAN_POINT('Origin',(-26.0000003874302,35.5,0.));
#10969=CARTESIAN_POINT('Origin',(-26.0000003874302,-35.5,0.));
#10970=CARTESIAN_POINT('',(-29.0000003874302,-35.5,3.1));
#10971=CARTESIAN_POINT('Origin',(-26.0000003874302,-35.5,3.1));
#10972=CARTESIAN_POINT('',(-29.0000003874302,-35.5,0.));
#10973=CARTESIAN_POINT('',(-29.0000003874302,-35.5,0.));
#10974=CARTESIAN_POINT('Origin',(-26.0000003874302,-35.5,0.));
#10975=CARTESIAN_POINT('Origin',(21.,-30.5,0.));
#10976=CARTESIAN_POINT('',(21.,-30.5,0.));
#10977=CARTESIAN_POINT('Origin',(21.,30.5,0.));
#10978=CARTESIAN_POINT('Origin',(-31.,40.5,0.));
#10979=CARTESIAN_POINT('',(-31.,40.5,0.));
#10980=CARTESIAN_POINT('Origin',(31.,-40.5,0.));
#10981=CARTESIAN_POINT('',(31.,-40.5,0.));
#10982=CARTESIAN_POINT('Origin',(0.,0.,0.));
#10983=CARTESIAN_POINT('Origin',(-26.0000003874302,-35.5,3.1));
#10984=CARTESIAN_POINT('',(-27.7000003874302,-35.5,3.1));
#10985=CARTESIAN_POINT('',(-27.7000003874302,-35.5,3.1));
#10986=CARTESIAN_POINT('Origin',(-26.0000003874302,-35.5,3.1));
#10987=CARTESIAN_POINT('Origin',(-26.0000003874302,-35.5,3.1));
#10988=CARTESIAN_POINT('Origin',(-26.0000003874302,35.5,3.1));
#10989=CARTESIAN_POINT('',(-27.7000003874302,35.5,3.1));
#10990=CARTESIAN_POINT('',(-27.7000003874302,35.5,3.1));
#10991=CARTESIAN_POINT('Origin',(-26.0000003874302,35.5,3.1));
#10992=CARTESIAN_POINT('Origin',(-26.0000003874302,35.5,3.1));
#10993=CARTESIAN_POINT('Origin',(25.9999996125698,35.5,3.1));
#10994=CARTESIAN_POINT('',(24.2999996125698,35.5,3.1));
#10995=CARTESIAN_POINT('',(24.2999996125698,35.5,3.1));
#10996=CARTESIAN_POINT('Origin',(25.9999996125698,35.5,3.1));
#10997=CARTESIAN_POINT('Origin',(25.9999996125698,35.5,3.1));
#10998=CARTESIAN_POINT('Origin',(25.9999996125698,-35.5,3.1));
#10999=CARTESIAN_POINT('',(24.2999996125698,-35.5,3.1));
#11000=CARTESIAN_POINT('',(24.2999996125698,-35.5,3.1));
#11001=CARTESIAN_POINT('Origin',(25.9999996125698,-35.5,3.1));
#11002=CARTESIAN_POINT('Origin',(25.9999996125698,-35.5,3.1));
#11003=CARTESIAN_POINT('',(0.,0.,0.));
#11004=CARTESIAN_POINT('Origin',(32.2169173322618,20.9427015483379,1.5));
#11005=CARTESIAN_POINT('',(32.2169173322618,20.9427015483379,1.5));
#11006=CARTESIAN_POINT('',(32.2169173322618,20.0000002980232,1.5));
#11007=CARTESIAN_POINT('',(32.2169173322618,5.84085077416896,1.5));
#11008=CARTESIAN_POINT('',(32.2169173322618,20.9427015483379,0.5));
#11009=CARTESIAN_POINT('',(32.2169173322618,20.9427015483379,1.5));
#11010=CARTESIAN_POINT('',(32.2169173322618,20.0000002980232,0.5));
#11011=CARTESIAN_POINT('',(32.2169173322618,20.9427015483379,0.5));
#11012=CARTESIAN_POINT('',(32.2169173322618,20.0000002980232,1.5));
#11013=CARTESIAN_POINT('Origin',(33.2564808987081,20.9427015483379,1.5));
#11014=CARTESIAN_POINT('',(33.2564808987081,20.9427015483379,1.5));
#11015=CARTESIAN_POINT('',(26.1407404493541,20.9427015483379,1.5));
#11016=CARTESIAN_POINT('',(33.2564808987081,20.9427015483379,0.5));
#11017=CARTESIAN_POINT('',(33.2564808987081,20.9427015483379,1.5));
#11018=CARTESIAN_POINT('',(33.2564808987081,20.9427015483379,0.5));
#11019=CARTESIAN_POINT('Origin',(33.2564808987081,20.0000002980232,1.5));
#11020=CARTESIAN_POINT('',(33.2564808987081,20.0000002980232,1.5));
#11021=CARTESIAN_POINT('',(33.2564808987081,5.36950014901161,1.5));
#11022=CARTESIAN_POINT('',(33.2564808987081,20.0000002980232,0.5));
#11023=CARTESIAN_POINT('',(33.2564808987081,20.0000002980232,1.5));
#11024=CARTESIAN_POINT('',(33.2564808987081,20.0000002980232,0.5));
#11025=CARTESIAN_POINT('Origin',(33.5211463831365,20.0000002980232,1.5));
#11026=CARTESIAN_POINT('',(33.5211463831365,20.0000002980232,1.5));
#11027=CARTESIAN_POINT('',(26.2730731915683,20.0000002980232,1.5));
#11028=CARTESIAN_POINT('',(33.5211463831365,20.0000002980232,0.5));
#11029=CARTESIAN_POINT('',(33.5211463831365,20.0000002980232,1.5));
#11030=CARTESIAN_POINT('',(33.5211463831365,20.0000002980232,0.5));
#11031=CARTESIAN_POINT('Origin',(33.5211463831365,22.0000003278255,1.5));
#11032=CARTESIAN_POINT('',(33.5211463831365,22.0000003278255,1.5));
#11033=CARTESIAN_POINT('',(33.5211463831365,6.36950016391277,1.5));
#11034=CARTESIAN_POINT('',(33.5211463831365,22.0000003278255,0.5));
#11035=CARTESIAN_POINT('',(33.5211463831365,22.0000003278255,1.5));
#11036=CARTESIAN_POINT('',(33.5211463831365,22.0000003278255,0.5));
#11037=CARTESIAN_POINT('Origin',(33.2564808987081,22.0000003278255,1.5));
#11038=CARTESIAN_POINT('',(33.2564808987081,22.0000003278255,1.5));
#11039=CARTESIAN_POINT('',(26.1407404493541,22.0000003278255,1.5));
#11040=CARTESIAN_POINT('',(33.2564808987081,22.0000003278255,0.5));
#11041=CARTESIAN_POINT('',(33.2564808987081,22.0000003278255,1.5));
#11042=CARTESIAN_POINT('',(33.2564808987081,22.0000003278255,0.5));
#11043=CARTESIAN_POINT('Origin',(33.2564808987081,21.1787179112434,1.5));
#11044=CARTESIAN_POINT('',(33.2564808987081,21.1787179112434,1.5));
#11045=CARTESIAN_POINT('',(33.2564808987081,5.95885895562172,1.5));
#11046=CARTESIAN_POINT('',(33.2564808987081,21.1787179112434,0.5));
#11047=CARTESIAN_POINT('',(33.2564808987081,21.1787179112434,1.5));
#11048=CARTESIAN_POINT('',(33.2564808987081,21.1787179112434,0.5));
#11049=CARTESIAN_POINT('Origin',(32.2169173322618,21.1787179112434,1.5));
#11050=CARTESIAN_POINT('',(32.2169173322618,21.1787179112434,1.5));
#11051=CARTESIAN_POINT('',(25.6209586661309,21.1787179112434,1.5));
#11052=CARTESIAN_POINT('',(32.2169173322618,21.1787179112434,0.5));
#11053=CARTESIAN_POINT('',(32.2169173322618,21.1787179112434,1.5));
#11054=CARTESIAN_POINT('',(32.2169173322618,21.1787179112434,0.5));
#11055=CARTESIAN_POINT('Origin',(32.2169173322618,22.0000003278255,1.5));
#11056=CARTESIAN_POINT('',(32.2169173322618,22.0000003278255,1.5));
#11057=CARTESIAN_POINT('',(32.2169173322618,6.36950016391277,1.5));
#11058=CARTESIAN_POINT('',(32.2169173322618,22.0000003278255,0.5));
#11059=CARTESIAN_POINT('',(32.2169173322618,22.0000003278255,1.5));
#11060=CARTESIAN_POINT('',(32.2169173322618,22.0000003278255,0.5));
#11061=CARTESIAN_POINT('Origin',(31.9522515498102,22.0000003278255,1.5));
#11062=CARTESIAN_POINT('',(31.9522515498102,22.0000003278255,1.5));
#11063=CARTESIAN_POINT('',(25.4886257749051,22.0000003278255,1.5));
#11064=CARTESIAN_POINT('',(31.9522515498102,22.0000003278255,0.5));
#11065=CARTESIAN_POINT('',(31.9522515498102,22.0000003278255,1.5));
#11066=CARTESIAN_POINT('',(31.9522515498102,22.0000003278255,0.5));
#11067=CARTESIAN_POINT('Origin',(31.9522515498102,20.0000002980232,1.5));
#11068=CARTESIAN_POINT('',(31.9522515498102,20.0000002980232,1.5));
#11069=CARTESIAN_POINT('',(31.9522515498102,5.36950014901161,1.5));
#11070=CARTESIAN_POINT('',(31.9522515498102,20.0000002980232,0.5));
#11071=CARTESIAN_POINT('',(31.9522515498102,20.0000002980232,1.5));
#11072=CARTESIAN_POINT('',(31.9522515498102,20.0000002980232,0.5));
#11073=CARTESIAN_POINT('Origin',(32.2169173322618,20.0000002980232,1.5));
#11074=CARTESIAN_POINT('',(25.6209586661309,20.0000002980232,1.5));
#11075=CARTESIAN_POINT('',(32.2169173322618,20.0000002980232,0.5));
#11076=CARTESIAN_POINT('Origin',(37.3485678713769,17.8785816580057,0.5));
#11077=CARTESIAN_POINT('Origin',(36.0763986967504,21.5716236829758,1.5));
#11078=CARTESIAN_POINT('',(36.0763986967504,21.5716236829758,1.5));
#11079=CARTESIAN_POINT('',(36.0763986967504,20.0000002980232,1.5));
#11080=CARTESIAN_POINT('',(36.0763986967504,6.15531184148788,1.5));
#11081=CARTESIAN_POINT('',(36.0763986967504,21.5716236829758,0.5));
#11082=CARTESIAN_POINT('',(36.0763986967504,21.5716236829758,1.5));
#11083=CARTESIAN_POINT('',(36.0763986967504,20.0000002980232,0.5));
#11084=CARTESIAN_POINT('',(36.0763986967504,21.5716236829758,0.5));
#11085=CARTESIAN_POINT('',(36.0763986967504,20.0000002980232,1.5));
#11086=CARTESIAN_POINT('Origin',(37.1268757246435,20.0000002980232,1.5));
#11087=CARTESIAN_POINT('',(37.1268757246435,20.0000002980232,1.5));
#11088=CARTESIAN_POINT('',(41.0912105634848,14.0689411952826,1.5));
#11089=CARTESIAN_POINT('',(37.1268757246435,20.0000002980232,0.5));
#11090=CARTESIAN_POINT('',(37.1268757246435,20.0000002980232,1.5));
#11091=CARTESIAN_POINT('',(37.1268757246435,20.0000002980232,0.5));
#11092=CARTESIAN_POINT('Origin',(37.3983629606664,20.0000002980232,1.5));
#11093=CARTESIAN_POINT('',(37.3983629606664,20.0000002980232,1.5));
#11094=CARTESIAN_POINT('',(28.2116814803332,20.0000002980232,1.5));
#11095=CARTESIAN_POINT('',(37.3983629606664,20.0000002980232,0.5));
#11096=CARTESIAN_POINT('',(37.3983629606664,20.0000002980232,1.5));
#11097=CARTESIAN_POINT('',(37.3983629606664,20.0000002980232,0.5));
#11098=CARTESIAN_POINT('Origin',(37.3983629606664,22.0000003278255,1.5));
#11099=CARTESIAN_POINT('',(37.3983629606664,22.0000003278255,1.5));
#11100=CARTESIAN_POINT('',(37.3983629606664,6.36950016391277,1.5));
#11101=CARTESIAN_POINT('',(37.3983629606664,22.0000003278255,0.5));
#11102=CARTESIAN_POINT('',(37.3983629606664,22.0000003278255,1.5));
#11103=CARTESIAN_POINT('',(37.3983629606664,22.0000003278255,0.5));
#11104=CARTESIAN_POINT('Origin',(37.1446116827428,22.0000003278255,1.5));
#11105=CARTESIAN_POINT('',(37.1446116827428,22.0000003278255,1.5));
#11106=CARTESIAN_POINT('',(28.0848058413714,22.0000003278255,1.5));
#11107=CARTESIAN_POINT('',(37.1446116827428,22.0000003278255,0.5));
#11108=CARTESIAN_POINT('',(37.1446116827428,22.0000003278255,1.5));
#11109=CARTESIAN_POINT('',(37.1446116827428,22.0000003278255,0.5));
#11110=CARTESIAN_POINT('Origin',(37.1446116827428,20.4297411441803,1.5));
#11111=CARTESIAN_POINT('',(37.1446116827428,20.4297411441803,1.5));
#11112=CARTESIAN_POINT('',(37.1446116827428,5.58437057209014,1.5));
#11113=CARTESIAN_POINT('',(37.1446116827428,20.4297411441803,0.5));
#11114=CARTESIAN_POINT('',(37.1446116827428,20.4297411441803,1.5));
#11115=CARTESIAN_POINT('',(37.1446116827428,20.4297411441803,0.5));
#11116=CARTESIAN_POINT('Origin',(36.0941340588033,22.0000003278255,1.5));
#11117=CARTESIAN_POINT('',(36.0941340588033,22.0000003278255,1.5));
#11118=CARTESIAN_POINT('',(40.6791545305148,15.146288893301,1.5));
#11119=CARTESIAN_POINT('',(36.0941340588033,22.0000003278255,0.5));
#11120=CARTESIAN_POINT('',(36.0941340588033,22.0000003278255,1.5));
#11121=CARTESIAN_POINT('',(36.0941340588033,22.0000003278255,0.5));
#11122=CARTESIAN_POINT('Origin',(35.8226468227804,22.0000003278255,1.5));
#11123=CARTESIAN_POINT('',(35.8226468227804,22.0000003278255,1.5));
#11124=CARTESIAN_POINT('',(27.4238234113902,22.0000003278255,1.5));
#11125=CARTESIAN_POINT('',(35.8226468227804,22.0000003278255,0.5));
#11126=CARTESIAN_POINT('',(35.8226468227804,22.0000003278255,1.5));
#11127=CARTESIAN_POINT('',(35.8226468227804,22.0000003278255,0.5));
#11128=CARTESIAN_POINT('Origin',(35.8226468227804,20.0000002980232,1.5));
#11129=CARTESIAN_POINT('',(35.8226468227804,20.0000002980232,1.5));
#11130=CARTESIAN_POINT('',(35.8226468227804,5.36950014901161,1.5));
#11131=CARTESIAN_POINT('',(35.8226468227804,20.0000002980232,0.5));
#11132=CARTESIAN_POINT('',(35.8226468227804,20.0000002980232,1.5));
#11133=CARTESIAN_POINT('',(35.8226468227804,20.0000002980232,0.5));
#11134=CARTESIAN_POINT('Origin',(36.0763986967504,20.0000002980232,1.5));
#11135=CARTESIAN_POINT('',(27.5506993483752,20.0000002980232,1.5));
#11136=CARTESIAN_POINT('',(36.0763986967504,20.0000002980232,0.5));
#11137=CARTESIAN_POINT('Origin',(37.3485678713769,17.8785816580057,0.5));
#11138=CARTESIAN_POINT('Origin',(30.7339703850448,18.6425650119781,1.5));
#11139=CARTESIAN_POINT('',(30.7339703850448,18.6425650119781,1.5));
#11140=CARTESIAN_POINT('',(30.3342432714999,18.6425650119781,1.5));
#11141=CARTESIAN_POINT('',(24.8794851925224,18.6425650119781,1.5));
#11142=CARTESIAN_POINT('',(30.7339703850448,18.6425650119781,0.5));
#11143=CARTESIAN_POINT('',(30.7339703850448,18.6425650119781,1.5));
#11144=CARTESIAN_POINT('',(30.3342432714999,18.6425650119781,0.5));
#11145=CARTESIAN_POINT('',(30.7339703850448,18.6425650119781,0.5));
#11146=CARTESIAN_POINT('',(30.3342432714999,18.6425650119781,1.5));
#11147=CARTESIAN_POINT('Ctrl Pts',(31.0381996445358,18.6145976185799,1.5));
#11148=CARTESIAN_POINT('Ctrl Pts',(31.0381996445358,18.6145976185799,0.5));
#11149=CARTESIAN_POINT('Ctrl Pts',(30.9981825079616,18.6226758365022,1.5));
#11150=CARTESIAN_POINT('Ctrl Pts',(30.9981825079616,18.6226758365022,0.5));
#11151=CARTESIAN_POINT('Ctrl Pts',(30.8979259780574,18.6429145183781,1.5));
#11152=CARTESIAN_POINT('Ctrl Pts',(30.8979259780574,18.6429145183781,0.5));
#11153=CARTESIAN_POINT('Ctrl Pts',(30.7955083061154,18.6426961932136,1.5));
#11154=CARTESIAN_POINT('Ctrl Pts',(30.7955083061154,18.6426961932136,0.5));
#11155=CARTESIAN_POINT('Ctrl Pts',(30.7339703850448,18.6425650119781,1.5));
#11156=CARTESIAN_POINT('Ctrl Pts',(30.7339703850448,18.6425650119781,0.5));
#11157=CARTESIAN_POINT('',(31.0381996445358,18.6145976185799,1.5));
#11158=CARTESIAN_POINT('Ctrl Pts',(31.0381996445358,18.6145976185799,1.5));
#11159=CARTESIAN_POINT('Ctrl Pts',(30.9981825079616,18.6226758365022,1.5));
#11160=CARTESIAN_POINT('Ctrl Pts',(30.8979259780574,18.6429145183781,1.5));
#11161=CARTESIAN_POINT('Ctrl Pts',(30.7955083061154,18.6426961932136,1.5));
#11162=CARTESIAN_POINT('Ctrl Pts',(30.7339703850448,18.6425650119781,1.5));
#11163=CARTESIAN_POINT('',(31.0381996445358,18.6145976185799,0.5));
#11164=CARTESIAN_POINT('',(31.0381996445358,18.6145976185799,1.5));
#11165=CARTESIAN_POINT('Ctrl Pts',(31.0381996445358,18.6145976185799,0.5));
#11166=CARTESIAN_POINT('Ctrl Pts',(30.9981825079616,18.6226758365022,0.5));
#11167=CARTESIAN_POINT('Ctrl Pts',(30.8979259780574,18.6429145183781,0.5));
#11168=CARTESIAN_POINT('Ctrl Pts',(30.7955083061154,18.6426961932136,0.5));
#11169=CARTESIAN_POINT('Ctrl Pts',(30.7339703850448,18.6425650119781,0.5));
#11170=CARTESIAN_POINT('Ctrl Pts',(31.1746253632009,18.5109141469002,1.5));
#11171=CARTESIAN_POINT('Ctrl Pts',(31.1746253632009,18.5109141469002,0.5));
#11172=CARTESIAN_POINT('Ctrl Pts',(31.1568524610878,18.5342105526442,1.5));
#11173=CARTESIAN_POINT('Ctrl Pts',(31.1568524610878,18.5342105526442,0.5));
#11174=CARTESIAN_POINT('Ctrl Pts',(31.1209321476174,18.5812942642258,1.5));
#11175=CARTESIAN_POINT('Ctrl Pts',(31.1209321476174,18.5812942642258,0.5));
#11176=CARTESIAN_POINT('Ctrl Pts',(31.06596816579,18.6034196066889,1.5));
#11177=CARTESIAN_POINT('Ctrl Pts',(31.06596816579,18.6034196066889,0.5));
#11178=CARTESIAN_POINT('Ctrl Pts',(31.0381996445358,18.6145976185799,1.5));
#11179=CARTESIAN_POINT('Ctrl Pts',(31.0381996445358,18.6145976185799,0.5));
#11180=CARTESIAN_POINT('',(31.1746253632009,18.5109141469002,1.5));
#11181=CARTESIAN_POINT('Ctrl Pts',(31.1746253632009,18.5109141469002,1.5));
#11182=CARTESIAN_POINT('Ctrl Pts',(31.1568524610878,18.5342105526442,1.5));
#11183=CARTESIAN_POINT('Ctrl Pts',(31.1209321476174,18.5812942642258,1.5));
#11184=CARTESIAN_POINT('Ctrl Pts',(31.06596816579,18.6034196066889,1.5));
#11185=CARTESIAN_POINT('Ctrl Pts',(31.0381996445358,18.6145976185799,1.5));
#11186=CARTESIAN_POINT('',(31.1746253632009,18.5109141469002,0.5));
#11187=CARTESIAN_POINT('',(31.1746253632009,18.5109141469002,1.5));
#11188=CARTESIAN_POINT('Ctrl Pts',(31.1746253632009,18.5109141469002,0.5));
#11189=CARTESIAN_POINT('Ctrl Pts',(31.1568524610878,18.5342105526442,0.5));
#11190=CARTESIAN_POINT('Ctrl Pts',(31.1209321476174,18.5812942642258,0.5));
#11191=CARTESIAN_POINT('Ctrl Pts',(31.06596816579,18.6034196066889,0.5));
#11192=CARTESIAN_POINT('Ctrl Pts',(31.0381996445358,18.6145976185799,0.5));
#11193=CARTESIAN_POINT('Ctrl Pts',(31.2223741970956,18.3356073498726,1.5));
#11194=CARTESIAN_POINT('Ctrl Pts',(31.2223741970956,18.3356073498726,0.5));
#11195=CARTESIAN_POINT('Ctrl Pts',(31.220619480805,18.3674302523314,1.5));
#11196=CARTESIAN_POINT('Ctrl Pts',(31.220619480805,18.3674302523314,0.5));
#11197=CARTESIAN_POINT('Ctrl Pts',(31.2172065342711,18.4293262210573,1.5));
#11198=CARTESIAN_POINT('Ctrl Pts',(31.2172065342711,18.4293262210573,0.5));
#11199=CARTESIAN_POINT('Ctrl Pts',(31.1885490319599,18.4842356121014,1.5));
#11200=CARTESIAN_POINT('Ctrl Pts',(31.1885490319599,18.4842356121014,0.5));
#11201=CARTESIAN_POINT('Ctrl Pts',(31.1746253632009,18.5109141469002,1.5));
#11202=CARTESIAN_POINT('Ctrl Pts',(31.1746253632009,18.5109141469002,0.5));
#11203=CARTESIAN_POINT('',(31.2223741970956,18.3356073498726,1.5));
#11204=CARTESIAN_POINT('Ctrl Pts',(31.2223741970956,18.3356073498726,1.5));
#11205=CARTESIAN_POINT('Ctrl Pts',(31.220619480805,18.3674302523314,1.5));
#11206=CARTESIAN_POINT('Ctrl Pts',(31.2172065342711,18.4293262210573,1.5));
#11207=CARTESIAN_POINT('Ctrl Pts',(31.1885490319599,18.4842356121014,1.5));
#11208=CARTESIAN_POINT('Ctrl Pts',(31.1746253632009,18.5109141469002,1.5));
#11209=CARTESIAN_POINT('',(31.2223741970956,18.3356073498726,0.5));
#11210=CARTESIAN_POINT('',(31.2223741970956,18.3356073498726,1.5));
#11211=CARTESIAN_POINT('Ctrl Pts',(31.2223741970956,18.3356073498726,0.5));
#11212=CARTESIAN_POINT('Ctrl Pts',(31.220619480805,18.3674302523314,0.5));
#11213=CARTESIAN_POINT('Ctrl Pts',(31.2172065342711,18.4293262210573,0.5));
#11214=CARTESIAN_POINT('Ctrl Pts',(31.1885490319599,18.4842356121014,0.5));
#11215=CARTESIAN_POINT('Ctrl Pts',(31.1746253632009,18.5109141469002,0.5));
#11216=CARTESIAN_POINT('Ctrl Pts',(31.1712146364152,18.1609824299812,1.5));
#11217=CARTESIAN_POINT('Ctrl Pts',(31.1712146364152,18.1609824299812,0.5));
#11218=CARTESIAN_POINT('Ctrl Pts',(31.1861249238788,18.1864897029297,1.5));
#11219=CARTESIAN_POINT('Ctrl Pts',(31.1861249238788,18.1864897029297,0.5));
#11220=CARTESIAN_POINT('Ctrl Pts',(31.2176018660626,18.2403378234191,1.5));
#11221=CARTESIAN_POINT('Ctrl Pts',(31.2176018660626,18.2403378234191,0.5));
#11222=CARTESIAN_POINT('Ctrl Pts',(31.2207285759197,18.3027559929421,1.5));
#11223=CARTESIAN_POINT('Ctrl Pts',(31.2207285759197,18.3027559929421,0.5));
#11224=CARTESIAN_POINT('Ctrl Pts',(31.2223741970956,18.3356073498726,1.5));
#11225=CARTESIAN_POINT('Ctrl Pts',(31.2223741970956,18.3356073498726,0.5));
#11226=CARTESIAN_POINT('',(31.1712146364152,18.1609824299812,1.5));
#11227=CARTESIAN_POINT('Ctrl Pts',(31.1712146364152,18.1609824299812,1.5));
#11228=CARTESIAN_POINT('Ctrl Pts',(31.1861249238788,18.1864897029297,1.5));
#11229=CARTESIAN_POINT('Ctrl Pts',(31.2176018660626,18.2403378234191,1.5));
#11230=CARTESIAN_POINT('Ctrl Pts',(31.2207285759197,18.3027559929421,1.5));
#11231=CARTESIAN_POINT('Ctrl Pts',(31.2223741970956,18.3356073498726,1.5));
#11232=CARTESIAN_POINT('',(31.1712146364152,18.1609824299812,0.5));
#11233=CARTESIAN_POINT('',(31.1712146364152,18.1609824299812,1.5));
#11234=CARTESIAN_POINT('Ctrl Pts',(31.1712146364152,18.1609824299812,0.5));
#11235=CARTESIAN_POINT('Ctrl Pts',(31.1861249238788,18.1864897029297,0.5));
#11236=CARTESIAN_POINT('Ctrl Pts',(31.2176018660626,18.2403378234191,0.5));
#11237=CARTESIAN_POINT('Ctrl Pts',(31.2207285759197,18.3027559929421,0.5));
#11238=CARTESIAN_POINT('Ctrl Pts',(31.2223741970956,18.3356073498726,0.5));
#11239=CARTESIAN_POINT('Ctrl Pts',(31.0191000066698,18.061391711235,1.5));
#11240=CARTESIAN_POINT('Ctrl Pts',(31.0191000066698,18.061391711235,0.5));
#11241=CARTESIAN_POINT('Ctrl Pts',(31.0501566697308,18.0723642283388,1.5));
#11242=CARTESIAN_POINT('Ctrl Pts',(31.0501566697308,18.0723642283388,0.5));
#11243=CARTESIAN_POINT('Ctrl Pts',(31.1091160806261,18.0931949641845,1.5));
#11244=CARTESIAN_POINT('Ctrl Pts',(31.1091160806261,18.0931949641845,0.5));
#11245=CARTESIAN_POINT('Ctrl Pts',(31.1512667054819,18.1392070494,1.5));
#11246=CARTESIAN_POINT('Ctrl Pts',(31.1512667054819,18.1392070494,0.5));
#11247=CARTESIAN_POINT('Ctrl Pts',(31.1712146364152,18.1609824299812,1.5));
#11248=CARTESIAN_POINT('Ctrl Pts',(31.1712146364152,18.1609824299812,0.5));
#11249=CARTESIAN_POINT('',(31.0191000066698,18.061391711235,1.5));
#11250=CARTESIAN_POINT('Ctrl Pts',(31.0191000066698,18.061391711235,1.5));
#11251=CARTESIAN_POINT('Ctrl Pts',(31.0501566697308,18.0723642283388,1.5));
#11252=CARTESIAN_POINT('Ctrl Pts',(31.1091160806261,18.0931949641845,1.5));
#11253=CARTESIAN_POINT('Ctrl Pts',(31.1512667054819,18.1392070494,1.5));
#11254=CARTESIAN_POINT('Ctrl Pts',(31.1712146364152,18.1609824299812,1.5));
#11255=CARTESIAN_POINT('',(31.0191000066698,18.061391711235,0.5));
#11256=CARTESIAN_POINT('',(31.0191000066698,18.061391711235,1.5));
#11257=CARTESIAN_POINT('Ctrl Pts',(31.0191000066698,18.061391711235,0.5));
#11258=CARTESIAN_POINT('Ctrl Pts',(31.0501566697308,18.0723642283388,0.5));
#11259=CARTESIAN_POINT('Ctrl Pts',(31.1091160806261,18.0931949641845,0.5));
#11260=CARTESIAN_POINT('Ctrl Pts',(31.1512667054819,18.1392070494,0.5));
#11261=CARTESIAN_POINT('Ctrl Pts',(31.1712146364152,18.1609824299812,0.5));
#11262=CARTESIAN_POINT('Ctrl Pts',(30.7667125575244,18.0381992459297,1.5));
#11263=CARTESIAN_POINT('Ctrl Pts',(30.7667125575244,18.0381992459297,0.5));
#11264=CARTESIAN_POINT('Ctrl Pts',(30.8172817555306,18.0381681573186,1.5));
#11265=CARTESIAN_POINT('Ctrl Pts',(30.8172817555306,18.0381681573186,0.5));
#11266=CARTESIAN_POINT('Ctrl Pts',(30.902224908091,18.0381159365056,1.5));
#11267=CARTESIAN_POINT('Ctrl Pts',(30.902224908091,18.0381159365056,0.5));
#11268=CARTESIAN_POINT('Ctrl Pts',(30.9854295680862,18.0546862149142,1.5));
#11269=CARTESIAN_POINT('Ctrl Pts',(30.9854295680862,18.0546862149142,0.5));
#11270=CARTESIAN_POINT('Ctrl Pts',(31.0191000066698,18.061391711235,1.5));
#11271=CARTESIAN_POINT('Ctrl Pts',(31.0191000066698,18.061391711235,0.5));
#11272=CARTESIAN_POINT('',(30.7667125575244,18.0381992459297,1.5));
#11273=CARTESIAN_POINT('Ctrl Pts',(30.7667125575244,18.0381992459297,1.5));
#11274=CARTESIAN_POINT('Ctrl Pts',(30.8172817555306,18.0381681573186,1.5));
#11275=CARTESIAN_POINT('Ctrl Pts',(30.902224908091,18.0381159365056,1.5));
#11276=CARTESIAN_POINT('Ctrl Pts',(30.9854295680862,18.0546862149142,1.5));
#11277=CARTESIAN_POINT('Ctrl Pts',(31.0191000066698,18.061391711235,1.5));
#11278=CARTESIAN_POINT('',(30.7667125575244,18.0381992459297,0.5));
#11279=CARTESIAN_POINT('',(30.7667125575244,18.0381992459297,1.5));
#11280=CARTESIAN_POINT('Ctrl Pts',(30.7667125575244,18.0381992459297,0.5));
#11281=CARTESIAN_POINT('Ctrl Pts',(30.8172817555306,18.0381681573186,0.5));
#11282=CARTESIAN_POINT('Ctrl Pts',(30.902224908091,18.0381159365056,0.5));
#11283=CARTESIAN_POINT('Ctrl Pts',(30.9854295680862,18.0546862149142,0.5));
#11284=CARTESIAN_POINT('Ctrl Pts',(31.0191000066698,18.061391711235,0.5));
#11285=CARTESIAN_POINT('Origin',(30.3342432714999,18.0381992459297,1.5));
#11286=CARTESIAN_POINT('',(30.3342432714999,18.0381992459297,1.5));
#11287=CARTESIAN_POINT('',(24.6796216357499,18.0381992459297,1.5));
#11288=CARTESIAN_POINT('',(30.3342432714999,18.0381992459297,0.5));
#11289=CARTESIAN_POINT('',(30.3342432714999,18.0381992459297,1.5));
#11290=CARTESIAN_POINT('',(30.3342432714999,18.0381992459297,0.5));
#11291=CARTESIAN_POINT('Origin',(30.3342432714999,18.6425650119781,1.5));
#11292=CARTESIAN_POINT('',(30.3342432714999,4.69078250598907,1.5));
#11293=CARTESIAN_POINT('',(30.3342432714999,18.6425650119781,0.5));
#11294=CARTESIAN_POINT('Origin',(30.7967262528837,17.8021830320358,1.5));
#11295=CARTESIAN_POINT('',(30.7967262528837,17.8021830320358,1.5));
#11296=CARTESIAN_POINT('',(30.3342432714999,17.8021830320358,1.5));
#11297=CARTESIAN_POINT('',(24.9108631264418,17.8021830320358,1.5));
#11298=CARTESIAN_POINT('',(30.7967262528837,17.8021830320358,0.5));
#11299=CARTESIAN_POINT('',(30.7967262528837,17.8021830320358,1.5));
#11300=CARTESIAN_POINT('',(30.3342432714999,17.8021830320358,0.5));
#11301=CARTESIAN_POINT('',(30.7967262528837,17.8021830320358,0.5));
#11302=CARTESIAN_POINT('',(30.3342432714999,17.8021830320358,1.5));
#11303=CARTESIAN_POINT('Ctrl Pts',(31.0893592052162,17.7687588334084,1.5));
#11304=CARTESIAN_POINT('Ctrl Pts',(31.0893592052162,17.7687588334084,0.5));
#11305=CARTESIAN_POINT('Ctrl Pts',(31.0482016361951,17.7784573083319,1.5));
#11306=CARTESIAN_POINT('Ctrl Pts',(31.0482016361951,17.7784573083319,0.5));
#11307=CARTESIAN_POINT('Ctrl Pts',(30.9520972089328,17.8011036015901,1.5));
#11308=CARTESIAN_POINT('Ctrl Pts',(30.9520972089328,17.8011036015901,0.5));
#11309=CARTESIAN_POINT('Ctrl Pts',(30.8532444471405,17.8017903752538,1.5));
#11310=CARTESIAN_POINT('Ctrl Pts',(30.8532444471405,17.8017903752538,0.5));
#11311=CARTESIAN_POINT('Ctrl Pts',(30.7967262528837,17.8021830320358,1.5));
#11312=CARTESIAN_POINT('Ctrl Pts',(30.7967262528837,17.8021830320358,0.5));
#11313=CARTESIAN_POINT('',(31.0893592052162,17.7687588334084,1.5));
#11314=CARTESIAN_POINT('Ctrl Pts',(31.0893592052162,17.7687588334084,1.5));
#11315=CARTESIAN_POINT('Ctrl Pts',(31.0482016361951,17.7784573083319,1.5));
#11316=CARTESIAN_POINT('Ctrl Pts',(30.9520972089328,17.8011036015901,1.5));
#11317=CARTESIAN_POINT('Ctrl Pts',(30.8532444471405,17.8017903752538,1.5));
#11318=CARTESIAN_POINT('Ctrl Pts',(30.7967262528837,17.8021830320358,1.5));
#11319=CARTESIAN_POINT('',(31.0893592052162,17.7687588334084,0.5));
#11320=CARTESIAN_POINT('',(31.0893592052162,17.7687588334084,1.5));
#11321=CARTESIAN_POINT('Ctrl Pts',(31.0893592052162,17.7687588334084,0.5));
#11322=CARTESIAN_POINT('Ctrl Pts',(31.0482016361951,17.7784573083319,0.5));
#11323=CARTESIAN_POINT('Ctrl Pts',(30.9520972089328,17.8011036015901,0.5));
#11324=CARTESIAN_POINT('Ctrl Pts',(30.8532444471405,17.8017903752538,0.5));
#11325=CARTESIAN_POINT('Ctrl Pts',(30.7967262528837,17.8021830320358,0.5));
#11326=CARTESIAN_POINT('Ctrl Pts',(31.2482952140272,17.6527968049049,1.5));
#11327=CARTESIAN_POINT('Ctrl Pts',(31.2482952140272,17.6527968049049,0.5));
#11328=CARTESIAN_POINT('Ctrl Pts',(31.2270690327088,17.6783532398813,1.5));
#11329=CARTESIAN_POINT('Ctrl Pts',(31.2270690327088,17.6783532398813,0.5));
#11330=CARTESIAN_POINT('Ctrl Pts',(31.1838831304332,17.7303492954528,1.5));
#11331=CARTESIAN_POINT('Ctrl Pts',(31.1838831304332,17.7303492954528,0.5));
#11332=CARTESIAN_POINT('Ctrl Pts',(31.1212219600497,17.7558114903062,1.5));
#11333=CARTESIAN_POINT('Ctrl Pts',(31.1212219600497,17.7558114903062,0.5));
#11334=CARTESIAN_POINT('Ctrl Pts',(31.0893592052162,17.7687588334084,1.5));
#11335=CARTESIAN_POINT('Ctrl Pts',(31.0893592052162,17.7687588334084,0.5));
#11336=CARTESIAN_POINT('',(31.2482952140272,17.6527968049049,1.5));
#11337=CARTESIAN_POINT('Ctrl Pts',(31.2482952140272,17.6527968049049,1.5));
#11338=CARTESIAN_POINT('Ctrl Pts',(31.2270690327088,17.6783532398813,1.5));
#11339=CARTESIAN_POINT('Ctrl Pts',(31.1838831304332,17.7303492954528,1.5));
#11340=CARTESIAN_POINT('Ctrl Pts',(31.1212219600497,17.7558114903062,1.5));
#11341=CARTESIAN_POINT('Ctrl Pts',(31.0893592052162,17.7687588334084,1.5));
#11342=CARTESIAN_POINT('',(31.2482952140272,17.6527968049049,0.5));
#11343=CARTESIAN_POINT('',(31.2482952140272,17.6527968049049,1.5));
#11344=CARTESIAN_POINT('Ctrl Pts',(31.2482952140272,17.6527968049049,0.5));
#11345=CARTESIAN_POINT('Ctrl Pts',(31.2270690327088,17.6783532398813,0.5));
#11346=CARTESIAN_POINT('Ctrl Pts',(31.1838831304332,17.7303492954528,0.5));
#11347=CARTESIAN_POINT('Ctrl Pts',(31.1212219600497,17.7558114903062,0.5));
#11348=CARTESIAN_POINT('Ctrl Pts',(31.0893592052162,17.7687588334084,0.5));
#11349=CARTESIAN_POINT('Ctrl Pts',(31.3055939041078,17.4583902955055,1.5));
#11350=CARTESIAN_POINT('Ctrl Pts',(31.3055939041078,17.4583902955055,0.5));
#11351=CARTESIAN_POINT('Ctrl Pts',(31.3034931730136,17.4940369017775,1.5));
#11352=CARTESIAN_POINT('Ctrl Pts',(31.3034931730136,17.4940369017775,0.5));
#11353=CARTESIAN_POINT('Ctrl Pts',(31.2994091074621,17.5633380498911,1.5));
#11354=CARTESIAN_POINT('Ctrl Pts',(31.2994091074621,17.5633380498911,0.5));
#11355=CARTESIAN_POINT('Ctrl Pts',(31.2650035151035,17.6235541917475,1.5));
#11356=CARTESIAN_POINT('Ctrl Pts',(31.2650035151035,17.6235541917475,0.5));
#11357=CARTESIAN_POINT('Ctrl Pts',(31.2482952140272,17.6527968049049,1.5));
#11358=CARTESIAN_POINT('Ctrl Pts',(31.2482952140272,17.6527968049049,0.5));
#11359=CARTESIAN_POINT('',(31.3055939041078,17.4583902955055,1.5));
#11360=CARTESIAN_POINT('Ctrl Pts',(31.3055939041078,17.4583902955055,1.5));
#11361=CARTESIAN_POINT('Ctrl Pts',(31.3034931730136,17.4940369017775,1.5));
#11362=CARTESIAN_POINT('Ctrl Pts',(31.2994091074621,17.5633380498911,1.5));
#11363=CARTESIAN_POINT('Ctrl Pts',(31.2650035151035,17.6235541917475,1.5));
#11364=CARTESIAN_POINT('Ctrl Pts',(31.2482952140272,17.6527968049049,1.5));
#11365=CARTESIAN_POINT('',(31.3055939041078,17.4583902955055,0.5));
#11366=CARTESIAN_POINT('',(31.3055939041078,17.4583902955055,1.5));
#11367=CARTESIAN_POINT('Ctrl Pts',(31.3055939041078,17.4583902955055,0.5));
#11368=CARTESIAN_POINT('Ctrl Pts',(31.3034931730136,17.4940369017775,0.5));
#11369=CARTESIAN_POINT('Ctrl Pts',(31.2994091074621,17.5633380498911,0.5));
#11370=CARTESIAN_POINT('Ctrl Pts',(31.2650035151035,17.6235541917475,0.5));
#11371=CARTESIAN_POINT('Ctrl Pts',(31.2482952140272,17.6527968049049,0.5));
#11372=CARTESIAN_POINT('Ctrl Pts',(31.2660304270685,17.289904654026,1.5));
#11373=CARTESIAN_POINT('Ctrl Pts',(31.2660304270685,17.289904654026,0.5));
#11374=CARTESIAN_POINT('Ctrl Pts',(31.2775655499645,17.3157155131008,1.5));
#11375=CARTESIAN_POINT('Ctrl Pts',(31.2775655499645,17.3157155131008,0.5));
#11376=CARTESIAN_POINT('Ctrl Pts',(31.3015122898278,17.3692984643607,1.5));
#11377=CARTESIAN_POINT('Ctrl Pts',(31.3015122898278,17.3692984643607,0.5));
#11378=CARTESIAN_POINT('Ctrl Pts',(31.3042005674043,17.4279771036158,1.5));
#11379=CARTESIAN_POINT('Ctrl Pts',(31.3042005674043,17.4279771036158,0.5));
#11380=CARTESIAN_POINT('Ctrl Pts',(31.3055939041078,17.4583902955055,1.5));
#11381=CARTESIAN_POINT('Ctrl Pts',(31.3055939041078,17.4583902955055,0.5));
#11382=CARTESIAN_POINT('',(31.2660304270685,17.289904654026,1.5));
#11383=CARTESIAN_POINT('Ctrl Pts',(31.2660304270685,17.289904654026,1.5));
#11384=CARTESIAN_POINT('Ctrl Pts',(31.2775655499645,17.3157155131008,1.5));
#11385=CARTESIAN_POINT('Ctrl Pts',(31.3015122898278,17.3692984643607,1.5));
#11386=CARTESIAN_POINT('Ctrl Pts',(31.3042005674043,17.4279771036158,1.5));
#11387=CARTESIAN_POINT('Ctrl Pts',(31.3055939041078,17.4583902955055,1.5));
#11388=CARTESIAN_POINT('',(31.2660304270685,17.289904654026,0.5));
#11389=CARTESIAN_POINT('',(31.2660304270685,17.289904654026,1.5));
#11390=CARTESIAN_POINT('Ctrl Pts',(31.2660304270685,17.289904654026,0.5));
#11391=CARTESIAN_POINT('Ctrl Pts',(31.2775655499645,17.3157155131008,0.5));
#11392=CARTESIAN_POINT('Ctrl Pts',(31.3015122898278,17.3692984643607,0.5));
#11393=CARTESIAN_POINT('Ctrl Pts',(31.3042005674043,17.4279771036158,0.5));
#11394=CARTESIAN_POINT('Ctrl Pts',(31.3055939041078,17.4583902955055,0.5));
#11395=CARTESIAN_POINT('Ctrl Pts',(31.165075507015,17.1787175536156,1.5));
#11396=CARTESIAN_POINT('Ctrl Pts',(31.165075507015,17.1787175536156,0.5));
#11397=CARTESIAN_POINT('Ctrl Pts',(31.1848499411747,17.1933141185879,1.5));
#11398=CARTESIAN_POINT('Ctrl Pts',(31.1848499411747,17.1933141185879,0.5));
#11399=CARTESIAN_POINT('Ctrl Pts',(31.2258871531273,17.2236058743827,1.5));
#11400=CARTESIAN_POINT('Ctrl Pts',(31.2258871531273,17.2236058743827,0.5));
#11401=CARTESIAN_POINT('Ctrl Pts',(31.2523296621538,17.2672771026371,1.5));
#11402=CARTESIAN_POINT('Ctrl Pts',(31.2523296621538,17.2672771026371,0.5));
#11403=CARTESIAN_POINT('Ctrl Pts',(31.2660304270685,17.289904654026,1.5));
#11404=CARTESIAN_POINT('Ctrl Pts',(31.2660304270685,17.289904654026,0.5));
#11405=CARTESIAN_POINT('',(31.165075507015,17.1787175536156,1.5));
#11406=CARTESIAN_POINT('Ctrl Pts',(31.165075507015,17.1787175536156,1.5));
#11407=CARTESIAN_POINT('Ctrl Pts',(31.1848499411747,17.1933141185879,1.5));
#11408=CARTESIAN_POINT('Ctrl Pts',(31.2258871531273,17.2236058743827,1.5));
#11409=CARTESIAN_POINT('Ctrl Pts',(31.2523296621538,17.2672771026371,1.5));
#11410=CARTESIAN_POINT('Ctrl Pts',(31.2660304270685,17.289904654026,1.5));
#11411=CARTESIAN_POINT('',(31.165075507015,17.1787175536156,0.5));
#11412=CARTESIAN_POINT('',(31.165075507015,17.1787175536156,1.5));
#11413=CARTESIAN_POINT('Ctrl Pts',(31.165075507015,17.1787175536156,0.5));
#11414=CARTESIAN_POINT('Ctrl Pts',(31.1848499411747,17.1933141185879,0.5));
#11415=CARTESIAN_POINT('Ctrl Pts',(31.2258871531273,17.2236058743827,0.5));
#11416=CARTESIAN_POINT('Ctrl Pts',(31.2523296621538,17.2672771026371,0.5));
#11417=CARTESIAN_POINT('Ctrl Pts',(31.2660304270685,17.289904654026,0.5));
#11418=CARTESIAN_POINT('Ctrl Pts',(31.0122787766159,17.1241477131844,1.5));
#11419=CARTESIAN_POINT('Ctrl Pts',(31.0122787766159,17.1241477131844,0.5));
#11420=CARTESIAN_POINT('Ctrl Pts',(31.0407425012248,17.1300596561892,1.5));
#11421=CARTESIAN_POINT('Ctrl Pts',(31.0407425012248,17.1300596561892,0.5));
#11422=CARTESIAN_POINT('Ctrl Pts',(31.0942504421545,17.1411733070352,1.5));
#11423=CARTESIAN_POINT('Ctrl Pts',(31.0942504421545,17.1411733070352,0.5));
#11424=CARTESIAN_POINT('Ctrl Pts',(31.1424948636898,17.1667475929439,1.5));
#11425=CARTESIAN_POINT('Ctrl Pts',(31.1424948636898,17.1667475929439,0.5));
#11426=CARTESIAN_POINT('Ctrl Pts',(31.165075507015,17.1787175536156,1.5));
#11427=CARTESIAN_POINT('Ctrl Pts',(31.165075507015,17.1787175536156,0.5));
#11428=CARTESIAN_POINT('',(31.0122787766159,17.1241477131844,1.5));
#11429=CARTESIAN_POINT('Ctrl Pts',(31.0122787766159,17.1241477131844,1.5));
#11430=CARTESIAN_POINT('Ctrl Pts',(31.0407425012248,17.1300596561892,1.5));
#11431=CARTESIAN_POINT('Ctrl Pts',(31.0942504421545,17.1411733070352,1.5));
#11432=CARTESIAN_POINT('Ctrl Pts',(31.1424948636898,17.1667475929439,1.5));
#11433=CARTESIAN_POINT('Ctrl Pts',(31.165075507015,17.1787175536156,1.5));
#11434=CARTESIAN_POINT('',(31.0122787766159,17.1241477131844,0.5));
#11435=CARTESIAN_POINT('',(31.0122787766159,17.1241477131844,1.5));
#11436=CARTESIAN_POINT('Ctrl Pts',(31.0122787766159,17.1241477131844,0.5));
#11437=CARTESIAN_POINT('Ctrl Pts',(31.0407425012248,17.1300596561892,0.5));
#11438=CARTESIAN_POINT('Ctrl Pts',(31.0942504421545,17.1411733070352,0.5));
#11439=CARTESIAN_POINT('Ctrl Pts',(31.1424948636898,17.1667475929439,0.5));
#11440=CARTESIAN_POINT('Ctrl Pts',(31.165075507015,17.1787175536156,0.5));
#11441=CARTESIAN_POINT('Ctrl Pts',(30.8321969024837,17.1145978569984,1.5));
#11442=CARTESIAN_POINT('Ctrl Pts',(30.8321969024837,17.1145978569984,0.5));
#11443=CARTESIAN_POINT('Ctrl Pts',(30.8686301001283,17.1145289901728,1.5));
#11444=CARTESIAN_POINT('Ctrl Pts',(30.8686301001283,17.1145289901728,0.5));
#11445=CARTESIAN_POINT('Ctrl Pts',(30.9288595795437,17.1144151430959,1.5));
#11446=CARTESIAN_POINT('Ctrl Pts',(30.9288595795437,17.1144151430959,0.5));
#11447=CARTESIAN_POINT('Ctrl Pts',(30.9886542751464,17.1213914277677,1.5));
#11448=CARTESIAN_POINT('Ctrl Pts',(30.9886542751464,17.1213914277677,0.5));
#11449=CARTESIAN_POINT('Ctrl Pts',(31.0122787766159,17.1241477131844,1.5));
#11450=CARTESIAN_POINT('Ctrl Pts',(31.0122787766159,17.1241477131844,0.5));
#11451=CARTESIAN_POINT('',(30.8321969024837,17.1145978569984,1.5));
#11452=CARTESIAN_POINT('Ctrl Pts',(30.8321969024837,17.1145978569984,1.5));
#11453=CARTESIAN_POINT('Ctrl Pts',(30.8686301001283,17.1145289901728,1.5));
#11454=CARTESIAN_POINT('Ctrl Pts',(30.9288595795437,17.1144151430959,1.5));
#11455=CARTESIAN_POINT('Ctrl Pts',(30.9886542751464,17.1213914277677,1.5));
#11456=CARTESIAN_POINT('Ctrl Pts',(31.0122787766159,17.1241477131844,1.5));
#11457=CARTESIAN_POINT('',(30.8321969024837,17.1145978569984,0.5));
#11458=CARTESIAN_POINT('',(30.8321969024837,17.1145978569984,1.5));
#11459=CARTESIAN_POINT('Ctrl Pts',(30.8321969024837,17.1145978569984,0.5));
#11460=CARTESIAN_POINT('Ctrl Pts',(30.8686301001283,17.1145289901728,0.5));
#11461=CARTESIAN_POINT('Ctrl Pts',(30.9288595795437,17.1144151430959,0.5));
#11462=CARTESIAN_POINT('Ctrl Pts',(30.9886542751464,17.1213914277677,0.5));
#11463=CARTESIAN_POINT('Ctrl Pts',(31.0122787766159,17.1241477131844,0.5));
#11464=CARTESIAN_POINT('Origin',(30.3342432714999,17.1145978569984,1.5));
#11465=CARTESIAN_POINT('',(30.3342432714999,17.1145978569984,1.5));
#11466=CARTESIAN_POINT('',(24.6796216357499,17.1145978569984,1.5));
#11467=CARTESIAN_POINT('',(30.3342432714999,17.1145978569984,0.5));
#11468=CARTESIAN_POINT('',(30.3342432714999,17.1145978569984,1.5));
#11469=CARTESIAN_POINT('',(30.3342432714999,17.1145978569984,0.5));
#11470=CARTESIAN_POINT('Origin',(30.3342432714999,17.8021830320358,1.5));
#11471=CARTESIAN_POINT('',(30.3342432714999,4.27059151601791,1.5));
#11472=CARTESIAN_POINT('',(30.3342432714999,17.8021830320358,0.5));
#11473=CARTESIAN_POINT('Ctrl Pts',(31.1548434756696,16.912005841732,1.5));
#11474=CARTESIAN_POINT('Ctrl Pts',(31.1548434756696,16.912005841732,0.5));
#11475=CARTESIAN_POINT('Ctrl Pts',(31.10616406174,16.9022759429456,1.5));
#11476=CARTESIAN_POINT('Ctrl Pts',(31.10616406174,16.9022759429456,0.5));
#11477=CARTESIAN_POINT('Ctrl Pts',(30.9997185579994,16.8809999271914,1.5));
#11478=CARTESIAN_POINT('Ctrl Pts',(30.9997185579994,16.8809999271914,0.5));
#11479=CARTESIAN_POINT('Ctrl Pts',(30.8911274005594,16.8794321499993,1.5));
#11480=CARTESIAN_POINT('Ctrl Pts',(30.8911274005594,16.8794321499993,0.5));
#11481=CARTESIAN_POINT('Ctrl Pts',(30.8321969024837,16.8785813450813,1.5));
#11482=CARTESIAN_POINT('Ctrl Pts',(30.8321969024837,16.8785813450813,0.5));
#11483=CARTESIAN_POINT('',(31.1548434756696,16.912005841732,1.5));
#11484=CARTESIAN_POINT('',(30.8321969024837,16.8785813450813,1.5));
#11485=CARTESIAN_POINT('Ctrl Pts',(31.1548434756696,16.912005841732,1.5));
#11486=CARTESIAN_POINT('Ctrl Pts',(31.10616406174,16.9022759429456,1.5));
#11487=CARTESIAN_POINT('Ctrl Pts',(30.9997185579994,16.8809999271914,1.5));
#11488=CARTESIAN_POINT('Ctrl Pts',(30.8911274005594,16.8794321499993,1.5));
#11489=CARTESIAN_POINT('Ctrl Pts',(30.8321969024837,16.8785813450813,1.5));
#11490=CARTESIAN_POINT('',(31.1548434756696,16.912005841732,0.5));
#11491=CARTESIAN_POINT('',(31.1548434756696,16.912005841732,1.5));
#11492=CARTESIAN_POINT('',(30.8321969024837,16.8785813450813,0.5));
#11493=CARTESIAN_POINT('Ctrl Pts',(31.1548434756696,16.912005841732,0.5));
#11494=CARTESIAN_POINT('Ctrl Pts',(31.10616406174,16.9022759429456,0.5));
#11495=CARTESIAN_POINT('Ctrl Pts',(30.9997185579994,16.8809999271914,0.5));
#11496=CARTESIAN_POINT('Ctrl Pts',(30.8911274005594,16.8794321499993,0.5));
#11497=CARTESIAN_POINT('Ctrl Pts',(30.8321969024837,16.8785813450813,0.5));
#11498=CARTESIAN_POINT('',(30.8321969024837,16.8785813450813,1.5));
#11499=CARTESIAN_POINT('Ctrl Pts',(31.3738068006933,17.0109143853188,1.5));
#11500=CARTESIAN_POINT('Ctrl Pts',(31.3738068006933,17.0109143853188,0.5));
#11501=CARTESIAN_POINT('Ctrl Pts',(31.3417444936299,16.990150726727,1.5));
#11502=CARTESIAN_POINT('Ctrl Pts',(31.3417444936299,16.990150726727,0.5));
#11503=CARTESIAN_POINT('Ctrl Pts',(31.2738106534706,16.9461565418699,1.5));
#11504=CARTESIAN_POINT('Ctrl Pts',(31.2738106534706,16.9461565418699,0.5));
#11505=CARTESIAN_POINT('Ctrl Pts',(31.195954402031,16.9238071380602,1.5));
#11506=CARTESIAN_POINT('Ctrl Pts',(31.195954402031,16.9238071380602,0.5));
#11507=CARTESIAN_POINT('Ctrl Pts',(31.1548434756696,16.912005841732,1.5));
#11508=CARTESIAN_POINT('Ctrl Pts',(31.1548434756696,16.912005841732,0.5));
#11509=CARTESIAN_POINT('',(31.3738068006933,17.0109143853188,1.5));
#11510=CARTESIAN_POINT('Ctrl Pts',(31.3738068006933,17.0109143853188,1.5));
#11511=CARTESIAN_POINT('Ctrl Pts',(31.3417444936299,16.990150726727,1.5));
#11512=CARTESIAN_POINT('Ctrl Pts',(31.2738106534706,16.9461565418699,1.5));
#11513=CARTESIAN_POINT('Ctrl Pts',(31.195954402031,16.9238071380602,1.5));
#11514=CARTESIAN_POINT('Ctrl Pts',(31.1548434756696,16.912005841732,1.5));
#11515=CARTESIAN_POINT('',(31.3738068006933,17.0109143853188,0.5));
#11516=CARTESIAN_POINT('',(31.3738068006933,17.0109143853188,1.5));
#11517=CARTESIAN_POINT('Ctrl Pts',(31.3738068006933,17.0109143853188,0.5));
#11518=CARTESIAN_POINT('Ctrl Pts',(31.3417444936299,16.990150726727,0.5));
#11519=CARTESIAN_POINT('Ctrl Pts',(31.2738106534706,16.9461565418699,0.5));
#11520=CARTESIAN_POINT('Ctrl Pts',(31.195954402031,16.9238071380602,0.5));
#11521=CARTESIAN_POINT('Ctrl Pts',(31.1548434756696,16.912005841732,0.5));
#11522=CARTESIAN_POINT('Ctrl Pts',(31.5204643271863,17.1971353888512,1.5));
#11523=CARTESIAN_POINT('Ctrl Pts',(31.5204643271863,17.1971353888512,0.5));
#11524=CARTESIAN_POINT('Ctrl Pts',(31.5003909132395,17.1598670358521,1.5));
#11525=CARTESIAN_POINT('Ctrl Pts',(31.5003909132395,17.1598670358521,0.5));
#11526=CARTESIAN_POINT('Ctrl Pts',(31.4623117204343,17.089169106584,1.5));
#11527=CARTESIAN_POINT('Ctrl Pts',(31.4623117204343,17.089169106584,0.5));
#11528=CARTESIAN_POINT('Ctrl Pts',(31.4022208297186,17.0360376431886,1.5));
#11529=CARTESIAN_POINT('Ctrl Pts',(31.4022208297186,17.0360376431886,0.5));
#11530=CARTESIAN_POINT('Ctrl Pts',(31.3738068006933,17.0109143853188,1.5));
#11531=CARTESIAN_POINT('Ctrl Pts',(31.3738068006933,17.0109143853188,0.5));
#11532=CARTESIAN_POINT('',(31.5204643271863,17.1971353888512,1.5));
#11533=CARTESIAN_POINT('Ctrl Pts',(31.5204643271863,17.1971353888512,1.5));
#11534=CARTESIAN_POINT('Ctrl Pts',(31.5003909132395,17.1598670358521,1.5));
#11535=CARTESIAN_POINT('Ctrl Pts',(31.4623117204343,17.089169106584,1.5));
#11536=CARTESIAN_POINT('Ctrl Pts',(31.4022208297186,17.0360376431886,1.5));
#11537=CARTESIAN_POINT('Ctrl Pts',(31.3738068006933,17.0109143853188,1.5));
#11538=CARTESIAN_POINT('',(31.5204643271863,17.1971353888512,0.5));
#11539=CARTESIAN_POINT('',(31.5204643271863,17.1971353888512,1.5));
#11540=CARTESIAN_POINT('Ctrl Pts',(31.5204643271863,17.1971353888512,0.5));
#11541=CARTESIAN_POINT('Ctrl Pts',(31.5003909132395,17.1598670358521,0.5));
#11542=CARTESIAN_POINT('Ctrl Pts',(31.4623117204343,17.089169106584,0.5));
#11543=CARTESIAN_POINT('Ctrl Pts',(31.4022208297186,17.0360376431886,0.5));
#11544=CARTESIAN_POINT('Ctrl Pts',(31.3738068006933,17.0109143853188,0.5));
#11545=CARTESIAN_POINT('Ctrl Pts',(31.5798093937337,17.4583902955055,1.5));
#11546=CARTESIAN_POINT('Ctrl Pts',(31.5798093937337,17.4583902955055,0.5));
#11547=CARTESIAN_POINT('Ctrl Pts',(31.5774505756834,17.4126081164639,1.5));
#11548=CARTESIAN_POINT('Ctrl Pts',(31.5774505756834,17.4126081164639,0.5));
#11549=CARTESIAN_POINT('Ctrl Pts',(31.5727857311429,17.3220683870739,1.5));
#11550=CARTESIAN_POINT('Ctrl Pts',(31.5727857311429,17.3220683870739,0.5));
#11551=CARTESIAN_POINT('Ctrl Pts',(31.5377727156211,17.2384643421674,1.5));
#11552=CARTESIAN_POINT('Ctrl Pts',(31.5377727156211,17.2384643421674,0.5));
#11553=CARTESIAN_POINT('Ctrl Pts',(31.5204643271863,17.1971353888512,1.5));
#11554=CARTESIAN_POINT('Ctrl Pts',(31.5204643271863,17.1971353888512,0.5));
#11555=CARTESIAN_POINT('',(31.5798093937337,17.4583902955055,1.5));
#11556=CARTESIAN_POINT('Ctrl Pts',(31.5798093937337,17.4583902955055,1.5));
#11557=CARTESIAN_POINT('Ctrl Pts',(31.5774505756834,17.4126081164639,1.5));
#11558=CARTESIAN_POINT('Ctrl Pts',(31.5727857311429,17.3220683870739,1.5));
#11559=CARTESIAN_POINT('Ctrl Pts',(31.5377727156211,17.2384643421674,1.5));
#11560=CARTESIAN_POINT('Ctrl Pts',(31.5204643271863,17.1971353888512,1.5));
#11561=CARTESIAN_POINT('',(31.5798093937337,17.4583902955055,0.5));
#11562=CARTESIAN_POINT('',(31.5798093937337,17.4583902955055,1.5));
#11563=CARTESIAN_POINT('Ctrl Pts',(31.5798093937337,17.4583902955055,0.5));
#11564=CARTESIAN_POINT('Ctrl Pts',(31.5774505756834,17.4126081164639,0.5));
#11565=CARTESIAN_POINT('Ctrl Pts',(31.5727857311429,17.3220683870739,0.5));
#11566=CARTESIAN_POINT('Ctrl Pts',(31.5377727156211,17.2384643421674,0.5));
#11567=CARTESIAN_POINT('Ctrl Pts',(31.5204643271863,17.1971353888512,0.5));
#11568=CARTESIAN_POINT('Ctrl Pts',(31.4822652004659,17.7612552046776,1.5));
#11569=CARTESIAN_POINT('Ctrl Pts',(31.4822652004659,17.7612552046776,0.5));
#11570=CARTESIAN_POINT('Ctrl Pts',(31.5107118185483,17.7159674204118,1.5));
#11571=CARTESIAN_POINT('Ctrl Pts',(31.5107118185483,17.7159674204118,0.5));
#11572=CARTESIAN_POINT('Ctrl Pts',(31.5688714011984,17.6233757940745,1.5));
#11573=CARTESIAN_POINT('Ctrl Pts',(31.5688714011984,17.6233757940745,0.5));
#11574=CARTESIAN_POINT('Ctrl Pts',(31.5761108531208,17.5141780065527,1.5));
#11575=CARTESIAN_POINT('Ctrl Pts',(31.5761108531208,17.5141780065527,0.5));
#11576=CARTESIAN_POINT('Ctrl Pts',(31.5798093937337,17.4583902955055,1.5));
#11577=CARTESIAN_POINT('Ctrl Pts',(31.5798093937337,17.4583902955055,0.5));
#11578=CARTESIAN_POINT('',(31.4822652004659,17.7612552046776,1.5));
#11579=CARTESIAN_POINT('Ctrl Pts',(31.4822652004659,17.7612552046776,1.5));
#11580=CARTESIAN_POINT('Ctrl Pts',(31.5107118185483,17.7159674204118,1.5));
#11581=CARTESIAN_POINT('Ctrl Pts',(31.5688714011984,17.6233757940745,1.5));
#11582=CARTESIAN_POINT('Ctrl Pts',(31.5761108531208,17.5141780065527,1.5));
#11583=CARTESIAN_POINT('Ctrl Pts',(31.5798093937337,17.4583902955055,1.5));
#11584=CARTESIAN_POINT('',(31.4822652004659,17.7612552046776,0.5));
#11585=CARTESIAN_POINT('',(31.4822652004659,17.7612552046776,1.5));
#11586=CARTESIAN_POINT('Ctrl Pts',(31.4822652004659,17.7612552046776,0.5));
#11587=CARTESIAN_POINT('Ctrl Pts',(31.5107118185483,17.7159674204118,0.5));
#11588=CARTESIAN_POINT('Ctrl Pts',(31.5688714011984,17.6233757940745,0.5));
#11589=CARTESIAN_POINT('Ctrl Pts',(31.5761108531208,17.5141780065527,0.5));
#11590=CARTESIAN_POINT('Ctrl Pts',(31.5798093937337,17.4583902955055,0.5));
#11591=CARTESIAN_POINT('Ctrl Pts',(31.2032746337354,17.942701280117,1.5));
#11592=CARTESIAN_POINT('Ctrl Pts',(31.2032746337354,17.942701280117,0.5));
#11593=CARTESIAN_POINT('Ctrl Pts',(31.259484154534,17.922830673118,1.5));
#11594=CARTESIAN_POINT('Ctrl Pts',(31.259484154534,17.922830673118,0.5));
#11595=CARTESIAN_POINT('Ctrl Pts',(31.3672624032653,17.884730024097,1.5));
#11596=CARTESIAN_POINT('Ctrl Pts',(31.3672624032653,17.884730024097,0.5));
#11597=CARTESIAN_POINT('Ctrl Pts',(31.4450473750355,17.8012147916273,1.5));
#11598=CARTESIAN_POINT('Ctrl Pts',(31.4450473750355,17.8012147916273,0.5));
#11599=CARTESIAN_POINT('Ctrl Pts',(31.4822652004659,17.7612552046776,1.5));
#11600=CARTESIAN_POINT('Ctrl Pts',(31.4822652004659,17.7612552046776,0.5));
#11601=CARTESIAN_POINT('',(31.2032746337354,17.942701280117,1.5));
#11602=CARTESIAN_POINT('Ctrl Pts',(31.2032746337354,17.942701280117,1.5));
#11603=CARTESIAN_POINT('Ctrl Pts',(31.259484154534,17.922830673118,1.5));
#11604=CARTESIAN_POINT('Ctrl Pts',(31.3672624032653,17.884730024097,1.5));
#11605=CARTESIAN_POINT('Ctrl Pts',(31.4450473750355,17.8012147916273,1.5));
#11606=CARTESIAN_POINT('Ctrl Pts',(31.4822652004659,17.7612552046776,1.5));
#11607=CARTESIAN_POINT('',(31.2032746337354,17.942701280117,0.5));
#11608=CARTESIAN_POINT('',(31.2032746337354,17.942701280117,1.5));
#11609=CARTESIAN_POINT('Ctrl Pts',(31.2032746337354,17.942701280117,0.5));
#11610=CARTESIAN_POINT('Ctrl Pts',(31.259484154534,17.922830673118,0.5));
#11611=CARTESIAN_POINT('Ctrl Pts',(31.3672624032653,17.884730024097,0.5));
#11612=CARTESIAN_POINT('Ctrl Pts',(31.4450473750355,17.8012147916273,0.5));
#11613=CARTESIAN_POINT('Ctrl Pts',(31.4822652004659,17.7612552046776,0.5));
#11614=CARTESIAN_POINT('Ctrl Pts',(31.4133702777326,18.1255117058754,1.5));
#11615=CARTESIAN_POINT('Ctrl Pts',(31.4133702777326,18.1255117058754,0.5));
#11616=CARTESIAN_POINT('Ctrl Pts',(31.3862726142474,18.0891282877173,1.5));
#11617=CARTESIAN_POINT('Ctrl Pts',(31.3862726142474,18.0891282877173,0.5));
#11618=CARTESIAN_POINT('Ctrl Pts',(31.3295982232841,18.0130328684057,1.5));
#11619=CARTESIAN_POINT('Ctrl Pts',(31.3295982232841,18.0130328684057,0.5));
#11620=CARTESIAN_POINT('Ctrl Pts',(31.24659277789,17.9668189757192,1.5));
#11621=CARTESIAN_POINT('Ctrl Pts',(31.24659277789,17.9668189757192,0.5));
#11622=CARTESIAN_POINT('Ctrl Pts',(31.2032746337354,17.942701280117,1.5));
#11623=CARTESIAN_POINT('Ctrl Pts',(31.2032746337354,17.942701280117,0.5));
#11624=CARTESIAN_POINT('',(31.4133702777326,18.1255117058754,1.5));
#11625=CARTESIAN_POINT('Ctrl Pts',(31.4133702777326,18.1255117058754,1.5));
#11626=CARTESIAN_POINT('Ctrl Pts',(31.3862726142474,18.0891282877173,1.5));
#11627=CARTESIAN_POINT('Ctrl Pts',(31.3295982232841,18.0130328684057,1.5));
#11628=CARTESIAN_POINT('Ctrl Pts',(31.24659277789,17.9668189757192,1.5));
#11629=CARTESIAN_POINT('Ctrl Pts',(31.2032746337354,17.942701280117,1.5));
#11630=CARTESIAN_POINT('',(31.4133702777326,18.1255117058754,0.5));
#11631=CARTESIAN_POINT('',(31.4133702777326,18.1255117058754,1.5));
#11632=CARTESIAN_POINT('Ctrl Pts',(31.4133702777326,18.1255117058754,0.5));
#11633=CARTESIAN_POINT('Ctrl Pts',(31.3862726142474,18.0891282877173,0.5));
#11634=CARTESIAN_POINT('Ctrl Pts',(31.3295982232841,18.0130328684057,0.5));
#11635=CARTESIAN_POINT('Ctrl Pts',(31.24659277789,17.9668189757192,0.5));
#11636=CARTESIAN_POINT('Ctrl Pts',(31.2032746337354,17.942701280117,0.5));
#11637=CARTESIAN_POINT('Ctrl Pts',(31.4829470776021,18.3669850230217,1.5));
#11638=CARTESIAN_POINT('Ctrl Pts',(31.4829470776021,18.3669850230217,0.5));
#11639=CARTESIAN_POINT('Ctrl Pts',(31.4799400602696,18.3246887087461,1.5));
#11640=CARTESIAN_POINT('Ctrl Pts',(31.4799400602696,18.3246887087461,0.5));
#11641=CARTESIAN_POINT('Ctrl Pts',(31.4738686636343,18.2392892341929,1.5));
#11642=CARTESIAN_POINT('Ctrl Pts',(31.4738686636343,18.2392892341929,0.5));
#11643=CARTESIAN_POINT('Ctrl Pts',(31.4336630260291,18.1636756785092,1.5));
#11644=CARTESIAN_POINT('Ctrl Pts',(31.4336630260291,18.1636756785092,0.5));
#11645=CARTESIAN_POINT('Ctrl Pts',(31.4133702777326,18.1255117058754,1.5));
#11646=CARTESIAN_POINT('Ctrl Pts',(31.4133702777326,18.1255117058754,0.5));
#11647=CARTESIAN_POINT('',(31.4829470776021,18.3669850230217,1.5));
#11648=CARTESIAN_POINT('Ctrl Pts',(31.4829470776021,18.3669850230217,1.5));
#11649=CARTESIAN_POINT('Ctrl Pts',(31.4799400602696,18.3246887087461,1.5));
#11650=CARTESIAN_POINT('Ctrl Pts',(31.4738686636343,18.2392892341929,1.5));
#11651=CARTESIAN_POINT('Ctrl Pts',(31.4336630260291,18.1636756785092,1.5));
#11652=CARTESIAN_POINT('Ctrl Pts',(31.4133702777326,18.1255117058754,1.5));
#11653=CARTESIAN_POINT('',(31.4829470776021,18.3669850230217,0.5));
#11654=CARTESIAN_POINT('',(31.4829470776021,18.3669850230217,1.5));
#11655=CARTESIAN_POINT('Ctrl Pts',(31.4829470776021,18.3669850230217,0.5));
#11656=CARTESIAN_POINT('Ctrl Pts',(31.4799400602696,18.3246887087461,0.5));
#11657=CARTESIAN_POINT('Ctrl Pts',(31.4738686636343,18.2392892341929,0.5));
#11658=CARTESIAN_POINT('Ctrl Pts',(31.4336630260291,18.1636756785092,0.5));
#11659=CARTESIAN_POINT('Ctrl Pts',(31.4133702777326,18.1255117058754,0.5));
#11660=CARTESIAN_POINT('Ctrl Pts',(31.4045025967062,18.6309686303139,1.5));
#11661=CARTESIAN_POINT('Ctrl Pts',(31.4045025967062,18.6309686303139,0.5));
#11662=CARTESIAN_POINT('Ctrl Pts',(31.4273795735949,18.5888980065359,1.5));
#11663=CARTESIAN_POINT('Ctrl Pts',(31.4273795735949,18.5888980065359,0.5));
#11664=CARTESIAN_POINT('Ctrl Pts',(31.4722371756906,18.5064051443658,1.5));
#11665=CARTESIAN_POINT('Ctrl Pts',(31.4722371756906,18.5064051443658,0.5));
#11666=CARTESIAN_POINT('Ctrl Pts',(31.4794249862867,18.4128351533625,1.5));
#11667=CARTESIAN_POINT('Ctrl Pts',(31.4794249862867,18.4128351533625,0.5));
#11668=CARTESIAN_POINT('Ctrl Pts',(31.4829470776021,18.3669850230217,1.5));
#11669=CARTESIAN_POINT('Ctrl Pts',(31.4829470776021,18.3669850230217,0.5));
#11670=CARTESIAN_POINT('',(31.4045025967062,18.6309686303139,1.5));
#11671=CARTESIAN_POINT('Ctrl Pts',(31.4045025967062,18.6309686303139,1.5));
#11672=CARTESIAN_POINT('Ctrl Pts',(31.4273795735949,18.5888980065359,1.5));
#11673=CARTESIAN_POINT('Ctrl Pts',(31.4722371756906,18.5064051443658,1.5));
#11674=CARTESIAN_POINT('Ctrl Pts',(31.4794249862867,18.4128351533625,1.5));
#11675=CARTESIAN_POINT('Ctrl Pts',(31.4829470776021,18.3669850230217,1.5));
#11676=CARTESIAN_POINT('',(31.4045025967062,18.6309686303139,0.5));
#11677=CARTESIAN_POINT('',(31.4045025967062,18.6309686303139,1.5));
#11678=CARTESIAN_POINT('Ctrl Pts',(31.4045025967062,18.6309686303139,0.5));
#11679=CARTESIAN_POINT('Ctrl Pts',(31.4273795735949,18.5888980065359,0.5));
#11680=CARTESIAN_POINT('Ctrl Pts',(31.4722371756906,18.5064051443658,0.5));
#11681=CARTESIAN_POINT('Ctrl Pts',(31.4794249862867,18.4128351533625,0.5));
#11682=CARTESIAN_POINT('Ctrl Pts',(31.4829470776021,18.3669850230217,0.5));
#11683=CARTESIAN_POINT('Ctrl Pts',(31.1875857971609,18.817872107029,1.5));
#11684=CARTESIAN_POINT('Ctrl Pts',(31.1875857971609,18.817872107029,0.5));
#11685=CARTESIAN_POINT('Ctrl Pts',(31.231180457468,18.795005746282,1.5));
#11686=CARTESIAN_POINT('Ctrl Pts',(31.231180457468,18.795005746282,0.5));
#11687=CARTESIAN_POINT('Ctrl Pts',(31.3179657497087,18.7494849465803,1.5));
#11688=CARTESIAN_POINT('Ctrl Pts',(31.3179657497087,18.7494849465803,0.5));
#11689=CARTESIAN_POINT('Ctrl Pts',(31.3757466472401,18.670351266956,1.5));
#11690=CARTESIAN_POINT('Ctrl Pts',(31.3757466472401,18.670351266956,0.5));
#11691=CARTESIAN_POINT('Ctrl Pts',(31.4045025967062,18.6309686303139,1.5));
#11692=CARTESIAN_POINT('Ctrl Pts',(31.4045025967062,18.6309686303139,0.5));
#11693=CARTESIAN_POINT('',(31.1875857971609,18.817872107029,1.5));
#11694=CARTESIAN_POINT('Ctrl Pts',(31.1875857971609,18.817872107029,1.5));
#11695=CARTESIAN_POINT('Ctrl Pts',(31.231180457468,18.795005746282,1.5));
#11696=CARTESIAN_POINT('Ctrl Pts',(31.3179657497087,18.7494849465803,1.5));
#11697=CARTESIAN_POINT('Ctrl Pts',(31.3757466472401,18.670351266956,1.5));
#11698=CARTESIAN_POINT('Ctrl Pts',(31.4045025967062,18.6309686303139,1.5));
#11699=CARTESIAN_POINT('',(31.1875857971609,18.817872107029,0.5));
#11700=CARTESIAN_POINT('',(31.1875857971609,18.817872107029,1.5));
#11701=CARTESIAN_POINT('Ctrl Pts',(31.1875857971609,18.817872107029,0.5));
#11702=CARTESIAN_POINT('Ctrl Pts',(31.231180457468,18.795005746282,0.5));
#11703=CARTESIAN_POINT('Ctrl Pts',(31.3179657497087,18.7494849465803,0.5));
#11704=CARTESIAN_POINT('Ctrl Pts',(31.3757466472401,18.670351266956,0.5));
#11705=CARTESIAN_POINT('Ctrl Pts',(31.4045025967062,18.6309686303139,0.5));
#11706=CARTESIAN_POINT('Ctrl Pts',(30.8199185691774,18.878581225872,1.5));
#11707=CARTESIAN_POINT('Ctrl Pts',(30.8199185691774,18.878581225872,0.5));
#11708=CARTESIAN_POINT('Ctrl Pts',(30.8894241828398,18.8773116565942,1.5));
#11709=CARTESIAN_POINT('Ctrl Pts',(30.8894241828398,18.8773116565942,0.5));
#11710=CARTESIAN_POINT('Ctrl Pts',(31.0151400623182,18.8750153669867,1.5));
#11711=CARTESIAN_POINT('Ctrl Pts',(31.0151400623182,18.8750153669867,0.5));
#11712=CARTESIAN_POINT('Ctrl Pts',(31.1343047221474,18.8355278311505,1.5));
#11713=CARTESIAN_POINT('Ctrl Pts',(31.1343047221474,18.8355278311505,0.5));
#11714=CARTESIAN_POINT('Ctrl Pts',(31.1875857971609,18.817872107029,1.5));
#11715=CARTESIAN_POINT('Ctrl Pts',(31.1875857971609,18.817872107029,0.5));
#11716=CARTESIAN_POINT('',(30.8199185691774,18.878581225872,1.5));
#11717=CARTESIAN_POINT('Ctrl Pts',(30.8199185691774,18.878581225872,1.5));
#11718=CARTESIAN_POINT('Ctrl Pts',(30.8894241828398,18.8773116565942,1.5));
#11719=CARTESIAN_POINT('Ctrl Pts',(31.0151400623182,18.8750153669867,1.5));
#11720=CARTESIAN_POINT('Ctrl Pts',(31.1343047221474,18.8355278311505,1.5));
#11721=CARTESIAN_POINT('Ctrl Pts',(31.1875857971609,18.817872107029,1.5));
#11722=CARTESIAN_POINT('',(30.8199185691774,18.878581225872,0.5));
#11723=CARTESIAN_POINT('',(30.8199185691774,18.878581225872,1.5));
#11724=CARTESIAN_POINT('Ctrl Pts',(30.8199185691774,18.878581225872,0.5));
#11725=CARTESIAN_POINT('Ctrl Pts',(30.8894241828398,18.8773116565942,0.5));
#11726=CARTESIAN_POINT('Ctrl Pts',(31.0151400623182,18.8750153669867,0.5));
#11727=CARTESIAN_POINT('Ctrl Pts',(31.1343047221474,18.8355278311505,0.5));
#11728=CARTESIAN_POINT('Ctrl Pts',(31.1875857971609,18.817872107029,0.5));
#11729=CARTESIAN_POINT('Origin',(30.0695775263011,18.878581225872,1.5));
#11730=CARTESIAN_POINT('',(30.0695775263011,18.878581225872,1.5));
#11731=CARTESIAN_POINT('',(24.5472887631506,18.878581225872,1.5));
#11732=CARTESIAN_POINT('',(30.0695775263011,18.878581225872,0.5));
#11733=CARTESIAN_POINT('',(30.0695775263011,18.878581225872,1.5));
#11734=CARTESIAN_POINT('',(30.0695775263011,18.878581225872,0.5));
#11735=CARTESIAN_POINT('Origin',(30.0695775263011,16.8785813450813,1.5));
#11736=CARTESIAN_POINT('',(30.0695775263011,16.8785813450813,1.5));
#11737=CARTESIAN_POINT('',(30.0695775263011,3.80879067254066,1.5));
#11738=CARTESIAN_POINT('',(30.0695775263011,16.8785813450813,0.5));
#11739=CARTESIAN_POINT('',(30.0695775263011,16.8785813450813,1.5));
#11740=CARTESIAN_POINT('',(30.0695775263011,16.8785813450813,0.5));
#11741=CARTESIAN_POINT('Origin',(30.8321969024837,16.8785813450813,1.5));
#11742=CARTESIAN_POINT('',(24.9285984512419,16.8785813450813,1.5));
#11743=CARTESIAN_POINT('',(30.8321969024837,16.8785813450813,0.5));
#11744=CARTESIAN_POINT('Origin',(37.3485678713769,17.8785816580057,0.5));
#11745=CARTESIAN_POINT('Ctrl Pts',(34.8021831177175,18.6684858798981,1.5));
#11746=CARTESIAN_POINT('Ctrl Pts',(34.8021831177175,18.6684858798981,0.5));
#11747=CARTESIAN_POINT('Ctrl Pts',(34.788057772676,18.6042486246015,1.5));
#11748=CARTESIAN_POINT('Ctrl Pts',(34.788057772676,18.6042486246015,0.5));
#11749=CARTESIAN_POINT('Ctrl Pts',(34.7595960702164,18.4748145016328,1.5));
#11750=CARTESIAN_POINT('Ctrl Pts',(34.7595960702164,18.4748145016328,0.5));
#11751=CARTESIAN_POINT('Ctrl Pts',(34.7162437554654,18.3495770112882,1.5));
#11752=CARTESIAN_POINT('Ctrl Pts',(34.7162437554654,18.3495770112882,0.5));
#11753=CARTESIAN_POINT('Ctrl Pts',(34.6944068931043,18.2864940166473,1.5));
#11754=CARTESIAN_POINT('Ctrl Pts',(34.6944068931043,18.2864940166473,0.5));
#11755=CARTESIAN_POINT('',(34.8021831177175,18.6684858798981,1.5));
#11756=CARTESIAN_POINT('',(34.6944068931043,18.2864940166473,1.5));
#11757=CARTESIAN_POINT('Ctrl Pts',(34.8021831177175,18.6684858798981,1.5));
#11758=CARTESIAN_POINT('Ctrl Pts',(34.788057772676,18.6042486246015,1.5));
#11759=CARTESIAN_POINT('Ctrl Pts',(34.7595960702164,18.4748145016328,1.5));
#11760=CARTESIAN_POINT('Ctrl Pts',(34.7162437554654,18.3495770112882,1.5));
#11761=CARTESIAN_POINT('Ctrl Pts',(34.6944068931043,18.2864940166473,1.5));
#11762=CARTESIAN_POINT('',(34.8021831177175,18.6684858798981,0.5));
#11763=CARTESIAN_POINT('',(34.8021831177175,18.6684858798981,1.5));
#11764=CARTESIAN_POINT('',(34.6944068931043,18.2864940166473,0.5));
#11765=CARTESIAN_POINT('Ctrl Pts',(34.8021831177175,18.6684858798981,0.5));
#11766=CARTESIAN_POINT('Ctrl Pts',(34.788057772676,18.6042486246015,0.5));
#11767=CARTESIAN_POINT('Ctrl Pts',(34.7595960702164,18.4748145016328,0.5));
#11768=CARTESIAN_POINT('Ctrl Pts',(34.7162437554654,18.3495770112882,0.5));
#11769=CARTESIAN_POINT('Ctrl Pts',(34.6944068931043,18.2864940166473,0.5));
#11770=CARTESIAN_POINT('',(34.6944068931043,18.2864940166473,1.5));
#11771=CARTESIAN_POINT('Ctrl Pts',(34.9440660141408,18.2537516951561,1.5));
#11772=CARTESIAN_POINT('Ctrl Pts',(34.9440660141408,18.2537516951561,0.5));
#11773=CARTESIAN_POINT('Ctrl Pts',(34.9154643450503,18.3300848787493,1.5));
#11774=CARTESIAN_POINT('Ctrl Pts',(34.9154643450503,18.3300848787493,0.5));
#11775=CARTESIAN_POINT('Ctrl Pts',(34.8641732018236,18.4669725631789,1.5));
#11776=CARTESIAN_POINT('Ctrl Pts',(34.8641732018236,18.4669725631789,0.5));
#11777=CARTESIAN_POINT('Ctrl Pts',(34.8211951570889,18.6066827840228,1.5));
#11778=CARTESIAN_POINT('Ctrl Pts',(34.8211951570889,18.6066827840228,0.5));
#11779=CARTESIAN_POINT('Ctrl Pts',(34.8021831177175,18.6684858798981,1.5));
#11780=CARTESIAN_POINT('Ctrl Pts',(34.8021831177175,18.6684858798981,0.5));
#11781=CARTESIAN_POINT('',(34.9440660141408,18.2537516951561,1.5));
#11782=CARTESIAN_POINT('Ctrl Pts',(34.9440660141408,18.2537516951561,1.5));
#11783=CARTESIAN_POINT('Ctrl Pts',(34.9154643450503,18.3300848787493,1.5));
#11784=CARTESIAN_POINT('Ctrl Pts',(34.8641732018236,18.4669725631789,1.5));
#11785=CARTESIAN_POINT('Ctrl Pts',(34.8211951570889,18.6066827840228,1.5));
#11786=CARTESIAN_POINT('Ctrl Pts',(34.8021831177175,18.6684858798981,1.5));
#11787=CARTESIAN_POINT('',(34.9440660141408,18.2537516951561,0.5));
#11788=CARTESIAN_POINT('',(34.9440660141408,18.2537516951561,1.5));
#11789=CARTESIAN_POINT('Ctrl Pts',(34.9440660141408,18.2537516951561,0.5));
#11790=CARTESIAN_POINT('Ctrl Pts',(34.9154643450503,18.3300848787493,0.5));
#11791=CARTESIAN_POINT('Ctrl Pts',(34.8641732018236,18.4669725631789,0.5));
#11792=CARTESIAN_POINT('Ctrl Pts',(34.8211951570889,18.6066827840228,0.5));
#11793=CARTESIAN_POINT('Ctrl Pts',(34.8021831177175,18.6684858798981,0.5));
#11794=CARTESIAN_POINT('Origin',(35.1527973078191,17.6998636126518,1.5));
#11795=CARTESIAN_POINT('',(35.1527973078191,17.6998636126518,1.5));
#11796=CARTESIAN_POINT('',(38.5983589967889,8.55674221756694,1.5));
#11797=CARTESIAN_POINT('',(35.1527973078191,17.6998636126518,0.5));
#11798=CARTESIAN_POINT('',(35.1527973078191,17.6998636126518,1.5));
#11799=CARTESIAN_POINT('',(35.1527973078191,17.6998636126518,0.5));
#11800=CARTESIAN_POINT('Origin',(34.4747616909444,17.6998636126518,1.5));
#11801=CARTESIAN_POINT('',(34.4747616909444,17.6998636126518,1.5));
#11802=CARTESIAN_POINT('',(26.7498808454722,17.6998636126518,1.5));
#11803=CARTESIAN_POINT('',(34.4747616909444,17.6998636126518,0.5));
#11804=CARTESIAN_POINT('',(34.4747616909444,17.6998636126518,1.5));
#11805=CARTESIAN_POINT('',(34.4747616909444,17.6998636126518,0.5));
#11806=CARTESIAN_POINT('Origin',(34.6944068931043,18.2864940166473,1.5));
#11807=CARTESIAN_POINT('',(29.2080502598403,3.63348281227608,1.5));
#11808=CARTESIAN_POINT('',(34.6944068931043,18.2864940166473,0.5));
#11809=CARTESIAN_POINT('Origin',(34.3983631394804,17.4843111634254,1.5));
#11810=CARTESIAN_POINT('',(34.3983631394804,17.4843111634254,1.5));
#11811=CARTESIAN_POINT('',(34.1787179373205,16.8785813450813,1.5));
#11812=CARTESIAN_POINT('',(29.2195207833101,3.20228174148334,1.5));
#11813=CARTESIAN_POINT('',(34.3983631394804,17.4843111634254,0.5));
#11814=CARTESIAN_POINT('',(34.3983631394804,17.4843111634254,1.5));
#11815=CARTESIAN_POINT('',(34.1787179373205,16.8785813450813,0.5));
#11816=CARTESIAN_POINT('',(34.3983631394804,17.4843111634254,0.5));
#11817=CARTESIAN_POINT('',(34.1787179373205,16.8785813450813,1.5));
#11818=CARTESIAN_POINT('Origin',(35.2346523664892,17.4843111634254,1.5));
#11819=CARTESIAN_POINT('',(35.2346523664892,17.4843111634254,1.5));
#11820=CARTESIAN_POINT('',(27.1298261832446,17.4843111634254,1.5));
#11821=CARTESIAN_POINT('',(35.2346523664892,17.4843111634254,0.5));
#11822=CARTESIAN_POINT('',(35.2346523664892,17.4843111634254,1.5));
#11823=CARTESIAN_POINT('',(35.2346523664892,17.4843111634254,0.5));
#11824=CARTESIAN_POINT('Origin',(35.4679401777685,16.8785813450813,1.5));
#11825=CARTESIAN_POINT('',(35.4679401777685,16.8785813450813,1.5));
#11826=CARTESIAN_POINT('',(38.7894204840337,8.25438597235818,1.5));
#11827=CARTESIAN_POINT('',(35.4679401777685,16.8785813450813,0.5));
#11828=CARTESIAN_POINT('',(35.4679401777685,16.8785813450813,1.5));
#11829=CARTESIAN_POINT('',(35.4679401777685,16.8785813450813,0.5));
#11830=CARTESIAN_POINT('Origin',(35.7694407366216,16.8785813450813,1.5));
#11831=CARTESIAN_POINT('',(35.7694407366216,16.8785813450813,1.5));
#11832=CARTESIAN_POINT('',(27.3972203683108,16.8785813450813,1.5));
#11833=CARTESIAN_POINT('',(35.7694407366216,16.8785813450813,0.5));
#11834=CARTESIAN_POINT('',(35.7694407366216,16.8785813450813,1.5));
#11835=CARTESIAN_POINT('',(35.7694407366216,16.8785813450813,0.5));
#11836=CARTESIAN_POINT('Origin',(34.9508871696889,18.878581225872,1.5));
#11837=CARTESIAN_POINT('',(34.9508871696889,18.878581225872,1.5));
#11838=CARTESIAN_POINT('',(38.7406582441455,9.61890415239756,1.5));
#11839=CARTESIAN_POINT('',(34.9508871696889,18.878581225872,0.5));
#11840=CARTESIAN_POINT('',(34.9508871696889,18.878581225872,1.5));
#11841=CARTESIAN_POINT('',(34.9508871696889,18.878581225872,0.5));
#11842=CARTESIAN_POINT('Origin',(34.6657576225698,18.878581225872,1.5));
#11843=CARTESIAN_POINT('',(34.6657576225698,18.878581225872,1.5));
#11844=CARTESIAN_POINT('',(26.8453788112849,18.878581225872,1.5));
#11845=CARTESIAN_POINT('',(34.6657576225698,18.878581225872,0.5));
#11846=CARTESIAN_POINT('',(34.6657576225698,18.878581225872,1.5));
#11847=CARTESIAN_POINT('',(34.6657576225698,18.878581225872,0.5));
#11848=CARTESIAN_POINT('Origin',(33.8976811431348,16.8785813450813,1.5));
#11849=CARTESIAN_POINT('',(33.8976811431348,16.8785813450813,1.5));
#11850=CARTESIAN_POINT('',(28.5677210938022,2.99985995639039,1.5));
#11851=CARTESIAN_POINT('',(33.8976811431348,16.8785813450813,0.5));
#11852=CARTESIAN_POINT('',(33.8976811431348,16.8785813450813,1.5));
#11853=CARTESIAN_POINT('',(33.8976811431348,16.8785813450813,0.5));
#11854=CARTESIAN_POINT('Origin',(34.1787179373205,16.8785813450813,1.5));
#11855=CARTESIAN_POINT('',(26.6018589686602,16.8785813450813,1.5));
#11856=CARTESIAN_POINT('',(34.1787179373205,16.8785813450813,0.5));
#11857=CARTESIAN_POINT('Origin',(37.3485678713769,17.8785816580057,0.5));
#11858=CARTESIAN_POINT('Origin',(44.4379266165197,14.1691681742668,1.5));
#11859=CARTESIAN_POINT('',(44.4379266165197,14.1691681742668,1.5));
#11860=CARTESIAN_POINT('',(44.4379266165197,14.5416107773781,1.5));
#11861=CARTESIAN_POINT('',(44.4379266165197,2.4540840871334,1.5));
#11862=CARTESIAN_POINT('',(44.4379266165197,14.1691681742668,0.5));
#11863=CARTESIAN_POINT('',(44.4379266165197,14.1691681742668,1.5));
#11864=CARTESIAN_POINT('',(44.4379266165197,14.5416107773781,0.5));
#11865=CARTESIAN_POINT('',(44.4379266165197,14.1691681742668,0.5));
#11866=CARTESIAN_POINT('',(44.4379266165197,14.5416107773781,1.5));
#11867=CARTESIAN_POINT('Ctrl Pts',(44.1896327398717,14.0279677510262,1.5));
#11868=CARTESIAN_POINT('Ctrl Pts',(44.1896327398717,14.0279677510262,0.5));
#11869=CARTESIAN_POINT('Ctrl Pts',(44.2388363087251,14.0486497806037,1.5));
#11870=CARTESIAN_POINT('Ctrl Pts',(44.2388363087251,14.0486497806037,0.5));
#11871=CARTESIAN_POINT('Ctrl Pts',(44.3273346004526,14.0858487954257,1.5));
#11872=CARTESIAN_POINT('Ctrl Pts',(44.3273346004526,14.0858487954257,0.5));
#11873=CARTESIAN_POINT('Ctrl Pts',(44.4039209814151,14.1435485274354,1.5));
#11874=CARTESIAN_POINT('Ctrl Pts',(44.4039209814151,14.1435485274354,0.5));
#11875=CARTESIAN_POINT('Ctrl Pts',(44.4379266165197,14.1691681742668,1.5));
#11876=CARTESIAN_POINT('Ctrl Pts',(44.4379266165197,14.1691681742668,0.5));
#11877=CARTESIAN_POINT('',(44.1896327398717,14.0279677510262,1.5));
#11878=CARTESIAN_POINT('Ctrl Pts',(44.1896327398717,14.0279677510262,1.5));
#11879=CARTESIAN_POINT('Ctrl Pts',(44.2388363087251,14.0486497806037,1.5));
#11880=CARTESIAN_POINT('Ctrl Pts',(44.3273346004526,14.0858487954257,1.5));
#11881=CARTESIAN_POINT('Ctrl Pts',(44.4039209814151,14.1435485274354,1.5));
#11882=CARTESIAN_POINT('Ctrl Pts',(44.4379266165197,14.1691681742668,1.5));
#11883=CARTESIAN_POINT('',(44.1896327398717,14.0279677510262,0.5));
#11884=CARTESIAN_POINT('',(44.1896327398717,14.0279677510262,1.5));
#11885=CARTESIAN_POINT('Ctrl Pts',(44.1896327398717,14.0279677510262,0.5));
#11886=CARTESIAN_POINT('Ctrl Pts',(44.2388363087251,14.0486497806037,0.5));
#11887=CARTESIAN_POINT('Ctrl Pts',(44.3273346004526,14.0858487954257,0.5));
#11888=CARTESIAN_POINT('Ctrl Pts',(44.4039209814151,14.1435485274354,0.5));
#11889=CARTESIAN_POINT('Ctrl Pts',(44.4379266165197,14.1691681742668,0.5));
#11890=CARTESIAN_POINT('Ctrl Pts',(43.8540252111852,13.9618012309074,1.5));
#11891=CARTESIAN_POINT('Ctrl Pts',(43.8540252111852,13.9618012309074,0.5));
#11892=CARTESIAN_POINT('Ctrl Pts',(43.9111684708903,13.964633782137,1.5));
#11893=CARTESIAN_POINT('Ctrl Pts',(43.9111684708903,13.964633782137,0.5));
#11894=CARTESIAN_POINT('Ctrl Pts',(44.0262499157582,13.9703382884925,1.5));
#11895=CARTESIAN_POINT('Ctrl Pts',(44.0262499157582,13.9703382884925,0.5));
#11896=CARTESIAN_POINT('Ctrl Pts',(44.1349215818706,14.0086696721289,1.5));
#11897=CARTESIAN_POINT('Ctrl Pts',(44.1349215818706,14.0086696721289,0.5));
#11898=CARTESIAN_POINT('Ctrl Pts',(44.1896327398717,14.0279677510262,1.5));
#11899=CARTESIAN_POINT('Ctrl Pts',(44.1896327398717,14.0279677510262,0.5));
#11900=CARTESIAN_POINT('',(43.8540252111852,13.9618012309074,1.5));
#11901=CARTESIAN_POINT('Ctrl Pts',(43.8540252111852,13.9618012309074,1.5));
#11902=CARTESIAN_POINT('Ctrl Pts',(43.9111684708903,13.964633782137,1.5));
#11903=CARTESIAN_POINT('Ctrl Pts',(44.0262499157582,13.9703382884925,1.5));
#11904=CARTESIAN_POINT('Ctrl Pts',(44.1349215818706,14.0086696721289,1.5));
#11905=CARTESIAN_POINT('Ctrl Pts',(44.1896327398717,14.0279677510262,1.5));
#11906=CARTESIAN_POINT('',(43.8540252111852,13.9618012309074,0.5));
#11907=CARTESIAN_POINT('',(43.8540252111852,13.9618012309074,1.5));
#11908=CARTESIAN_POINT('Ctrl Pts',(43.8540252111852,13.9618012309074,0.5));
#11909=CARTESIAN_POINT('Ctrl Pts',(43.9111684708903,13.964633782137,0.5));
#11910=CARTESIAN_POINT('Ctrl Pts',(44.0262499157582,13.9703382884925,0.5));
#11911=CARTESIAN_POINT('Ctrl Pts',(44.1349215818706,14.0086696721289,0.5));
#11912=CARTESIAN_POINT('Ctrl Pts',(44.1896327398717,14.0279677510262,0.5));
#11913=CARTESIAN_POINT('Ctrl Pts',(43.480218257755,14.0491136908531,1.5));
#11914=CARTESIAN_POINT('Ctrl Pts',(43.480218257755,14.0491136908531,0.5));
#11915=CARTESIAN_POINT('Ctrl Pts',(43.5398497140358,14.0236474312891,1.5));
#11916=CARTESIAN_POINT('Ctrl Pts',(43.5398497140358,14.0236474312891,0.5));
#11917=CARTESIAN_POINT('Ctrl Pts',(43.6593271747814,13.9726232870342,1.5));
#11918=CARTESIAN_POINT('Ctrl Pts',(43.6593271747814,13.9726232870342,0.5));
#11919=CARTESIAN_POINT('Ctrl Pts',(43.7890482181171,13.9654128988981,1.5));
#11920=CARTESIAN_POINT('Ctrl Pts',(43.7890482181171,13.9654128988981,0.5));
#11921=CARTESIAN_POINT('Ctrl Pts',(43.8540252111852,13.9618012309074,1.5));
#11922=CARTESIAN_POINT('Ctrl Pts',(43.8540252111852,13.9618012309074,0.5));
#11923=CARTESIAN_POINT('',(43.480218257755,14.0491136908531,1.5));
#11924=CARTESIAN_POINT('Ctrl Pts',(43.480218257755,14.0491136908531,1.5));
#11925=CARTESIAN_POINT('Ctrl Pts',(43.5398497140358,14.0236474312891,1.5));
#11926=CARTESIAN_POINT('Ctrl Pts',(43.6593271747814,13.9726232870342,1.5));
#11927=CARTESIAN_POINT('Ctrl Pts',(43.7890482181171,13.9654128988981,1.5));
#11928=CARTESIAN_POINT('Ctrl Pts',(43.8540252111852,13.9618012309074,1.5));
#11929=CARTESIAN_POINT('',(43.480218257755,14.0491136908531,0.5));
#11930=CARTESIAN_POINT('',(43.480218257755,14.0491136908531,1.5));
#11931=CARTESIAN_POINT('Ctrl Pts',(43.480218257755,14.0491136908531,0.5));
#11932=CARTESIAN_POINT('Ctrl Pts',(43.5398497140358,14.0236474312891,0.5));
#11933=CARTESIAN_POINT('Ctrl Pts',(43.6593271747814,13.9726232870342,0.5));
#11934=CARTESIAN_POINT('Ctrl Pts',(43.7890482181171,13.9654128988981,0.5));
#11935=CARTESIAN_POINT('Ctrl Pts',(43.8540252111852,13.9618012309074,0.5));
#11936=CARTESIAN_POINT('Ctrl Pts',(43.212142791599,14.3165078759193,1.5));
#11937=CARTESIAN_POINT('Ctrl Pts',(43.212142791599,14.3165078759193,0.5));
#11938=CARTESIAN_POINT('Ctrl Pts',(43.2461004006095,14.260462536936,1.5));
#11939=CARTESIAN_POINT('Ctrl Pts',(43.2461004006095,14.260462536936,0.5));
#11940=CARTESIAN_POINT('Ctrl Pts',(43.3134863277031,14.14924542723,1.5));
#11941=CARTESIAN_POINT('Ctrl Pts',(43.3134863277031,14.14924542723,0.5));
#11942=CARTESIAN_POINT('Ctrl Pts',(43.4249327375131,14.0823157004298,1.5));
#11943=CARTESIAN_POINT('Ctrl Pts',(43.4249327375131,14.0823157004298,0.5));
#11944=CARTESIAN_POINT('Ctrl Pts',(43.480218257755,14.0491136908531,1.5));
#11945=CARTESIAN_POINT('Ctrl Pts',(43.480218257755,14.0491136908531,0.5));
#11946=CARTESIAN_POINT('',(43.212142791599,14.3165078759193,1.5));
#11947=CARTESIAN_POINT('Ctrl Pts',(43.212142791599,14.3165078759193,1.5));
#11948=CARTESIAN_POINT('Ctrl Pts',(43.2461004006095,14.260462536936,1.5));
#11949=CARTESIAN_POINT('Ctrl Pts',(43.3134863277031,14.14924542723,1.5));
#11950=CARTESIAN_POINT('Ctrl Pts',(43.4249327375131,14.0823157004298,1.5));
#11951=CARTESIAN_POINT('Ctrl Pts',(43.480218257755,14.0491136908531,1.5));
#11952=CARTESIAN_POINT('',(43.212142791599,14.3165078759193,0.5));
#11953=CARTESIAN_POINT('',(43.212142791599,14.3165078759193,1.5));
#11954=CARTESIAN_POINT('Ctrl Pts',(43.212142791599,14.3165078759193,0.5));
#11955=CARTESIAN_POINT('Ctrl Pts',(43.2461004006095,14.260462536936,0.5));
#11956=CARTESIAN_POINT('Ctrl Pts',(43.3134863277031,14.14924542723,0.5));
#11957=CARTESIAN_POINT('Ctrl Pts',(43.4249327375131,14.0823157004298,0.5));
#11958=CARTESIAN_POINT('Ctrl Pts',(43.480218257755,14.0491136908531,0.5));
#11959=CARTESIAN_POINT('Ctrl Pts',(43.120054807514,14.7639843821526,1.5));
#11960=CARTESIAN_POINT('Ctrl Pts',(43.120054807514,14.7639843821526,0.5));
#11961=CARTESIAN_POINT('Ctrl Pts',(43.1226534418011,14.6810389562491,1.5));
#11962=CARTESIAN_POINT('Ctrl Pts',(43.1226534418011,14.6810389562491,0.5));
#11963=CARTESIAN_POINT('Ctrl Pts',(43.1275004131874,14.5263291889049,1.5));
#11964=CARTESIAN_POINT('Ctrl Pts',(43.1275004131874,14.5263291889049,0.5));
#11965=CARTESIAN_POINT('Ctrl Pts',(43.185321604059,14.382995336351,1.5));
#11966=CARTESIAN_POINT('Ctrl Pts',(43.185321604059,14.382995336351,0.5));
#11967=CARTESIAN_POINT('Ctrl Pts',(43.212142791599,14.3165078759193,1.5));
#11968=CARTESIAN_POINT('Ctrl Pts',(43.212142791599,14.3165078759193,0.5));
#11969=CARTESIAN_POINT('',(43.120054807514,14.7639843821526,1.5));
#11970=CARTESIAN_POINT('Ctrl Pts',(43.120054807514,14.7639843821526,1.5));
#11971=CARTESIAN_POINT('Ctrl Pts',(43.1226534418011,14.6810389562491,1.5));
#11972=CARTESIAN_POINT('Ctrl Pts',(43.1275004131874,14.5263291889049,1.5));
#11973=CARTESIAN_POINT('Ctrl Pts',(43.185321604059,14.382995336351,1.5));
#11974=CARTESIAN_POINT('Ctrl Pts',(43.212142791599,14.3165078759193,1.5));
#11975=CARTESIAN_POINT('',(43.120054807514,14.7639843821526,0.5));
#11976=CARTESIAN_POINT('',(43.120054807514,14.7639843821526,1.5));
#11977=CARTESIAN_POINT('Ctrl Pts',(43.120054807514,14.7639843821526,0.5));
#11978=CARTESIAN_POINT('Ctrl Pts',(43.1226534418011,14.6810389562491,0.5));
#11979=CARTESIAN_POINT('Ctrl Pts',(43.1275004131874,14.5263291889049,0.5));
#11980=CARTESIAN_POINT('Ctrl Pts',(43.185321604059,14.382995336351,0.5));
#11981=CARTESIAN_POINT('Ctrl Pts',(43.212142791599,14.3165078759193,0.5));
#11982=CARTESIAN_POINT('Ctrl Pts',(43.1964536570013,15.166440308094,1.5));
#11983=CARTESIAN_POINT('Ctrl Pts',(43.1964536570013,15.166440308094,0.5));
#11984=CARTESIAN_POINT('Ctrl Pts',(43.1741731656496,15.1025894159656,1.5));
#11985=CARTESIAN_POINT('Ctrl Pts',(43.1741731656496,15.1025894159656,0.5));
#11986=CARTESIAN_POINT('Ctrl Pts',(43.1287009523583,14.9722762491739,1.5));
#11987=CARTESIAN_POINT('Ctrl Pts',(43.1287009523583,14.9722762491739,0.5));
#11988=CARTESIAN_POINT('Ctrl Pts',(43.1229751031015,14.8343364096908,1.5));
#11989=CARTESIAN_POINT('Ctrl Pts',(43.1229751031015,14.8343364096908,0.5));
#11990=CARTESIAN_POINT('Ctrl Pts',(43.120054807514,14.7639843821526,1.5));
#11991=CARTESIAN_POINT('Ctrl Pts',(43.120054807514,14.7639843821526,0.5));
#11992=CARTESIAN_POINT('',(43.1964536570013,15.166440308094,1.5));
#11993=CARTESIAN_POINT('Ctrl Pts',(43.1964536570013,15.166440308094,1.5));
#11994=CARTESIAN_POINT('Ctrl Pts',(43.1741731656496,15.1025894159656,1.5));
#11995=CARTESIAN_POINT('Ctrl Pts',(43.1287009523583,14.9722762491739,1.5));
#11996=CARTESIAN_POINT('Ctrl Pts',(43.1229751031015,14.8343364096908,1.5));
#11997=CARTESIAN_POINT('Ctrl Pts',(43.120054807514,14.7639843821526,1.5));
#11998=CARTESIAN_POINT('',(43.1964536570013,15.166440308094,0.5));
#11999=CARTESIAN_POINT('',(43.1964536570013,15.166440308094,1.5));
#12000=CARTESIAN_POINT('Ctrl Pts',(43.1964536570013,15.166440308094,0.5));
#12001=CARTESIAN_POINT('Ctrl Pts',(43.1741731656496,15.1025894159656,0.5));
#12002=CARTESIAN_POINT('Ctrl Pts',(43.1287009523583,14.9722762491739,0.5));
#12003=CARTESIAN_POINT('Ctrl Pts',(43.1229751031015,14.8343364096908,0.5));
#12004=CARTESIAN_POINT('Ctrl Pts',(43.120054807514,14.7639843821526,0.5));
#12005=CARTESIAN_POINT('Ctrl Pts',(43.3226474188268,15.3642573952675,1.5));
#12006=CARTESIAN_POINT('Ctrl Pts',(43.3226474188268,15.3642573952675,0.5));
#12007=CARTESIAN_POINT('Ctrl Pts',(43.297169119275,15.3336786480932,1.5));
#12008=CARTESIAN_POINT('Ctrl Pts',(43.297169119275,15.3336786480932,0.5));
#12009=CARTESIAN_POINT('Ctrl Pts',(43.2466920193582,15.2730966428731,1.5));
#12010=CARTESIAN_POINT('Ctrl Pts',(43.2466920193582,15.2730966428731,0.5));
#12011=CARTESIAN_POINT('Ctrl Pts',(43.2130933895057,15.2017665567489,1.5));
#12012=CARTESIAN_POINT('Ctrl Pts',(43.2130933895057,15.2017665567489,0.5));
#12013=CARTESIAN_POINT('Ctrl Pts',(43.1964536570013,15.166440308094,1.5));
#12014=CARTESIAN_POINT('Ctrl Pts',(43.1964536570013,15.166440308094,0.5));
#12015=CARTESIAN_POINT('',(43.3226474188268,15.3642573952675,1.5));
#12016=CARTESIAN_POINT('Ctrl Pts',(43.3226474188268,15.3642573952675,1.5));
#12017=CARTESIAN_POINT('Ctrl Pts',(43.297169119275,15.3336786480932,1.5));
#12018=CARTESIAN_POINT('Ctrl Pts',(43.2466920193582,15.2730966428731,1.5));
#12019=CARTESIAN_POINT('Ctrl Pts',(43.2130933895057,15.2017665567489,1.5));
#12020=CARTESIAN_POINT('Ctrl Pts',(43.1964536570013,15.166440308094,1.5));
#12021=CARTESIAN_POINT('',(43.3226474188268,15.3642573952675,0.5));
#12022=CARTESIAN_POINT('',(43.3226474188268,15.3642573952675,1.5));
#12023=CARTESIAN_POINT('Ctrl Pts',(43.3226474188268,15.3642573952675,0.5));
#12024=CARTESIAN_POINT('Ctrl Pts',(43.297169119275,15.3336786480932,0.5));
#12025=CARTESIAN_POINT('Ctrl Pts',(43.2466920193582,15.2730966428731,0.5));
#12026=CARTESIAN_POINT('Ctrl Pts',(43.2130933895057,15.2017665567489,0.5));
#12027=CARTESIAN_POINT('Ctrl Pts',(43.1964536570013,15.166440308094,0.5));
#12028=CARTESIAN_POINT('Ctrl Pts',(43.5361536405981,15.5095502734184,1.5));
#12029=CARTESIAN_POINT('Ctrl Pts',(43.5361536405981,15.5095502734184,0.5));
#12030=CARTESIAN_POINT('Ctrl Pts',(43.4948239965278,15.4903890268884,1.5));
#12031=CARTESIAN_POINT('Ctrl Pts',(43.4948239965278,15.4903890268884,0.5));
#12032=CARTESIAN_POINT('Ctrl Pts',(43.4156069881146,15.4536624433012,1.5));
#12033=CARTESIAN_POINT('Ctrl Pts',(43.4156069881146,15.4536624433012,0.5));
#12034=CARTESIAN_POINT('Ctrl Pts',(43.3527230939521,15.3931830583254,1.5));
#12035=CARTESIAN_POINT('Ctrl Pts',(43.3527230939521,15.3931830583254,0.5));
#12036=CARTESIAN_POINT('Ctrl Pts',(43.3226474188268,15.3642573952675,1.5));
#12037=CARTESIAN_POINT('Ctrl Pts',(43.3226474188268,15.3642573952675,0.5));
#12038=CARTESIAN_POINT('',(43.5361536405981,15.5095502734184,1.5));
#12039=CARTESIAN_POINT('Ctrl Pts',(43.5361536405981,15.5095502734184,1.5));
#12040=CARTESIAN_POINT('Ctrl Pts',(43.4948239965278,15.4903890268884,1.5));
#12041=CARTESIAN_POINT('Ctrl Pts',(43.4156069881146,15.4536624433012,1.5));
#12042=CARTESIAN_POINT('Ctrl Pts',(43.3527230939521,15.3931830583254,1.5));
#12043=CARTESIAN_POINT('Ctrl Pts',(43.3226474188268,15.3642573952675,1.5));
#12044=CARTESIAN_POINT('',(43.5361536405981,15.5095502734184,0.5));
#12045=CARTESIAN_POINT('',(43.5361536405981,15.5095502734184,1.5));
#12046=CARTESIAN_POINT('Ctrl Pts',(43.5361536405981,15.5095502734184,0.5));
#12047=CARTESIAN_POINT('Ctrl Pts',(43.4948239965278,15.4903890268884,0.5));
#12048=CARTESIAN_POINT('Ctrl Pts',(43.4156069881146,15.4536624433012,0.5));
#12049=CARTESIAN_POINT('Ctrl Pts',(43.3527230939521,15.3931830583254,0.5));
#12050=CARTESIAN_POINT('Ctrl Pts',(43.3226474188268,15.3642573952675,0.5));
#12051=CARTESIAN_POINT('Ctrl Pts',(43.8499327562749,15.5648031830788,1.5));
#12052=CARTESIAN_POINT('Ctrl Pts',(43.8499327562749,15.5648031830788,0.5));
#12053=CARTESIAN_POINT('Ctrl Pts',(43.7930126834427,15.5631094765432,1.5));
#12054=CARTESIAN_POINT('Ctrl Pts',(43.7930126834427,15.5631094765432,0.5));
#12055=CARTESIAN_POINT('Ctrl Pts',(43.6856451912944,15.5599146629369,1.5));
#12056=CARTESIAN_POINT('Ctrl Pts',(43.6856451912944,15.5599146629369,0.5));
#12057=CARTESIAN_POINT('Ctrl Pts',(43.5839403983398,15.5256498514181,1.5));
#12058=CARTESIAN_POINT('Ctrl Pts',(43.5839403983398,15.5256498514181,0.5));
#12059=CARTESIAN_POINT('Ctrl Pts',(43.5361536405981,15.5095502734184,1.5));
#12060=CARTESIAN_POINT('Ctrl Pts',(43.5361536405981,15.5095502734184,0.5));
#12061=CARTESIAN_POINT('',(43.8499327562749,15.5648031830788,1.5));
#12062=CARTESIAN_POINT('Ctrl Pts',(43.8499327562749,15.5648031830788,1.5));
#12063=CARTESIAN_POINT('Ctrl Pts',(43.7930126834427,15.5631094765432,1.5));
#12064=CARTESIAN_POINT('Ctrl Pts',(43.6856451912944,15.5599146629369,1.5));
#12065=CARTESIAN_POINT('Ctrl Pts',(43.5839403983398,15.5256498514181,1.5));
#12066=CARTESIAN_POINT('Ctrl Pts',(43.5361536405981,15.5095502734184,1.5));
#12067=CARTESIAN_POINT('',(43.8499327562749,15.5648031830788,0.5));
#12068=CARTESIAN_POINT('',(43.8499327562749,15.5648031830788,1.5));
#12069=CARTESIAN_POINT('Ctrl Pts',(43.8499327562749,15.5648031830788,0.5));
#12070=CARTESIAN_POINT('Ctrl Pts',(43.7930126834427,15.5631094765432,0.5));
#12071=CARTESIAN_POINT('Ctrl Pts',(43.6856451912944,15.5599146629369,0.5));
#12072=CARTESIAN_POINT('Ctrl Pts',(43.5839403983398,15.5256498514181,0.5));
#12073=CARTESIAN_POINT('Ctrl Pts',(43.5361536405981,15.5095502734184,0.5));
#12074=CARTESIAN_POINT('Ctrl Pts',(44.1255124472082,15.5122789740562,1.5));
#12075=CARTESIAN_POINT('Ctrl Pts',(44.1255124472082,15.5122789740562,0.5));
#12076=CARTESIAN_POINT('Ctrl Pts',(44.0822796748411,15.5275947985515,1.5));
#12077=CARTESIAN_POINT('Ctrl Pts',(44.0822796748411,15.5275947985515,0.5));
#12078=CARTESIAN_POINT('Ctrl Pts',(43.9931454462218,15.5591718667642,1.5));
#12079=CARTESIAN_POINT('Ctrl Pts',(43.9931454462218,15.5591718667642,0.5));
#12080=CARTESIAN_POINT('Ctrl Pts',(43.8986137477374,15.5628889807722,1.5));
#12081=CARTESIAN_POINT('Ctrl Pts',(43.8986137477374,15.5628889807722,0.5));
#12082=CARTESIAN_POINT('Ctrl Pts',(43.8499327562749,15.5648031830788,1.5));
#12083=CARTESIAN_POINT('Ctrl Pts',(43.8499327562749,15.5648031830788,0.5));
#12084=CARTESIAN_POINT('',(44.1255124472082,15.5122789740562,1.5));
#12085=CARTESIAN_POINT('Ctrl Pts',(44.1255124472082,15.5122789740562,1.5));
#12086=CARTESIAN_POINT('Ctrl Pts',(44.0822796748411,15.5275947985515,1.5));
#12087=CARTESIAN_POINT('Ctrl Pts',(43.9931454462218,15.5591718667642,1.5));
#12088=CARTESIAN_POINT('Ctrl Pts',(43.8986137477374,15.5628889807722,1.5));
#12089=CARTESIAN_POINT('Ctrl Pts',(43.8499327562749,15.5648031830788,1.5));
#12090=CARTESIAN_POINT('',(44.1255124472082,15.5122789740562,0.5));
#12091=CARTESIAN_POINT('',(44.1255124472082,15.5122789740562,1.5));
#12092=CARTESIAN_POINT('Ctrl Pts',(44.1255124472082,15.5122789740562,0.5));
#12093=CARTESIAN_POINT('Ctrl Pts',(44.0822796748411,15.5275947985515,0.5));
#12094=CARTESIAN_POINT('Ctrl Pts',(43.9931454462218,15.5591718667642,0.5));
#12095=CARTESIAN_POINT('Ctrl Pts',(43.8986137477374,15.5628889807722,0.5));
#12096=CARTESIAN_POINT('Ctrl Pts',(43.8499327562749,15.5648031830788,0.5));
#12097=CARTESIAN_POINT('Ctrl Pts',(44.3165083788335,15.372442305088,1.5));
#12098=CARTESIAN_POINT('Ctrl Pts',(44.3165083788335,15.372442305088,0.5));
#12099=CARTESIAN_POINT('Ctrl Pts',(44.2908334861138,15.4005087750477,1.5));
#12100=CARTESIAN_POINT('Ctrl Pts',(44.2908334861138,15.4005087750477,0.5));
#12101=CARTESIAN_POINT('Ctrl Pts',(44.2365909164939,15.4598039575981,1.5));
#12102=CARTESIAN_POINT('Ctrl Pts',(44.2365909164939,15.4598039575981,0.5));
#12103=CARTESIAN_POINT('Ctrl Pts',(44.1638320266621,15.4941762708461,1.5));
#12104=CARTESIAN_POINT('Ctrl Pts',(44.1638320266621,15.4941762708461,0.5));
#12105=CARTESIAN_POINT('Ctrl Pts',(44.1255124472082,15.5122789740562,1.5));
#12106=CARTESIAN_POINT('Ctrl Pts',(44.1255124472082,15.5122789740562,0.5));
#12107=CARTESIAN_POINT('',(44.3165083788335,15.372442305088,1.5));
#12108=CARTESIAN_POINT('Ctrl Pts',(44.3165083788335,15.372442305088,1.5));
#12109=CARTESIAN_POINT('Ctrl Pts',(44.2908334861138,15.4005087750477,1.5));
#12110=CARTESIAN_POINT('Ctrl Pts',(44.2365909164939,15.4598039575981,1.5));
#12111=CARTESIAN_POINT('Ctrl Pts',(44.1638320266621,15.4941762708461,1.5));
#12112=CARTESIAN_POINT('Ctrl Pts',(44.1255124472082,15.5122789740562,1.5));
#12113=CARTESIAN_POINT('',(44.3165083788335,15.372442305088,0.5));
#12114=CARTESIAN_POINT('',(44.3165083788335,15.372442305088,1.5));
#12115=CARTESIAN_POINT('Ctrl Pts',(44.3165083788335,15.372442305088,0.5));
#12116=CARTESIAN_POINT('Ctrl Pts',(44.2908334861138,15.4005087750477,0.5));
#12117=CARTESIAN_POINT('Ctrl Pts',(44.2365909164939,15.4598039575981,0.5));
#12118=CARTESIAN_POINT('Ctrl Pts',(44.1638320266621,15.4941762708461,0.5));
#12119=CARTESIAN_POINT('Ctrl Pts',(44.1255124472082,15.5122789740562,0.5));
#12120=CARTESIAN_POINT('Ctrl Pts',(44.4283767603338,15.1323333382607,1.5));
#12121=CARTESIAN_POINT('Ctrl Pts',(44.4283767603338,15.1323333382607,0.5));
#12122=CARTESIAN_POINT('Ctrl Pts',(44.4137058158824,15.178834902843,1.5));
#12123=CARTESIAN_POINT('Ctrl Pts',(44.4137058158824,15.178834902843,0.5));
#12124=CARTESIAN_POINT('Ctrl Pts',(44.3868822563466,15.2638558427164,1.5));
#12125=CARTESIAN_POINT('Ctrl Pts',(44.3868822563466,15.2638558427164,0.5));
#12126=CARTESIAN_POINT('Ctrl Pts',(44.3384506718818,15.3385854811836,1.5));
#12127=CARTESIAN_POINT('Ctrl Pts',(44.3384506718818,15.3385854811836,0.5));
#12128=CARTESIAN_POINT('Ctrl Pts',(44.3165083788335,15.372442305088,1.5));
#12129=CARTESIAN_POINT('Ctrl Pts',(44.3165083788335,15.372442305088,0.5));
#12130=CARTESIAN_POINT('',(44.4283767603338,15.1323333382607,1.5));
#12131=CARTESIAN_POINT('Ctrl Pts',(44.4283767603338,15.1323333382607,1.5));
#12132=CARTESIAN_POINT('Ctrl Pts',(44.4137058158824,15.178834902843,1.5));
#12133=CARTESIAN_POINT('Ctrl Pts',(44.3868822563466,15.2638558427164,1.5));
#12134=CARTESIAN_POINT('Ctrl Pts',(44.3384506718818,15.3385854811836,1.5));
#12135=CARTESIAN_POINT('Ctrl Pts',(44.3165083788335,15.372442305088,1.5));
#12136=CARTESIAN_POINT('',(44.4283767603338,15.1323333382607,0.5));
#12137=CARTESIAN_POINT('',(44.4283767603338,15.1323333382607,1.5));
#12138=CARTESIAN_POINT('Ctrl Pts',(44.4283767603338,15.1323333382607,0.5));
#12139=CARTESIAN_POINT('Ctrl Pts',(44.4137058158824,15.178834902843,0.5));
#12140=CARTESIAN_POINT('Ctrl Pts',(44.3868822563466,15.2638558427164,0.5));
#12141=CARTESIAN_POINT('Ctrl Pts',(44.3384506718818,15.3385854811836,0.5));
#12142=CARTESIAN_POINT('Ctrl Pts',(44.3165083788335,15.372442305088,0.5));
#12143=CARTESIAN_POINT('Origin',(44.6671219728887,15.1978179812431,1.5));
#12144=CARTESIAN_POINT('',(44.6671219728887,15.1978179812431,1.5));
#12145=CARTESIAN_POINT('',(29.6234780239706,11.0715461175766,1.5));
#12146=CARTESIAN_POINT('',(44.6671219728887,15.1978179812431,0.5));
#12147=CARTESIAN_POINT('',(44.6671219728887,15.1978179812431,1.5));
#12148=CARTESIAN_POINT('',(44.6671219728887,15.1978179812431,0.5));
#12149=CARTESIAN_POINT('Ctrl Pts',(44.5156892202795,15.5252394080162,1.5));
#12150=CARTESIAN_POINT('Ctrl Pts',(44.5156892202795,15.5252394080162,0.5));
#12151=CARTESIAN_POINT('Ctrl Pts',(44.5473895313509,15.4782053618615,1.5));
#12152=CARTESIAN_POINT('Ctrl Pts',(44.5473895313509,15.4782053618615,0.5));
#12153=CARTESIAN_POINT('Ctrl Pts',(44.6153857763754,15.3773187011717,1.5));
#12154=CARTESIAN_POINT('Ctrl Pts',(44.6153857763754,15.3773187011717,0.5));
#12155=CARTESIAN_POINT('Ctrl Pts',(44.649116657533,15.2602881140845,1.5));
#12156=CARTESIAN_POINT('Ctrl Pts',(44.649116657533,15.2602881140845,0.5));
#12157=CARTESIAN_POINT('Ctrl Pts',(44.6671219728887,15.1978179812431,1.5));
#12158=CARTESIAN_POINT('Ctrl Pts',(44.6671219728887,15.1978179812431,0.5));
#12159=CARTESIAN_POINT('',(44.5156892202795,15.5252394080162,1.5));
#12160=CARTESIAN_POINT('Ctrl Pts',(44.5156892202795,15.5252394080162,1.5));
#12161=CARTESIAN_POINT('Ctrl Pts',(44.5473895313509,15.4782053618615,1.5));
#12162=CARTESIAN_POINT('Ctrl Pts',(44.6153857763754,15.3773187011717,1.5));
#12163=CARTESIAN_POINT('Ctrl Pts',(44.649116657533,15.2602881140845,1.5));
#12164=CARTESIAN_POINT('Ctrl Pts',(44.6671219728887,15.1978179812431,1.5));
#12165=CARTESIAN_POINT('',(44.5156892202795,15.5252394080162,0.5));
#12166=CARTESIAN_POINT('',(44.5156892202795,15.5252394080162,1.5));
#12167=CARTESIAN_POINT('Ctrl Pts',(44.5156892202795,15.5252394080162,0.5));
#12168=CARTESIAN_POINT('Ctrl Pts',(44.5473895313509,15.4782053618615,0.5));
#12169=CARTESIAN_POINT('Ctrl Pts',(44.6153857763754,15.3773187011717,0.5));
#12170=CARTESIAN_POINT('Ctrl Pts',(44.649116657533,15.2602881140845,0.5));
#12171=CARTESIAN_POINT('Ctrl Pts',(44.6671219728887,15.1978179812431,0.5));
#12172=CARTESIAN_POINT('Ctrl Pts',(44.2407914064825,15.7210102677345,1.5));
#12173=CARTESIAN_POINT('Ctrl Pts',(44.2407914064825,15.7210102677345,0.5));
#12174=CARTESIAN_POINT('Ctrl Pts',(44.295279698058,15.6962632296327,1.5));
#12175=CARTESIAN_POINT('Ctrl Pts',(44.295279698058,15.6962632296327,0.5));
#12176=CARTESIAN_POINT('Ctrl Pts',(44.3997492320085,15.6488161274682,1.5));
#12177=CARTESIAN_POINT('Ctrl Pts',(44.3997492320085,15.6488161274682,0.5));
#12178=CARTESIAN_POINT('Ctrl Pts',(44.4781703110672,15.5652296114569,1.5));
#12179=CARTESIAN_POINT('Ctrl Pts',(44.4781703110672,15.5652296114569,0.5));
#12180=CARTESIAN_POINT('Ctrl Pts',(44.5156892202795,15.5252394080162,1.5));
#12181=CARTESIAN_POINT('Ctrl Pts',(44.5156892202795,15.5252394080162,0.5));
#12182=CARTESIAN_POINT('',(44.2407914064825,15.7210102677345,1.5));
#12183=CARTESIAN_POINT('Ctrl Pts',(44.2407914064825,15.7210102677345,1.5));
#12184=CARTESIAN_POINT('Ctrl Pts',(44.295279698058,15.6962632296327,1.5));
#12185=CARTESIAN_POINT('Ctrl Pts',(44.3997492320085,15.6488161274682,1.5));
#12186=CARTESIAN_POINT('Ctrl Pts',(44.4781703110672,15.5652296114569,1.5));
#12187=CARTESIAN_POINT('Ctrl Pts',(44.5156892202795,15.5252394080162,1.5));
#12188=CARTESIAN_POINT('',(44.2407914064825,15.7210102677345,0.5));
#12189=CARTESIAN_POINT('',(44.2407914064825,15.7210102677345,1.5));
#12190=CARTESIAN_POINT('Ctrl Pts',(44.2407914064825,15.7210102677345,0.5));
#12191=CARTESIAN_POINT('Ctrl Pts',(44.295279698058,15.6962632296327,0.5));
#12192=CARTESIAN_POINT('Ctrl Pts',(44.3997492320085,15.6488161274682,0.5));
#12193=CARTESIAN_POINT('Ctrl Pts',(44.4781703110672,15.5652296114569,0.5));
#12194=CARTESIAN_POINT('Ctrl Pts',(44.5156892202795,15.5252394080162,0.5));
#12195=CARTESIAN_POINT('Ctrl Pts',(43.8485678099096,15.7912692427635,1.5));
#12196=CARTESIAN_POINT('Ctrl Pts',(43.8485678099096,15.7912692427635,0.5));
#12197=CARTESIAN_POINT('Ctrl Pts',(43.9180208987373,15.7887806653876,1.5));
#12198=CARTESIAN_POINT('Ctrl Pts',(43.9180208987373,15.7887806653876,0.5));
#12199=CARTESIAN_POINT('Ctrl Pts',(44.0521619133115,15.7839742514513,1.5));
#12200=CARTESIAN_POINT('Ctrl Pts',(44.0521619133115,15.7839742514513,0.5));
#12201=CARTESIAN_POINT('Ctrl Pts',(44.1794218159783,15.7414952609996,1.5));
#12202=CARTESIAN_POINT('Ctrl Pts',(44.1794218159783,15.7414952609996,0.5));
#12203=CARTESIAN_POINT('Ctrl Pts',(44.2407914064825,15.7210102677345,1.5));
#12204=CARTESIAN_POINT('Ctrl Pts',(44.2407914064825,15.7210102677345,0.5));
#12205=CARTESIAN_POINT('',(43.8485678099096,15.7912692427635,1.5));
#12206=CARTESIAN_POINT('Ctrl Pts',(43.8485678099096,15.7912692427635,1.5));
#12207=CARTESIAN_POINT('Ctrl Pts',(43.9180208987373,15.7887806653876,1.5));
#12208=CARTESIAN_POINT('Ctrl Pts',(44.0521619133115,15.7839742514513,1.5));
#12209=CARTESIAN_POINT('Ctrl Pts',(44.1794218159783,15.7414952609996,1.5));
#12210=CARTESIAN_POINT('Ctrl Pts',(44.2407914064825,15.7210102677345,1.5));
#12211=CARTESIAN_POINT('',(43.8485678099096,15.7912692427635,0.5));
#12212=CARTESIAN_POINT('',(43.8485678099096,15.7912692427635,1.5));
#12213=CARTESIAN_POINT('Ctrl Pts',(43.8485678099096,15.7912692427635,0.5));
#12214=CARTESIAN_POINT('Ctrl Pts',(43.9180208987373,15.7887806653876,0.5));
#12215=CARTESIAN_POINT('Ctrl Pts',(44.0521619133115,15.7839742514513,0.5));
#12216=CARTESIAN_POINT('Ctrl Pts',(44.1794218159783,15.7414952609996,0.5));
#12217=CARTESIAN_POINT('Ctrl Pts',(44.2407914064825,15.7210102677345,0.5));
#12218=CARTESIAN_POINT('Ctrl Pts',(43.3206005953252,15.6684866547585,1.5));
#12219=CARTESIAN_POINT('Ctrl Pts',(43.3206005953252,15.6684866547585,0.5));
#12220=CARTESIAN_POINT('Ctrl Pts',(43.4015862403719,15.7042851693051,1.5));
#12221=CARTESIAN_POINT('Ctrl Pts',(43.4015862403719,15.7042851693051,0.5));
#12222=CARTESIAN_POINT('Ctrl Pts',(43.5696562460043,15.7785780459997,1.5));
#12223=CARTESIAN_POINT('Ctrl Pts',(43.5696562460043,15.7785780459997,0.5));
#12224=CARTESIAN_POINT('Ctrl Pts',(43.7533751014223,15.786937728584,1.5));
#12225=CARTESIAN_POINT('Ctrl Pts',(43.7533751014223,15.786937728584,0.5));
#12226=CARTESIAN_POINT('Ctrl Pts',(43.8485678099096,15.7912692427635,1.5));
#12227=CARTESIAN_POINT('Ctrl Pts',(43.8485678099096,15.7912692427635,0.5));
#12228=CARTESIAN_POINT('',(43.3206005953252,15.6684866547585,1.5));
#12229=CARTESIAN_POINT('Ctrl Pts',(43.3206005953252,15.6684866547585,1.5));
#12230=CARTESIAN_POINT('Ctrl Pts',(43.4015862403719,15.7042851693051,1.5));
#12231=CARTESIAN_POINT('Ctrl Pts',(43.5696562460043,15.7785780459997,1.5));
#12232=CARTESIAN_POINT('Ctrl Pts',(43.7533751014223,15.786937728584,1.5));
#12233=CARTESIAN_POINT('Ctrl Pts',(43.8485678099096,15.7912692427635,1.5));
#12234=CARTESIAN_POINT('',(43.3206005953252,15.6684866547585,0.5));
#12235=CARTESIAN_POINT('',(43.3206005953252,15.6684866547585,1.5));
#12236=CARTESIAN_POINT('Ctrl Pts',(43.3206005953252,15.6684866547585,0.5));
#12237=CARTESIAN_POINT('Ctrl Pts',(43.4015862403719,15.7042851693051,0.5));
#12238=CARTESIAN_POINT('Ctrl Pts',(43.5696562460043,15.7785780459997,0.5));
#12239=CARTESIAN_POINT('Ctrl Pts',(43.7533751014223,15.786937728584,0.5));
#12240=CARTESIAN_POINT('Ctrl Pts',(43.8485678099096,15.7912692427635,0.5));
#12241=CARTESIAN_POINT('Ctrl Pts',(42.9693051241338,15.2926334738731,1.5));
#12242=CARTESIAN_POINT('Ctrl Pts',(42.9693051241338,15.2926334738731,0.5));
#12243=CARTESIAN_POINT('Ctrl Pts',(43.0136399024718,15.371111132586,1.5));
#12244=CARTESIAN_POINT('Ctrl Pts',(43.0136399024718,15.371111132586,0.5));
#12245=CARTESIAN_POINT('Ctrl Pts',(43.1004954506943,15.5248554463335,1.5));
#12246=CARTESIAN_POINT('Ctrl Pts',(43.1004954506943,15.5248554463335,0.5));
#12247=CARTESIAN_POINT('Ctrl Pts',(43.2482609249576,15.621280878222,1.5));
#12248=CARTESIAN_POINT('Ctrl Pts',(43.2482609249576,15.621280878222,0.5));
#12249=CARTESIAN_POINT('Ctrl Pts',(43.3206005953252,15.6684866547585,1.5));
#12250=CARTESIAN_POINT('Ctrl Pts',(43.3206005953252,15.6684866547585,0.5));
#12251=CARTESIAN_POINT('',(42.9693051241338,15.2926334738731,1.5));
#12252=CARTESIAN_POINT('Ctrl Pts',(42.9693051241338,15.2926334738731,1.5));
#12253=CARTESIAN_POINT('Ctrl Pts',(43.0136399024718,15.371111132586,1.5));
#12254=CARTESIAN_POINT('Ctrl Pts',(43.1004954506943,15.5248554463335,1.5));
#12255=CARTESIAN_POINT('Ctrl Pts',(43.2482609249576,15.621280878222,1.5));
#12256=CARTESIAN_POINT('Ctrl Pts',(43.3206005953252,15.6684866547585,1.5));
#12257=CARTESIAN_POINT('',(42.9693051241338,15.2926334738731,0.5));
#12258=CARTESIAN_POINT('',(42.9693051241338,15.2926334738731,1.5));
#12259=CARTESIAN_POINT('Ctrl Pts',(42.9693051241338,15.2926334738731,0.5));
#12260=CARTESIAN_POINT('Ctrl Pts',(43.0136399024718,15.371111132586,0.5));
#12261=CARTESIAN_POINT('Ctrl Pts',(43.1004954506943,15.5248554463335,0.5));
#12262=CARTESIAN_POINT('Ctrl Pts',(43.2482609249576,15.621280878222,0.5));
#12263=CARTESIAN_POINT('Ctrl Pts',(43.3206005953252,15.6684866547585,0.5));
#12264=CARTESIAN_POINT('Ctrl Pts',(42.8472038172185,14.7476133704185,1.5));
#12265=CARTESIAN_POINT('Ctrl Pts',(42.8472038172185,14.7476133704185,0.5));
#12266=CARTESIAN_POINT('Ctrl Pts',(42.8520863446055,14.8428822244509,1.5));
#12267=CARTESIAN_POINT('Ctrl Pts',(42.8520863446055,14.8428822244509,0.5));
#12268=CARTESIAN_POINT('Ctrl Pts',(42.8617552902311,15.0315446315331,1.5));
#12269=CARTESIAN_POINT('Ctrl Pts',(42.8617552902311,15.0315446315331,0.5));
#12270=CARTESIAN_POINT('Ctrl Pts',(42.9336935344571,15.2061824921729,1.5));
#12271=CARTESIAN_POINT('Ctrl Pts',(42.9336935344571,15.2061824921729,0.5));
#12272=CARTESIAN_POINT('Ctrl Pts',(42.9693051241338,15.2926334738731,1.5));
#12273=CARTESIAN_POINT('Ctrl Pts',(42.9693051241338,15.2926334738731,0.5));
#12274=CARTESIAN_POINT('',(42.8472038172185,14.7476133704185,1.5));
#12275=CARTESIAN_POINT('Ctrl Pts',(42.8472038172185,14.7476133704185,1.5));
#12276=CARTESIAN_POINT('Ctrl Pts',(42.8520863446055,14.8428822244509,1.5));
#12277=CARTESIAN_POINT('Ctrl Pts',(42.8617552902311,15.0315446315331,1.5));
#12278=CARTESIAN_POINT('Ctrl Pts',(42.9336935344571,15.2061824921729,1.5));
#12279=CARTESIAN_POINT('Ctrl Pts',(42.9693051241338,15.2926334738731,1.5));
#12280=CARTESIAN_POINT('',(42.8472038172185,14.7476133704185,0.5));
#12281=CARTESIAN_POINT('',(42.8472038172185,14.7476133704185,1.5));
#12282=CARTESIAN_POINT('Ctrl Pts',(42.8472038172185,14.7476133704185,0.5));
#12283=CARTESIAN_POINT('Ctrl Pts',(42.8520863446055,14.8428822244509,0.5));
#12284=CARTESIAN_POINT('Ctrl Pts',(42.8617552902311,15.0315446315331,0.5));
#12285=CARTESIAN_POINT('Ctrl Pts',(42.9336935344571,15.2061824921729,0.5));
#12286=CARTESIAN_POINT('Ctrl Pts',(42.9693051241338,15.2926334738731,0.5));
#12287=CARTESIAN_POINT('Ctrl Pts',(42.9699870012701,14.2141887545586,1.5));
#12288=CARTESIAN_POINT('Ctrl Pts',(42.9699870012701,14.2141887545586,0.5));
#12289=CARTESIAN_POINT('Ctrl Pts',(42.9341808335313,14.2972397234582,1.5));
#12290=CARTESIAN_POINT('Ctrl Pts',(42.9341808335313,14.2972397234582,0.5));
#12291=CARTESIAN_POINT('Ctrl Pts',(42.8607866932994,14.4674744858685,1.5));
#12292=CARTESIAN_POINT('Ctrl Pts',(42.8607866932994,14.4674744858685,0.5));
#12293=CARTESIAN_POINT('Ctrl Pts',(42.851804133071,14.6527345432978,1.5));
#12294=CARTESIAN_POINT('Ctrl Pts',(42.851804133071,14.6527345432978,0.5));
#12295=CARTESIAN_POINT('Ctrl Pts',(42.8472038172185,14.7476133704185,1.5));
#12296=CARTESIAN_POINT('Ctrl Pts',(42.8472038172185,14.7476133704185,0.5));
#12297=CARTESIAN_POINT('',(42.9699870012701,14.2141887545586,1.5));
#12298=CARTESIAN_POINT('Ctrl Pts',(42.9699870012701,14.2141887545586,1.5));
#12299=CARTESIAN_POINT('Ctrl Pts',(42.9341808335313,14.2972397234582,1.5));
#12300=CARTESIAN_POINT('Ctrl Pts',(42.8607866932994,14.4674744858685,1.5));
#12301=CARTESIAN_POINT('Ctrl Pts',(42.851804133071,14.6527345432978,1.5));
#12302=CARTESIAN_POINT('Ctrl Pts',(42.8472038172185,14.7476133704185,1.5));
#12303=CARTESIAN_POINT('',(42.9699870012701,14.2141887545586,0.5));
#12304=CARTESIAN_POINT('',(42.9699870012701,14.2141887545586,1.5));
#12305=CARTESIAN_POINT('Ctrl Pts',(42.9699870012701,14.2141887545586,0.5));
#12306=CARTESIAN_POINT('Ctrl Pts',(42.9341808335313,14.2972397234582,0.5));
#12307=CARTESIAN_POINT('Ctrl Pts',(42.8607866932994,14.4674744858685,0.5));
#12308=CARTESIAN_POINT('Ctrl Pts',(42.851804133071,14.6527345432978,0.5));
#12309=CARTESIAN_POINT('Ctrl Pts',(42.8472038172185,14.7476133704185,0.5));
#12310=CARTESIAN_POINT('Ctrl Pts',(43.3335610292852,13.8492503762245,1.5));
#12311=CARTESIAN_POINT('Ctrl Pts',(43.3335610292852,13.8492503762245,0.5));
#12312=CARTESIAN_POINT('Ctrl Pts',(43.2582838204751,13.8958698483189,1.5));
#12313=CARTESIAN_POINT('Ctrl Pts',(43.2582838204751,13.8958698483189,0.5));
#12314=CARTESIAN_POINT('Ctrl Pts',(43.108234192827,13.9887961740885,1.5));
#12315=CARTESIAN_POINT('Ctrl Pts',(43.108234192827,13.9887961740885,0.5));
#12316=CARTESIAN_POINT('Ctrl Pts',(43.0159659302579,14.13922658473,1.5));
#12317=CARTESIAN_POINT('Ctrl Pts',(43.0159659302579,14.13922658473,0.5));
#12318=CARTESIAN_POINT('Ctrl Pts',(42.9699870012701,14.2141887545586,1.5));
#12319=CARTESIAN_POINT('Ctrl Pts',(42.9699870012701,14.2141887545586,0.5));
#12320=CARTESIAN_POINT('',(43.3335610292852,13.8492503762245,1.5));
#12321=CARTESIAN_POINT('Ctrl Pts',(43.3335610292852,13.8492503762245,1.5));
#12322=CARTESIAN_POINT('Ctrl Pts',(43.2582838204751,13.8958698483189,1.5));
#12323=CARTESIAN_POINT('Ctrl Pts',(43.108234192827,13.9887961740885,1.5));
#12324=CARTESIAN_POINT('Ctrl Pts',(43.0159659302579,14.13922658473,1.5));
#12325=CARTESIAN_POINT('Ctrl Pts',(42.9699870012701,14.2141887545586,1.5));
#12326=CARTESIAN_POINT('',(43.3335610292852,13.8492503762245,0.5));
#12327=CARTESIAN_POINT('',(43.3335610292852,13.8492503762245,1.5));
#12328=CARTESIAN_POINT('Ctrl Pts',(43.3335610292852,13.8492503762245,0.5));
#12329=CARTESIAN_POINT('Ctrl Pts',(43.2582838204751,13.8958698483189,0.5));
#12330=CARTESIAN_POINT('Ctrl Pts',(43.108234192827,13.9887961740885,0.5));
#12331=CARTESIAN_POINT('Ctrl Pts',(43.0159659302579,14.13922658473,0.5));
#12332=CARTESIAN_POINT('Ctrl Pts',(42.9699870012701,14.2141887545586,0.5));
#12333=CARTESIAN_POINT('Ctrl Pts',(43.8690312765539,13.723056614399,1.5));
#12334=CARTESIAN_POINT('Ctrl Pts',(43.8690312765539,13.723056614399,0.5));
#12335=CARTESIAN_POINT('Ctrl Pts',(43.7739333955847,13.7278580135716,1.5));
#12336=CARTESIAN_POINT('Ctrl Pts',(43.7739333955847,13.7278580135716,0.5));
#12337=CARTESIAN_POINT('Ctrl Pts',(43.587657215839,13.7372629160384,1.5));
#12338=CARTESIAN_POINT('Ctrl Pts',(43.587657215839,13.7372629160384,0.5));
#12339=CARTESIAN_POINT('Ctrl Pts',(43.4170632244524,13.8124485694616,1.5));
#12340=CARTESIAN_POINT('Ctrl Pts',(43.4170632244524,13.8124485694616,0.5));
#12341=CARTESIAN_POINT('Ctrl Pts',(43.3335610292852,13.8492503762245,1.5));
#12342=CARTESIAN_POINT('Ctrl Pts',(43.3335610292852,13.8492503762245,0.5));
#12343=CARTESIAN_POINT('',(43.8690312765539,13.723056614399,1.5));
#12344=CARTESIAN_POINT('Ctrl Pts',(43.8690312765539,13.723056614399,1.5));
#12345=CARTESIAN_POINT('Ctrl Pts',(43.7739333955847,13.7278580135716,1.5));
#12346=CARTESIAN_POINT('Ctrl Pts',(43.587657215839,13.7372629160384,1.5));
#12347=CARTESIAN_POINT('Ctrl Pts',(43.4170632244524,13.8124485694616,1.5));
#12348=CARTESIAN_POINT('Ctrl Pts',(43.3335610292852,13.8492503762245,1.5));
#12349=CARTESIAN_POINT('',(43.8690312765539,13.723056614399,0.5));
#12350=CARTESIAN_POINT('',(43.8690312765539,13.723056614399,1.5));
#12351=CARTESIAN_POINT('Ctrl Pts',(43.8690312765539,13.723056614399,0.5));
#12352=CARTESIAN_POINT('Ctrl Pts',(43.7739333955847,13.7278580135716,0.5));
#12353=CARTESIAN_POINT('Ctrl Pts',(43.587657215839,13.7372629160384,0.5));
#12354=CARTESIAN_POINT('Ctrl Pts',(43.4170632244524,13.8124485694616,0.5));
#12355=CARTESIAN_POINT('Ctrl Pts',(43.3335610292852,13.8492503762245,0.5));
#12356=CARTESIAN_POINT('Ctrl Pts',(44.2946799658239,13.801501095295,1.5));
#12357=CARTESIAN_POINT('Ctrl Pts',(44.2946799658239,13.801501095295,0.5));
#12358=CARTESIAN_POINT('Ctrl Pts',(44.2252492010502,13.7786215595596,1.5));
#12359=CARTESIAN_POINT('Ctrl Pts',(44.2252492010502,13.7786215595596,0.5));
#12360=CARTESIAN_POINT('Ctrl Pts',(44.0869396288655,13.7330443747245,1.5));
#12361=CARTESIAN_POINT('Ctrl Pts',(44.0869396288655,13.7330443747245,0.5));
#12362=CARTESIAN_POINT('Ctrl Pts',(43.9414738887381,13.7263769985888,1.5));
#12363=CARTESIAN_POINT('Ctrl Pts',(43.9414738887381,13.7263769985888,0.5));
#12364=CARTESIAN_POINT('Ctrl Pts',(43.8690312765539,13.723056614399,1.5));
#12365=CARTESIAN_POINT('Ctrl Pts',(43.8690312765539,13.723056614399,0.5));
#12366=CARTESIAN_POINT('',(44.2946799658239,13.801501095295,1.5));
#12367=CARTESIAN_POINT('Ctrl Pts',(44.2946799658239,13.801501095295,1.5));
#12368=CARTESIAN_POINT('Ctrl Pts',(44.2252492010502,13.7786215595596,1.5));
#12369=CARTESIAN_POINT('Ctrl Pts',(44.0869396288655,13.7330443747245,1.5));
#12370=CARTESIAN_POINT('Ctrl Pts',(43.9414738887381,13.7263769985888,1.5));
#12371=CARTESIAN_POINT('Ctrl Pts',(43.8690312765539,13.723056614399,1.5));
#12372=CARTESIAN_POINT('',(44.2946799658239,13.801501095295,0.5));
#12373=CARTESIAN_POINT('',(44.2946799658239,13.801501095295,1.5));
#12374=CARTESIAN_POINT('Ctrl Pts',(44.2946799658239,13.801501095295,0.5));
#12375=CARTESIAN_POINT('Ctrl Pts',(44.2252492010502,13.7786215595596,0.5));
#12376=CARTESIAN_POINT('Ctrl Pts',(44.0869396288655,13.7330443747245,0.5));
#12377=CARTESIAN_POINT('Ctrl Pts',(43.9414738887381,13.7263769985888,0.5));
#12378=CARTESIAN_POINT('Ctrl Pts',(43.8690312765539,13.723056614399,0.5));
#12379=CARTESIAN_POINT('Ctrl Pts',(44.6971352957189,14.0354713797569,1.5));
#12380=CARTESIAN_POINT('Ctrl Pts',(44.6971352957189,14.0354713797569,0.5));
#12381=CARTESIAN_POINT('Ctrl Pts',(44.6326952237703,13.987263914925,1.5));
#12382=CARTESIAN_POINT('Ctrl Pts',(44.6326952237703,13.987263914925,0.5));
#12383=CARTESIAN_POINT('Ctrl Pts',(44.5075719271556,13.8936594737936,1.5));
#12384=CARTESIAN_POINT('Ctrl Pts',(44.5075719271556,13.8936594737936,0.5));
#12385=CARTESIAN_POINT('Ctrl Pts',(44.3642091224436,13.8315994338718,1.5));
#12386=CARTESIAN_POINT('Ctrl Pts',(44.3642091224436,13.8315994338718,0.5));
#12387=CARTESIAN_POINT('Ctrl Pts',(44.2946799658239,13.801501095295,1.5));
#12388=CARTESIAN_POINT('Ctrl Pts',(44.2946799658239,13.801501095295,0.5));
#12389=CARTESIAN_POINT('',(44.6971352957189,14.0354713797569,1.5));
#12390=CARTESIAN_POINT('Ctrl Pts',(44.6971352957189,14.0354713797569,1.5));
#12391=CARTESIAN_POINT('Ctrl Pts',(44.6326952237703,13.987263914925,1.5));
#12392=CARTESIAN_POINT('Ctrl Pts',(44.5075719271556,13.8936594737936,1.5));
#12393=CARTESIAN_POINT('Ctrl Pts',(44.3642091224436,13.8315994338718,1.5));
#12394=CARTESIAN_POINT('Ctrl Pts',(44.2946799658239,13.801501095295,1.5));
#12395=CARTESIAN_POINT('',(44.6971352957189,14.0354713797569,0.5));
#12396=CARTESIAN_POINT('',(44.6971352957189,14.0354713797569,1.5));
#12397=CARTESIAN_POINT('Ctrl Pts',(44.6971352957189,14.0354713797569,0.5));
#12398=CARTESIAN_POINT('Ctrl Pts',(44.6326952237703,13.987263914925,0.5));
#12399=CARTESIAN_POINT('Ctrl Pts',(44.5075719271556,13.8936594737936,0.5));
#12400=CARTESIAN_POINT('Ctrl Pts',(44.3642091224436,13.8315994338718,0.5));
#12401=CARTESIAN_POINT('Ctrl Pts',(44.2946799658239,13.801501095295,0.5));
#12402=CARTESIAN_POINT('Origin',(44.6971352957189,14.7776266932487,1.5));
#12403=CARTESIAN_POINT('',(44.6971352957189,14.7776266932487,1.5));
#12404=CARTESIAN_POINT('',(44.6971352957189,2.75831334662437,1.5));
#12405=CARTESIAN_POINT('',(44.6971352957189,14.7776266932487,0.5));
#12406=CARTESIAN_POINT('',(44.6971352957189,14.7776266932487,1.5));
#12407=CARTESIAN_POINT('',(44.6971352957189,14.7776266932487,0.5));
#12408=CARTESIAN_POINT('Origin',(43.8499327562749,14.7762623429298,1.5));
#12409=CARTESIAN_POINT('',(43.8499327562749,14.7762623429298,1.5));
#12410=CARTESIAN_POINT('',(31.4181435979289,14.7562419644334,1.5));
#12411=CARTESIAN_POINT('',(43.8499327562749,14.7762623429298,0.5));
#12412=CARTESIAN_POINT('',(43.8499327562749,14.7762623429298,1.5));
#12413=CARTESIAN_POINT('',(43.8499327562749,14.7762623429298,0.5));
#12414=CARTESIAN_POINT('Origin',(43.8499327562749,14.5416107773781,1.5));
#12415=CARTESIAN_POINT('',(43.8499327562749,14.5416107773781,1.5));
#12416=CARTESIAN_POINT('',(43.8499327562749,2.64030538868904,1.5));
#12417=CARTESIAN_POINT('',(43.8499327562749,14.5416107773781,0.5));
#12418=CARTESIAN_POINT('',(43.8499327562749,14.5416107773781,1.5));
#12419=CARTESIAN_POINT('',(43.8499327562749,14.5416107773781,0.5));
#12420=CARTESIAN_POINT('Origin',(44.4379266165197,14.5416107773781,1.5));
#12421=CARTESIAN_POINT('',(31.7314633082598,14.5416107773781,1.5));
#12422=CARTESIAN_POINT('',(44.4379266165197,14.5416107773781,0.5));
#12423=CARTESIAN_POINT('Origin',(37.3485678713769,17.8785816580057,0.5));
#12424=CARTESIAN_POINT('Ctrl Pts',(30.9590726904571,15.5648031830788,1.5));
#12425=CARTESIAN_POINT('Ctrl Pts',(30.9590726904571,15.5648031830788,0.5));
#12426=CARTESIAN_POINT('Ctrl Pts',(30.8687026667715,15.5567981693913,1.5));
#12427=CARTESIAN_POINT('Ctrl Pts',(30.8687026667715,15.5567981693913,0.5));
#12428=CARTESIAN_POINT('Ctrl Pts',(30.6881778867239,15.540807210484,1.5));
#12429=CARTESIAN_POINT('Ctrl Pts',(30.6881778867239,15.540807210484,0.5));
#12430=CARTESIAN_POINT('Ctrl Pts',(30.5462987718466,15.4280645420164,1.5));
#12431=CARTESIAN_POINT('Ctrl Pts',(30.5462987718466,15.4280645420164,0.5));
#12432=CARTESIAN_POINT('Ctrl Pts',(30.4754438064992,15.3717604279518,1.5));
#12433=CARTESIAN_POINT('Ctrl Pts',(30.4754438064992,15.3717604279518,0.5));
#12434=CARTESIAN_POINT('',(30.9590726904571,15.5648031830788,1.5));
#12435=CARTESIAN_POINT('',(30.4754438064992,15.3717604279518,1.5));
#12436=CARTESIAN_POINT('Ctrl Pts',(30.9590726904571,15.5648031830788,1.5));
#12437=CARTESIAN_POINT('Ctrl Pts',(30.8687026667715,15.5567981693913,1.5));
#12438=CARTESIAN_POINT('Ctrl Pts',(30.6881778867239,15.540807210484,1.5));
#12439=CARTESIAN_POINT('Ctrl Pts',(30.5462987718466,15.4280645420164,1.5));
#12440=CARTESIAN_POINT('Ctrl Pts',(30.4754438064992,15.3717604279518,1.5));
#12441=CARTESIAN_POINT('',(30.9590726904571,15.5648031830788,0.5));
#12442=CARTESIAN_POINT('',(30.9590726904571,15.5648031830788,1.5));
#12443=CARTESIAN_POINT('',(30.4754438064992,15.3717604279518,0.5));
#12444=CARTESIAN_POINT('Ctrl Pts',(30.9590726904571,15.5648031830788,0.5));
#12445=CARTESIAN_POINT('Ctrl Pts',(30.8687026667715,15.5567981693913,0.5));
#12446=CARTESIAN_POINT('Ctrl Pts',(30.6881778867239,15.540807210484,0.5));
#12447=CARTESIAN_POINT('Ctrl Pts',(30.5462987718466,15.4280645420164,0.5));
#12448=CARTESIAN_POINT('Ctrl Pts',(30.4754438064992,15.3717604279518,0.5));
#12449=CARTESIAN_POINT('',(30.4754438064992,15.3717604279518,1.5));
#12450=CARTESIAN_POINT('Ctrl Pts',(31.3158257864416,15.4645302891731,1.5));
#12451=CARTESIAN_POINT('Ctrl Pts',(31.3158257864416,15.4645302891731,0.5));
#12452=CARTESIAN_POINT('Ctrl Pts',(31.2607898582012,15.4937751702609,1.5));
#12453=CARTESIAN_POINT('Ctrl Pts',(31.2607898582012,15.4937751702609,0.5));
#12454=CARTESIAN_POINT('Ctrl Pts',(31.1491991104665,15.5530720378223,1.5));
#12455=CARTESIAN_POINT('Ctrl Pts',(31.1491991104665,15.5530720378223,0.5));
#12456=CARTESIAN_POINT('Ctrl Pts',(31.0230206466353,15.560857478096,1.5));
#12457=CARTESIAN_POINT('Ctrl Pts',(31.0230206466353,15.560857478096,0.5));
#12458=CARTESIAN_POINT('Ctrl Pts',(30.9590726904571,15.5648031830788,1.5));
#12459=CARTESIAN_POINT('Ctrl Pts',(30.9590726904571,15.5648031830788,0.5));
#12460=CARTESIAN_POINT('',(31.3158257864416,15.4645302891731,1.5));
#12461=CARTESIAN_POINT('Ctrl Pts',(31.3158257864416,15.4645302891731,1.5));
#12462=CARTESIAN_POINT('Ctrl Pts',(31.2607898582012,15.4937751702609,1.5));
#12463=CARTESIAN_POINT('Ctrl Pts',(31.1491991104665,15.5530720378223,1.5));
#12464=CARTESIAN_POINT('Ctrl Pts',(31.0230206466353,15.560857478096,1.5));
#12465=CARTESIAN_POINT('Ctrl Pts',(30.9590726904571,15.5648031830788,1.5));
#12466=CARTESIAN_POINT('',(31.3158257864416,15.4645302891731,0.5));
#12467=CARTESIAN_POINT('',(31.3158257864416,15.4645302891731,1.5));
#12468=CARTESIAN_POINT('Ctrl Pts',(31.3158257864416,15.4645302891731,0.5));
#12469=CARTESIAN_POINT('Ctrl Pts',(31.2607898582012,15.4937751702609,0.5));
#12470=CARTESIAN_POINT('Ctrl Pts',(31.1491991104665,15.5530720378223,0.5));
#12471=CARTESIAN_POINT('Ctrl Pts',(31.0230206466353,15.560857478096,0.5));
#12472=CARTESIAN_POINT('Ctrl Pts',(30.9590726904571,15.5648031830788,0.5));
#12473=CARTESIAN_POINT('Ctrl Pts',(31.5572992525995,15.1821288466454,1.5));
#12474=CARTESIAN_POINT('Ctrl Pts',(31.5572992525995,15.1821288466454,0.5));
#12475=CARTESIAN_POINT('Ctrl Pts',(31.5270544946736,15.2391403861702,1.5));
#12476=CARTESIAN_POINT('Ctrl Pts',(31.5270544946736,15.2391403861702,0.5));
#12477=CARTESIAN_POINT('Ctrl Pts',(31.4675489900467,15.3513085985028,1.5));
#12478=CARTESIAN_POINT('Ctrl Pts',(31.4675489900467,15.3513085985028,0.5));
#12479=CARTESIAN_POINT('Ctrl Pts',(31.3658395491378,15.4272080956345,1.5));
#12480=CARTESIAN_POINT('Ctrl Pts',(31.3658395491378,15.4272080956345,0.5));
#12481=CARTESIAN_POINT('Ctrl Pts',(31.3158257864416,15.4645302891731,1.5));
#12482=CARTESIAN_POINT('Ctrl Pts',(31.3158257864416,15.4645302891731,0.5));
#12483=CARTESIAN_POINT('',(31.5572992525995,15.1821288466454,1.5));
#12484=CARTESIAN_POINT('Ctrl Pts',(31.5572992525995,15.1821288466454,1.5));
#12485=CARTESIAN_POINT('Ctrl Pts',(31.5270544946736,15.2391403861702,1.5));
#12486=CARTESIAN_POINT('Ctrl Pts',(31.4675489900467,15.3513085985028,1.5));
#12487=CARTESIAN_POINT('Ctrl Pts',(31.3658395491378,15.4272080956345,1.5));
#12488=CARTESIAN_POINT('Ctrl Pts',(31.3158257864416,15.4645302891731,1.5));
#12489=CARTESIAN_POINT('',(31.5572992525995,15.1821288466454,0.5));
#12490=CARTESIAN_POINT('',(31.5572992525995,15.1821288466454,1.5));
#12491=CARTESIAN_POINT('Ctrl Pts',(31.5572992525995,15.1821288466454,0.5));
#12492=CARTESIAN_POINT('Ctrl Pts',(31.5270544946736,15.2391403861702,0.5));
#12493=CARTESIAN_POINT('Ctrl Pts',(31.4675489900467,15.3513085985028,0.5));
#12494=CARTESIAN_POINT('Ctrl Pts',(31.3658395491378,15.4272080956345,0.5));
#12495=CARTESIAN_POINT('Ctrl Pts',(31.3158257864416,15.4645302891731,0.5));
#12496=CARTESIAN_POINT('Ctrl Pts',(31.6398367844522,14.7557988762856,1.5));
#12497=CARTESIAN_POINT('Ctrl Pts',(31.6398367844522,14.7557988762856,0.5));
#12498=CARTESIAN_POINT('Ctrl Pts',(31.6371641259929,14.8328649553672,1.5));
#12499=CARTESIAN_POINT('Ctrl Pts',(31.6371641259929,14.8328649553672,0.5));
#12500=CARTESIAN_POINT('Ctrl Pts',(31.632080688168,14.9794458325672,1.5));
#12501=CARTESIAN_POINT('Ctrl Pts',(31.632080688168,14.9794458325672,0.5));
#12502=CARTESIAN_POINT('Ctrl Pts',(31.5813553397418,15.116928704232,1.5));
#12503=CARTESIAN_POINT('Ctrl Pts',(31.5813553397418,15.116928704232,0.5));
#12504=CARTESIAN_POINT('Ctrl Pts',(31.5572992525995,15.1821288466454,1.5));
#12505=CARTESIAN_POINT('Ctrl Pts',(31.5572992525995,15.1821288466454,0.5));
#12506=CARTESIAN_POINT('',(31.6398367844522,14.7557988762856,1.5));
#12507=CARTESIAN_POINT('Ctrl Pts',(31.6398367844522,14.7557988762856,1.5));
#12508=CARTESIAN_POINT('Ctrl Pts',(31.6371641259929,14.8328649553672,1.5));
#12509=CARTESIAN_POINT('Ctrl Pts',(31.632080688168,14.9794458325672,1.5));
#12510=CARTESIAN_POINT('Ctrl Pts',(31.5813553397418,15.116928704232,1.5));
#12511=CARTESIAN_POINT('Ctrl Pts',(31.5572992525995,15.1821288466454,1.5));
#12512=CARTESIAN_POINT('',(31.6398367844522,14.7557988762856,0.5));
#12513=CARTESIAN_POINT('',(31.6398367844522,14.7557988762856,1.5));
#12514=CARTESIAN_POINT('Ctrl Pts',(31.6398367844522,14.7557988762856,0.5));
#12515=CARTESIAN_POINT('Ctrl Pts',(31.6371641259929,14.8328649553672,0.5));
#12516=CARTESIAN_POINT('Ctrl Pts',(31.632080688168,14.9794458325672,0.5));
#12517=CARTESIAN_POINT('Ctrl Pts',(31.5813553397418,15.116928704232,0.5));
#12518=CARTESIAN_POINT('Ctrl Pts',(31.5572992525995,15.1821288466454,0.5));
#12519=CARTESIAN_POINT('Ctrl Pts',(31.4467944763601,14.1596189141273,1.5));
#12520=CARTESIAN_POINT('Ctrl Pts',(31.4467944763601,14.1596189141273,0.5));
#12521=CARTESIAN_POINT('Ctrl Pts',(31.5029958671587,14.2416049602502,1.5));
#12522=CARTESIAN_POINT('Ctrl Pts',(31.5029958671587,14.2416049602502,0.5));
#12523=CARTESIAN_POINT('Ctrl Pts',(31.6255896568716,14.4204435967134,1.5));
#12524=CARTESIAN_POINT('Ctrl Pts',(31.6255896568716,14.4204435967134,0.5));
#12525=CARTESIAN_POINT('Ctrl Pts',(31.634831651619,14.6379858145952,1.5));
#12526=CARTESIAN_POINT('Ctrl Pts',(31.634831651619,14.6379858145952,0.5));
#12527=CARTESIAN_POINT('Ctrl Pts',(31.6398367844522,14.7557988762856,1.5));
#12528=CARTESIAN_POINT('Ctrl Pts',(31.6398367844522,14.7557988762856,0.5));
#12529=CARTESIAN_POINT('',(31.4467944763601,14.1596189141273,1.5));
#12530=CARTESIAN_POINT('Ctrl Pts',(31.4467944763601,14.1596189141273,1.5));
#12531=CARTESIAN_POINT('Ctrl Pts',(31.5029958671587,14.2416049602502,1.5));
#12532=CARTESIAN_POINT('Ctrl Pts',(31.6255896568716,14.4204435967134,1.5));
#12533=CARTESIAN_POINT('Ctrl Pts',(31.634831651619,14.6379858145952,1.5));
#12534=CARTESIAN_POINT('Ctrl Pts',(31.6398367844522,14.7557988762856,1.5));
#12535=CARTESIAN_POINT('',(31.4467944763601,14.1596189141273,0.5));
#12536=CARTESIAN_POINT('',(31.4467944763601,14.1596189141273,1.5));
#12537=CARTESIAN_POINT('Ctrl Pts',(31.4467944763601,14.1596189141273,0.5));
#12538=CARTESIAN_POINT('Ctrl Pts',(31.5029958671587,14.2416049602502,0.5));
#12539=CARTESIAN_POINT('Ctrl Pts',(31.6255896568716,14.4204435967134,0.5));
#12540=CARTESIAN_POINT('Ctrl Pts',(31.634831651619,14.6379858145952,0.5));
#12541=CARTESIAN_POINT('Ctrl Pts',(31.6398367844522,14.7557988762856,0.5));
#12542=CARTESIAN_POINT('Ctrl Pts',(30.9549799375236,13.9495232701302,1.5));
#12543=CARTESIAN_POINT('Ctrl Pts',(30.9549799375236,13.9495232701302,0.5));
#12544=CARTESIAN_POINT('Ctrl Pts',(31.0497308466245,13.9578089937648,1.5));
#12545=CARTESIAN_POINT('Ctrl Pts',(31.0497308466245,13.9578089937648,0.5));
#12546=CARTESIAN_POINT('Ctrl Pts',(31.2367809266819,13.9741660428305,1.5));
#12547=CARTESIAN_POINT('Ctrl Pts',(31.2367809266819,13.9741660428305,0.5));
#12548=CARTESIAN_POINT('Ctrl Pts',(31.3774043618186,14.0983438392522,1.5));
#12549=CARTESIAN_POINT('Ctrl Pts',(31.3774043618186,14.0983438392522,0.5));
#12550=CARTESIAN_POINT('Ctrl Pts',(31.4467944763601,14.1596189141273,1.5));
#12551=CARTESIAN_POINT('Ctrl Pts',(31.4467944763601,14.1596189141273,0.5));
#12552=CARTESIAN_POINT('',(30.9549799375236,13.9495232701302,1.5));
#12553=CARTESIAN_POINT('Ctrl Pts',(30.9549799375236,13.9495232701302,1.5));
#12554=CARTESIAN_POINT('Ctrl Pts',(31.0497308466245,13.9578089937648,1.5));
#12555=CARTESIAN_POINT('Ctrl Pts',(31.2367809266819,13.9741660428305,1.5));
#12556=CARTESIAN_POINT('Ctrl Pts',(31.3774043618186,14.0983438392522,1.5));
#12557=CARTESIAN_POINT('Ctrl Pts',(31.4467944763601,14.1596189141273,1.5));
#12558=CARTESIAN_POINT('',(30.9549799375236,13.9495232701302,0.5));
#12559=CARTESIAN_POINT('',(30.9549799375236,13.9495232701302,1.5));
#12560=CARTESIAN_POINT('Ctrl Pts',(30.9549799375236,13.9495232701302,0.5));
#12561=CARTESIAN_POINT('Ctrl Pts',(31.0497308466245,13.9578089937648,0.5));
#12562=CARTESIAN_POINT('Ctrl Pts',(31.2367809266819,13.9741660428305,0.5));
#12563=CARTESIAN_POINT('Ctrl Pts',(31.3774043618186,14.0983438392522,0.5));
#12564=CARTESIAN_POINT('Ctrl Pts',(31.4467944763601,14.1596189141273,0.5));
#12565=CARTESIAN_POINT('Ctrl Pts',(30.4672583006322,14.1575720906258,1.5));
#12566=CARTESIAN_POINT('Ctrl Pts',(30.4672583006322,14.1575720906258,0.5));
#12567=CARTESIAN_POINT('Ctrl Pts',(30.5365868056641,14.096892402495,1.5));
#12568=CARTESIAN_POINT('Ctrl Pts',(30.5365868056641,14.096892402495,0.5));
#12569=CARTESIAN_POINT('Ctrl Pts',(30.6764207082282,13.9745029525305,1.5));
#12570=CARTESIAN_POINT('Ctrl Pts',(30.6764207082282,13.9745029525305,0.5));
#12571=CARTESIAN_POINT('Ctrl Pts',(30.8616073286542,13.9578964197844,1.5));
#12572=CARTESIAN_POINT('Ctrl Pts',(30.8616073286542,13.9578964197844,0.5));
#12573=CARTESIAN_POINT('Ctrl Pts',(30.9549799375236,13.9495232701302,1.5));
#12574=CARTESIAN_POINT('Ctrl Pts',(30.9549799375236,13.9495232701302,0.5));
#12575=CARTESIAN_POINT('',(30.4672583006322,14.1575720906258,1.5));
#12576=CARTESIAN_POINT('Ctrl Pts',(30.4672583006322,14.1575720906258,1.5));
#12577=CARTESIAN_POINT('Ctrl Pts',(30.5365868056641,14.096892402495,1.5));
#12578=CARTESIAN_POINT('Ctrl Pts',(30.6764207082282,13.9745029525305,1.5));
#12579=CARTESIAN_POINT('Ctrl Pts',(30.8616073286542,13.9578964197844,1.5));
#12580=CARTESIAN_POINT('Ctrl Pts',(30.9549799375236,13.9495232701302,1.5));
#12581=CARTESIAN_POINT('',(30.4672583006322,14.1575720906258,0.5));
#12582=CARTESIAN_POINT('',(30.4672583006322,14.1575720906258,1.5));
#12583=CARTESIAN_POINT('Ctrl Pts',(30.4672583006322,14.1575720906258,0.5));
#12584=CARTESIAN_POINT('Ctrl Pts',(30.5365868056641,14.096892402495,0.5));
#12585=CARTESIAN_POINT('Ctrl Pts',(30.6764207082282,13.9745029525305,0.5));
#12586=CARTESIAN_POINT('Ctrl Pts',(30.8616073286542,13.9578964197844,0.5));
#12587=CARTESIAN_POINT('Ctrl Pts',(30.9549799375236,13.9495232701302,0.5));
#12588=CARTESIAN_POINT('Ctrl Pts',(30.272851716727,14.7271493077278,1.5));
#12589=CARTESIAN_POINT('Ctrl Pts',(30.272851716727,14.7271493077278,0.5));
#12590=CARTESIAN_POINT('Ctrl Pts',(30.2785866208133,14.6157067040179,1.5));
#12591=CARTESIAN_POINT('Ctrl Pts',(30.2785866208133,14.6157067040179,0.5));
#12592=CARTESIAN_POINT('Ctrl Pts',(30.2893462347878,14.4066222314307,1.5));
#12593=CARTESIAN_POINT('Ctrl Pts',(30.2893462347878,14.4066222314307,0.5));
#12594=CARTESIAN_POINT('Ctrl Pts',(30.4106225825458,14.236853580035,1.5));
#12595=CARTESIAN_POINT('Ctrl Pts',(30.4106225825458,14.236853580035,0.5));
#12596=CARTESIAN_POINT('Ctrl Pts',(30.4672583006322,14.1575720906258,1.5));
#12597=CARTESIAN_POINT('Ctrl Pts',(30.4672583006322,14.1575720906258,0.5));
#12598=CARTESIAN_POINT('',(30.272851716727,14.7271493077278,1.5));
#12599=CARTESIAN_POINT('Ctrl Pts',(30.272851716727,14.7271493077278,1.5));
#12600=CARTESIAN_POINT('Ctrl Pts',(30.2785866208133,14.6157067040179,1.5));
#12601=CARTESIAN_POINT('Ctrl Pts',(30.2893462347878,14.4066222314307,1.5));
#12602=CARTESIAN_POINT('Ctrl Pts',(30.4106225825458,14.236853580035,1.5));
#12603=CARTESIAN_POINT('Ctrl Pts',(30.4672583006322,14.1575720906258,1.5));
#12604=CARTESIAN_POINT('',(30.272851716727,14.7271493077278,0.5));
#12605=CARTESIAN_POINT('',(30.272851716727,14.7271493077278,1.5));
#12606=CARTESIAN_POINT('Ctrl Pts',(30.272851716727,14.7271493077278,0.5));
#12607=CARTESIAN_POINT('Ctrl Pts',(30.2785866208133,14.6157067040179,0.5));
#12608=CARTESIAN_POINT('Ctrl Pts',(30.2893462347878,14.4066222314307,0.5));
#12609=CARTESIAN_POINT('Ctrl Pts',(30.4106225825458,14.236853580035,0.5));
#12610=CARTESIAN_POINT('Ctrl Pts',(30.4672583006322,14.1575720906258,0.5));
#12611=CARTESIAN_POINT('Ctrl Pts',(30.4754438064992,15.3717604279518,1.5));
#12612=CARTESIAN_POINT('Ctrl Pts',(30.4754438064992,15.3717604279518,0.5));
#12613=CARTESIAN_POINT('Ctrl Pts',(30.4166148641938,15.2886849921487,1.5));
#12614=CARTESIAN_POINT('Ctrl Pts',(30.4166148641938,15.2886849921487,0.5));
#12615=CARTESIAN_POINT('Ctrl Pts',(30.2810405641008,15.097233410282,1.5));
#12616=CARTESIAN_POINT('Ctrl Pts',(30.2810405641008,15.097233410282,0.5));
#12617=CARTESIAN_POINT('Ctrl Pts',(30.2758116688475,14.86092042033,1.5));
#12618=CARTESIAN_POINT('Ctrl Pts',(30.2758116688475,14.86092042033,0.5));
#12619=CARTESIAN_POINT('Ctrl Pts',(30.272851716727,14.7271493077278,1.5));
#12620=CARTESIAN_POINT('Ctrl Pts',(30.272851716727,14.7271493077278,0.5));
#12621=CARTESIAN_POINT('Ctrl Pts',(30.4754438064992,15.3717604279518,1.5));
#12622=CARTESIAN_POINT('Ctrl Pts',(30.4166148641938,15.2886849921487,1.5));
#12623=CARTESIAN_POINT('Ctrl Pts',(30.2810405641008,15.097233410282,1.5));
#12624=CARTESIAN_POINT('Ctrl Pts',(30.2758116688475,14.86092042033,1.5));
#12625=CARTESIAN_POINT('Ctrl Pts',(30.272851716727,14.7271493077278,1.5));
#12626=CARTESIAN_POINT('Ctrl Pts',(30.4754438064992,15.3717604279518,0.5));
#12627=CARTESIAN_POINT('Ctrl Pts',(30.4166148641938,15.2886849921487,0.5));
#12628=CARTESIAN_POINT('Ctrl Pts',(30.2810405641008,15.097233410282,0.5));
#12629=CARTESIAN_POINT('Ctrl Pts',(30.2758116688475,14.86092042033,0.5));
#12630=CARTESIAN_POINT('Ctrl Pts',(30.272851716727,14.7271493077278,0.5));
#12631=CARTESIAN_POINT('Ctrl Pts',(30.4515693150461,13.8594821095467,1.5));
#12632=CARTESIAN_POINT('Ctrl Pts',(30.4515693150461,13.8594821095467,0.5));
#12633=CARTESIAN_POINT('Ctrl Pts',(30.3819067790247,13.9091657389271,1.5));
#12634=CARTESIAN_POINT('Ctrl Pts',(30.3819067790247,13.9091657389271,0.5));
#12635=CARTESIAN_POINT('Ctrl Pts',(30.2423719001336,14.0086826328619,1.5));
#12636=CARTESIAN_POINT('Ctrl Pts',(30.2423719001336,14.0086826328619,0.5));
#12637=CARTESIAN_POINT('Ctrl Pts',(30.1572319691824,14.1574357328578,1.5));
#12638=CARTESIAN_POINT('Ctrl Pts',(30.1572319691824,14.1574357328578,0.5));
#12639=CARTESIAN_POINT('Ctrl Pts',(30.1145979948342,14.2319241166115,1.5));
#12640=CARTESIAN_POINT('Ctrl Pts',(30.1145979948342,14.2319241166115,0.5));
#12641=CARTESIAN_POINT('',(30.4515693150461,13.8594821095467,1.5));
#12642=CARTESIAN_POINT('',(30.1145979948342,14.2319241166115,1.5));
#12643=CARTESIAN_POINT('Ctrl Pts',(30.4515693150461,13.8594821095467,1.5));
#12644=CARTESIAN_POINT('Ctrl Pts',(30.3819067790247,13.9091657389271,1.5));
#12645=CARTESIAN_POINT('Ctrl Pts',(30.2423719001336,14.0086826328619,1.5));
#12646=CARTESIAN_POINT('Ctrl Pts',(30.1572319691824,14.1574357328578,1.5));
#12647=CARTESIAN_POINT('Ctrl Pts',(30.1145979948342,14.2319241166115,1.5));
#12648=CARTESIAN_POINT('',(30.4515693150461,13.8594821095467,0.5));
#12649=CARTESIAN_POINT('',(30.4515693150461,13.8594821095467,1.5));
#12650=CARTESIAN_POINT('',(30.1145979948342,14.2319241166115,0.5));
#12651=CARTESIAN_POINT('Ctrl Pts',(30.4515693150461,13.8594821095467,0.5));
#12652=CARTESIAN_POINT('Ctrl Pts',(30.3819067790247,13.9091657389271,0.5));
#12653=CARTESIAN_POINT('Ctrl Pts',(30.2423719001336,14.0086826328619,0.5));
#12654=CARTESIAN_POINT('Ctrl Pts',(30.1572319691824,14.1574357328578,0.5));
#12655=CARTESIAN_POINT('Ctrl Pts',(30.1145979948342,14.2319241166115,0.5));
#12656=CARTESIAN_POINT('',(30.1145979948342,14.2319241166115,1.5));
#12657=CARTESIAN_POINT('Ctrl Pts',(30.9563442133367,13.723056614399,1.5));
#12658=CARTESIAN_POINT('Ctrl Pts',(30.9563442133367,13.723056614399,0.5));
#12659=CARTESIAN_POINT('Ctrl Pts',(30.8655239383824,13.7282494368063,1.5));
#12660=CARTESIAN_POINT('Ctrl Pts',(30.8655239383824,13.7282494368063,0.5));
#12661=CARTESIAN_POINT('Ctrl Pts',(30.687612351577,13.7384218710447,1.5));
#12662=CARTESIAN_POINT('Ctrl Pts',(30.687612351577,13.7384218710447,0.5));
#12663=CARTESIAN_POINT('Ctrl Pts',(30.5291431748379,13.8196965259263,1.5));
#12664=CARTESIAN_POINT('Ctrl Pts',(30.5291431748379,13.8196965259263,0.5));
#12665=CARTESIAN_POINT('Ctrl Pts',(30.4515693150461,13.8594821095467,1.5));
#12666=CARTESIAN_POINT('Ctrl Pts',(30.4515693150461,13.8594821095467,0.5));
#12667=CARTESIAN_POINT('',(30.9563442133367,13.723056614399,1.5));
#12668=CARTESIAN_POINT('Ctrl Pts',(30.9563442133367,13.723056614399,1.5));
#12669=CARTESIAN_POINT('Ctrl Pts',(30.8655239383824,13.7282494368063,1.5));
#12670=CARTESIAN_POINT('Ctrl Pts',(30.687612351577,13.7384218710447,1.5));
#12671=CARTESIAN_POINT('Ctrl Pts',(30.5291431748379,13.8196965259263,1.5));
#12672=CARTESIAN_POINT('Ctrl Pts',(30.4515693150461,13.8594821095467,1.5));
#12673=CARTESIAN_POINT('',(30.9563442133367,13.723056614399,0.5));
#12674=CARTESIAN_POINT('',(30.9563442133367,13.723056614399,1.5));
#12675=CARTESIAN_POINT('Ctrl Pts',(30.9563442133367,13.723056614399,0.5));
#12676=CARTESIAN_POINT('Ctrl Pts',(30.8655239383824,13.7282494368063,0.5));
#12677=CARTESIAN_POINT('Ctrl Pts',(30.687612351577,13.7384218710447,0.5));
#12678=CARTESIAN_POINT('Ctrl Pts',(30.5291431748379,13.8196965259263,0.5));
#12679=CARTESIAN_POINT('Ctrl Pts',(30.4515693150461,13.8594821095467,0.5));
#12680=CARTESIAN_POINT('Ctrl Pts',(31.4420195482671,13.8465216755867,1.5));
#12681=CARTESIAN_POINT('Ctrl Pts',(31.4420195482671,13.8465216755867,0.5));
#12682=CARTESIAN_POINT('Ctrl Pts',(31.3653400333735,13.8105108901879,1.5));
#12683=CARTESIAN_POINT('Ctrl Pts',(31.3653400333735,13.8105108901879,0.5));
#12684=CARTESIAN_POINT('Ctrl Pts',(31.2113828559735,13.7382084130055,1.5));
#12685=CARTESIAN_POINT('Ctrl Pts',(31.2113828559735,13.7382084130055,0.5));
#12686=CARTESIAN_POINT('Ctrl Pts',(31.0415770016126,13.7281202785923,1.5));
#12687=CARTESIAN_POINT('Ctrl Pts',(31.0415770016126,13.7281202785923,0.5));
#12688=CARTESIAN_POINT('Ctrl Pts',(30.9563442133367,13.723056614399,1.5));
#12689=CARTESIAN_POINT('Ctrl Pts',(30.9563442133367,13.723056614399,0.5));
#12690=CARTESIAN_POINT('',(31.4420195482671,13.8465216755867,1.5));
#12691=CARTESIAN_POINT('Ctrl Pts',(31.4420195482671,13.8465216755867,1.5));
#12692=CARTESIAN_POINT('Ctrl Pts',(31.3653400333735,13.8105108901879,1.5));
#12693=CARTESIAN_POINT('Ctrl Pts',(31.2113828559735,13.7382084130055,1.5));
#12694=CARTESIAN_POINT('Ctrl Pts',(31.0415770016126,13.7281202785923,1.5));
#12695=CARTESIAN_POINT('Ctrl Pts',(30.9563442133367,13.723056614399,1.5));
#12696=CARTESIAN_POINT('',(31.4420195482671,13.8465216755867,0.5));
#12697=CARTESIAN_POINT('',(31.4420195482671,13.8465216755867,1.5));
#12698=CARTESIAN_POINT('Ctrl Pts',(31.4420195482671,13.8465216755867,0.5));
#12699=CARTESIAN_POINT('Ctrl Pts',(31.3653400333735,13.8105108901879,0.5));
#12700=CARTESIAN_POINT('Ctrl Pts',(31.2113828559735,13.7382084130055,0.5));
#12701=CARTESIAN_POINT('Ctrl Pts',(31.0415770016126,13.7281202785923,0.5));
#12702=CARTESIAN_POINT('Ctrl Pts',(30.9563442133367,13.723056614399,0.5));
#12703=CARTESIAN_POINT('Ctrl Pts',(31.7899050377309,14.2100962996483,1.5));
#12704=CARTESIAN_POINT('Ctrl Pts',(31.7899050377309,14.2100962996483,0.5));
#12705=CARTESIAN_POINT('Ctrl Pts',(31.7452188112602,14.1351992857157,1.5));
#12706=CARTESIAN_POINT('Ctrl Pts',(31.7452188112602,14.1351992857157,0.5));
#12707=CARTESIAN_POINT('Ctrl Pts',(31.657005898344,13.987348722141,1.5));
#12708=CARTESIAN_POINT('Ctrl Pts',(31.657005898344,13.987348722141,0.5));
#12709=CARTESIAN_POINT('Ctrl Pts',(31.5130509123763,13.8930508492605,1.5));
#12710=CARTESIAN_POINT('Ctrl Pts',(31.5130509123763,13.8930508492605,0.5));
#12711=CARTESIAN_POINT('Ctrl Pts',(31.4420195482671,13.8465216755867,1.5));
#12712=CARTESIAN_POINT('Ctrl Pts',(31.4420195482671,13.8465216755867,0.5));
#12713=CARTESIAN_POINT('',(31.7899050377309,14.2100962996483,1.5));
#12714=CARTESIAN_POINT('Ctrl Pts',(31.7899050377309,14.2100962996483,1.5));
#12715=CARTESIAN_POINT('Ctrl Pts',(31.7452188112602,14.1351992857157,1.5));
#12716=CARTESIAN_POINT('Ctrl Pts',(31.657005898344,13.987348722141,1.5));
#12717=CARTESIAN_POINT('Ctrl Pts',(31.5130509123763,13.8930508492605,1.5));
#12718=CARTESIAN_POINT('Ctrl Pts',(31.4420195482671,13.8465216755867,1.5));
#12719=CARTESIAN_POINT('',(31.7899050377309,14.2100962996483,0.5));
#12720=CARTESIAN_POINT('',(31.7899050377309,14.2100962996483,1.5));
#12721=CARTESIAN_POINT('Ctrl Pts',(31.7899050377309,14.2100962996483,0.5));
#12722=CARTESIAN_POINT('Ctrl Pts',(31.7452188112602,14.1351992857157,0.5));
#12723=CARTESIAN_POINT('Ctrl Pts',(31.657005898344,13.987348722141,0.5));
#12724=CARTESIAN_POINT('Ctrl Pts',(31.5130509123763,13.8930508492605,0.5));
#12725=CARTESIAN_POINT('Ctrl Pts',(31.4420195482671,13.8465216755867,0.5));
#12726=CARTESIAN_POINT('Ctrl Pts',(31.9126880727708,14.7544345259666,1.5));
#12727=CARTESIAN_POINT('Ctrl Pts',(31.9126880727708,14.7544345259666,0.5));
#12728=CARTESIAN_POINT('Ctrl Pts',(31.9082455884992,14.6570392905998,1.5));
#12729=CARTESIAN_POINT('Ctrl Pts',(31.9082455884992,14.6570392905998,0.5));
#12730=CARTESIAN_POINT('Ctrl Pts',(31.8996309970964,14.468176459363,1.5));
#12731=CARTESIAN_POINT('Ctrl Pts',(31.8996309970964,14.468176459363,0.5));
#12732=CARTESIAN_POINT('Ctrl Pts',(31.8257069655176,14.2943039684143,1.5));
#12733=CARTESIAN_POINT('Ctrl Pts',(31.8257069655176,14.2943039684143,0.5));
#12734=CARTESIAN_POINT('Ctrl Pts',(31.7899050377309,14.2100962996483,1.5));
#12735=CARTESIAN_POINT('Ctrl Pts',(31.7899050377309,14.2100962996483,0.5));
#12736=CARTESIAN_POINT('',(31.9126880727708,14.7544345259666,1.5));
#12737=CARTESIAN_POINT('Ctrl Pts',(31.9126880727708,14.7544345259666,1.5));
#12738=CARTESIAN_POINT('Ctrl Pts',(31.9082455884992,14.6570392905998,1.5));
#12739=CARTESIAN_POINT('Ctrl Pts',(31.8996309970964,14.468176459363,1.5));
#12740=CARTESIAN_POINT('Ctrl Pts',(31.8257069655176,14.2943039684143,1.5));
#12741=CARTESIAN_POINT('Ctrl Pts',(31.7899050377309,14.2100962996483,1.5));
#12742=CARTESIAN_POINT('',(31.9126880727708,14.7544345259666,0.5));
#12743=CARTESIAN_POINT('',(31.9126880727708,14.7544345259666,1.5));
#12744=CARTESIAN_POINT('Ctrl Pts',(31.9126880727708,14.7544345259666,0.5));
#12745=CARTESIAN_POINT('Ctrl Pts',(31.9082455884992,14.6570392905998,0.5));
#12746=CARTESIAN_POINT('Ctrl Pts',(31.8996309970964,14.468176459363,0.5));
#12747=CARTESIAN_POINT('Ctrl Pts',(31.8257069655176,14.2943039684143,0.5));
#12748=CARTESIAN_POINT('Ctrl Pts',(31.7899050377309,14.2100962996483,0.5));
#12749=CARTESIAN_POINT('Ctrl Pts',(31.7960441671312,15.2912691235542,1.5));
#12750=CARTESIAN_POINT('Ctrl Pts',(31.7960441671312,15.2912691235542,0.5));
#12751=CARTESIAN_POINT('Ctrl Pts',(31.830054795091,15.2081565956129,1.5));
#12752=CARTESIAN_POINT('Ctrl Pts',(31.830054795091,15.2081565956129,0.5));
#12753=CARTESIAN_POINT('Ctrl Pts',(31.9004285896732,15.0361825886798,1.5));
#12754=CARTESIAN_POINT('Ctrl Pts',(31.9004285896732,15.0361825886798,0.5));
#12755=CARTESIAN_POINT('Ctrl Pts',(31.9085115099237,14.8504205052784,1.5));
#12756=CARTESIAN_POINT('Ctrl Pts',(31.9085115099237,14.8504205052784,0.5));
#12757=CARTESIAN_POINT('Ctrl Pts',(31.9126880727708,14.7544345259666,1.5));
#12758=CARTESIAN_POINT('Ctrl Pts',(31.9126880727708,14.7544345259666,0.5));
#12759=CARTESIAN_POINT('',(31.7960441671312,15.2912691235542,1.5));
#12760=CARTESIAN_POINT('Ctrl Pts',(31.7960441671312,15.2912691235542,1.5));
#12761=CARTESIAN_POINT('Ctrl Pts',(31.830054795091,15.2081565956129,1.5));
#12762=CARTESIAN_POINT('Ctrl Pts',(31.9004285896732,15.0361825886798,1.5));
#12763=CARTESIAN_POINT('Ctrl Pts',(31.9085115099237,14.8504205052784,1.5));
#12764=CARTESIAN_POINT('Ctrl Pts',(31.9126880727708,14.7544345259666,1.5));
#12765=CARTESIAN_POINT('',(31.7960441671312,15.2912691235542,0.5));
#12766=CARTESIAN_POINT('',(31.7960441671312,15.2912691235542,1.5));
#12767=CARTESIAN_POINT('Ctrl Pts',(31.7960441671312,15.2912691235542,0.5));
#12768=CARTESIAN_POINT('Ctrl Pts',(31.830054795091,15.2081565956129,0.5));
#12769=CARTESIAN_POINT('Ctrl Pts',(31.9004285896732,15.0361825886798,0.5));
#12770=CARTESIAN_POINT('Ctrl Pts',(31.9085115099237,14.8504205052784,0.5));
#12771=CARTESIAN_POINT('Ctrl Pts',(31.9126880727708,14.7544345259666,0.5));
#12772=CARTESIAN_POINT('Ctrl Pts',(31.4570263586938,15.660300552845,1.5));
#12773=CARTESIAN_POINT('Ctrl Pts',(31.4570263586938,15.660300552845,0.5));
#12774=CARTESIAN_POINT('Ctrl Pts',(31.5268454481651,15.6116376795988,1.5));
#12775=CARTESIAN_POINT('Ctrl Pts',(31.5268454481651,15.6116376795988,0.5));
#12776=CARTESIAN_POINT('Ctrl Pts',(31.667213736058,15.5138030579609,1.5));
#12777=CARTESIAN_POINT('Ctrl Pts',(31.667213736058,15.5138030579609,0.5));
#12778=CARTESIAN_POINT('Ctrl Pts',(31.7529520375816,15.3657038751168,1.5));
#12779=CARTESIAN_POINT('Ctrl Pts',(31.7529520375816,15.3657038751168,0.5));
#12780=CARTESIAN_POINT('Ctrl Pts',(31.7960441671312,15.2912691235542,1.5));
#12781=CARTESIAN_POINT('Ctrl Pts',(31.7960441671312,15.2912691235542,0.5));
#12782=CARTESIAN_POINT('',(31.4570263586938,15.660300552845,1.5));
#12783=CARTESIAN_POINT('Ctrl Pts',(31.4570263586938,15.660300552845,1.5));
#12784=CARTESIAN_POINT('Ctrl Pts',(31.5268454481651,15.6116376795988,1.5));
#12785=CARTESIAN_POINT('Ctrl Pts',(31.667213736058,15.5138030579609,1.5));
#12786=CARTESIAN_POINT('Ctrl Pts',(31.7529520375816,15.3657038751168,1.5));
#12787=CARTESIAN_POINT('Ctrl Pts',(31.7960441671312,15.2912691235542,1.5));
#12788=CARTESIAN_POINT('',(31.4570263586938,15.660300552845,0.5));
#12789=CARTESIAN_POINT('',(31.4570263586938,15.660300552845,1.5));
#12790=CARTESIAN_POINT('Ctrl Pts',(31.4570263586938,15.660300552845,0.5));
#12791=CARTESIAN_POINT('Ctrl Pts',(31.5268454481651,15.6116376795988,0.5));
#12792=CARTESIAN_POINT('Ctrl Pts',(31.667213736058,15.5138030579609,0.5));
#12793=CARTESIAN_POINT('Ctrl Pts',(31.7529520375816,15.3657038751168,0.5));
#12794=CARTESIAN_POINT('Ctrl Pts',(31.7960441671312,15.2912691235542,0.5));
#12795=CARTESIAN_POINT('Ctrl Pts',(30.9577084891498,15.7926335930824,1.5));
#12796=CARTESIAN_POINT('Ctrl Pts',(30.9577084891498,15.7926335930824,0.5));
#12797=CARTESIAN_POINT('Ctrl Pts',(31.0470601225092,15.787525579775,1.5));
#12798=CARTESIAN_POINT('Ctrl Pts',(31.0470601225092,15.787525579775,0.5));
#12799=CARTESIAN_POINT('Ctrl Pts',(31.2226199215964,15.77748925748,1.5));
#12800=CARTESIAN_POINT('Ctrl Pts',(31.2226199215964,15.77748925748,0.5));
#12801=CARTESIAN_POINT('Ctrl Pts',(31.3798291776284,15.6988943635038,1.5));
#12802=CARTESIAN_POINT('Ctrl Pts',(31.3798291776284,15.6988943635038,0.5));
#12803=CARTESIAN_POINT('Ctrl Pts',(31.4570263586938,15.660300552845,1.5));
#12804=CARTESIAN_POINT('Ctrl Pts',(31.4570263586938,15.660300552845,0.5));
#12805=CARTESIAN_POINT('',(30.9577084891498,15.7926335930824,1.5));
#12806=CARTESIAN_POINT('Ctrl Pts',(30.9577084891498,15.7926335930824,1.5));
#12807=CARTESIAN_POINT('Ctrl Pts',(31.0470601225092,15.787525579775,1.5));
#12808=CARTESIAN_POINT('Ctrl Pts',(31.2226199215964,15.77748925748,1.5));
#12809=CARTESIAN_POINT('Ctrl Pts',(31.3798291776284,15.6988943635038,1.5));
#12810=CARTESIAN_POINT('Ctrl Pts',(31.4570263586938,15.660300552845,1.5));
#12811=CARTESIAN_POINT('',(30.9577084891498,15.7926335930824,0.5));
#12812=CARTESIAN_POINT('',(30.9577084891498,15.7926335930824,1.5));
#12813=CARTESIAN_POINT('Ctrl Pts',(30.9577084891498,15.7926335930824,0.5));
#12814=CARTESIAN_POINT('Ctrl Pts',(31.0470601225092,15.787525579775,0.5));
#12815=CARTESIAN_POINT('Ctrl Pts',(31.2226199215964,15.77748925748,0.5));
#12816=CARTESIAN_POINT('Ctrl Pts',(31.3798291776284,15.6988943635038,0.5));
#12817=CARTESIAN_POINT('Ctrl Pts',(31.4570263586938,15.660300552845,0.5));
#12818=CARTESIAN_POINT('Ctrl Pts',(30.2673946879804,15.5109146237373,1.5));
#12819=CARTESIAN_POINT('Ctrl Pts',(30.2673946879804,15.5109146237373,0.5));
#12820=CARTESIAN_POINT('Ctrl Pts',(30.3646307886971,15.5930692232312,1.5));
#12821=CARTESIAN_POINT('Ctrl Pts',(30.3646307886971,15.5930692232312,0.5));
#12822=CARTESIAN_POINT('Ctrl Pts',(30.5639002729426,15.7614316374876,1.5));
#12823=CARTESIAN_POINT('Ctrl Pts',(30.5639002729426,15.7614316374876,0.5));
#12824=CARTESIAN_POINT('Ctrl Pts',(30.824349039046,15.7820673441596,1.5));
#12825=CARTESIAN_POINT('Ctrl Pts',(30.824349039046,15.7820673441596,0.5));
#12826=CARTESIAN_POINT('Ctrl Pts',(30.9577084891498,15.7926335930824,1.5));
#12827=CARTESIAN_POINT('Ctrl Pts',(30.9577084891498,15.7926335930824,0.5));
#12828=CARTESIAN_POINT('',(30.2673946879804,15.5109146237373,1.5));
#12829=CARTESIAN_POINT('Ctrl Pts',(30.2673946879804,15.5109146237373,1.5));
#12830=CARTESIAN_POINT('Ctrl Pts',(30.3646307886971,15.5930692232312,1.5));
#12831=CARTESIAN_POINT('Ctrl Pts',(30.5639002729426,15.7614316374876,1.5));
#12832=CARTESIAN_POINT('Ctrl Pts',(30.824349039046,15.7820673441596,1.5));
#12833=CARTESIAN_POINT('Ctrl Pts',(30.9577084891498,15.7926335930824,1.5));
#12834=CARTESIAN_POINT('',(30.2673946879804,15.5109146237373,0.5));
#12835=CARTESIAN_POINT('',(30.2673946879804,15.5109146237373,1.5));
#12836=CARTESIAN_POINT('Ctrl Pts',(30.2673946879804,15.5109146237373,0.5));
#12837=CARTESIAN_POINT('Ctrl Pts',(30.3646307886971,15.5930692232312,0.5));
#12838=CARTESIAN_POINT('Ctrl Pts',(30.5639002729426,15.7614316374876,0.5));
#12839=CARTESIAN_POINT('Ctrl Pts',(30.824349039046,15.7820673441596,0.5));
#12840=CARTESIAN_POINT('Ctrl Pts',(30.9577084891498,15.7926335930824,0.5));
#12841=CARTESIAN_POINT('Ctrl Pts',(30.0000004470348,14.7312417626381,1.5));
#12842=CARTESIAN_POINT('Ctrl Pts',(30.0000004470348,14.7312417626381,0.5));
#12843=CARTESIAN_POINT('Ctrl Pts',(30.0077359747537,14.8844171583234,1.5));
#12844=CARTESIAN_POINT('Ctrl Pts',(30.0077359747537,14.8844171583234,0.5));
#12845=CARTESIAN_POINT('Ctrl Pts',(30.0222111441437,15.1710478678904,1.5));
#12846=CARTESIAN_POINT('Ctrl Pts',(30.0222111441437,15.1710478678904,0.5));
#12847=CARTESIAN_POINT('Ctrl Pts',(30.1895033872113,15.4029438224068,1.5));
#12848=CARTESIAN_POINT('Ctrl Pts',(30.1895033872113,15.4029438224068,0.5));
#12849=CARTESIAN_POINT('Ctrl Pts',(30.2673946879804,15.5109146237373,1.5));
#12850=CARTESIAN_POINT('Ctrl Pts',(30.2673946879804,15.5109146237373,0.5));
#12851=CARTESIAN_POINT('',(30.0000004470348,14.7312417626381,1.5));
#12852=CARTESIAN_POINT('Ctrl Pts',(30.0000004470348,14.7312417626381,1.5));
#12853=CARTESIAN_POINT('Ctrl Pts',(30.0077359747537,14.8844171583234,1.5));
#12854=CARTESIAN_POINT('Ctrl Pts',(30.0222111441437,15.1710478678904,1.5));
#12855=CARTESIAN_POINT('Ctrl Pts',(30.1895033872113,15.4029438224068,1.5));
#12856=CARTESIAN_POINT('Ctrl Pts',(30.2673946879804,15.5109146237373,1.5));
#12857=CARTESIAN_POINT('',(30.0000004470348,14.7312417626381,0.5));
#12858=CARTESIAN_POINT('',(30.0000004470348,14.7312417626381,1.5));
#12859=CARTESIAN_POINT('Ctrl Pts',(30.0000004470348,14.7312417626381,0.5));
#12860=CARTESIAN_POINT('Ctrl Pts',(30.0077359747537,14.8844171583234,0.5));
#12861=CARTESIAN_POINT('Ctrl Pts',(30.0222111441437,15.1710478678904,0.5));
#12862=CARTESIAN_POINT('Ctrl Pts',(30.1895033872113,15.4029438224068,0.5));
#12863=CARTESIAN_POINT('Ctrl Pts',(30.2673946879804,15.5109146237373,0.5));
#12864=CARTESIAN_POINT('Ctrl Pts',(30.1145979948342,14.2319241166115,1.5));
#12865=CARTESIAN_POINT('Ctrl Pts',(30.1145979948342,14.2319241166115,0.5));
#12866=CARTESIAN_POINT('Ctrl Pts',(30.0811737158675,14.311773595118,1.5));
#12867=CARTESIAN_POINT('Ctrl Pts',(30.0811737158675,14.311773595118,0.5));
#12868=CARTESIAN_POINT('Ctrl Pts',(30.0142633738501,14.4716201522307,1.5));
#12869=CARTESIAN_POINT('Ctrl Pts',(30.0142633738501,14.4716201522307,0.5));
#12870=CARTESIAN_POINT('Ctrl Pts',(30.0047576817814,14.6446479686716,1.5));
#12871=CARTESIAN_POINT('Ctrl Pts',(30.0047576817814,14.6446479686716,0.5));
#12872=CARTESIAN_POINT('Ctrl Pts',(30.0000004470348,14.7312417626381,1.5));
#12873=CARTESIAN_POINT('Ctrl Pts',(30.0000004470348,14.7312417626381,0.5));
#12874=CARTESIAN_POINT('Ctrl Pts',(30.1145979948342,14.2319241166115,1.5));
#12875=CARTESIAN_POINT('Ctrl Pts',(30.0811737158675,14.311773595118,1.5));
#12876=CARTESIAN_POINT('Ctrl Pts',(30.0142633738501,14.4716201522307,1.5));
#12877=CARTESIAN_POINT('Ctrl Pts',(30.0047576817814,14.6446479686716,1.5));
#12878=CARTESIAN_POINT('Ctrl Pts',(30.0000004470348,14.7312417626381,1.5));
#12879=CARTESIAN_POINT('Ctrl Pts',(30.1145979948342,14.2319241166115,0.5));
#12880=CARTESIAN_POINT('Ctrl Pts',(30.0811737158675,14.311773595118,0.5));
#12881=CARTESIAN_POINT('Ctrl Pts',(30.0142633738501,14.4716201522307,0.5));
#12882=CARTESIAN_POINT('Ctrl Pts',(30.0047576817814,14.6446479686716,0.5));
#12883=CARTESIAN_POINT('Ctrl Pts',(30.0000004470348,14.7312417626381,0.5));
#12884=CARTESIAN_POINT('Origin',(37.3485678713769,17.8785816580057,0.5));
#12885=CARTESIAN_POINT('Origin',(35.4597546719015,15.5211463570595,1.5));
#12886=CARTESIAN_POINT('',(35.4597546719015,15.5211463570595,1.5));
#12887=CARTESIAN_POINT('',(35.4597546719015,13.7571629881859,1.5));
#12888=CARTESIAN_POINT('',(35.4597546719015,3.13007317852974,1.5));
#12889=CARTESIAN_POINT('',(35.4597546719015,15.5211463570595,0.5));
#12890=CARTESIAN_POINT('',(35.4597546719015,15.5211463570595,1.5));
#12891=CARTESIAN_POINT('',(35.4597546719015,13.7571629881859,0.5));
#12892=CARTESIAN_POINT('',(35.4597546719015,15.5211463570595,0.5));
#12893=CARTESIAN_POINT('',(35.4597546719015,13.7571629881859,1.5));
#12894=CARTESIAN_POINT('Origin',(36.1214192770422,15.5211463570595,1.5));
#12895=CARTESIAN_POINT('',(36.1214192770422,15.5211463570595,1.5));
#12896=CARTESIAN_POINT('',(27.5732096385211,15.5211463570595,1.5));
#12897=CARTESIAN_POINT('',(36.1214192770422,15.5211463570595,0.5));
#12898=CARTESIAN_POINT('',(36.1214192770422,15.5211463570595,1.5));
#12899=CARTESIAN_POINT('',(36.1214192770422,15.5211463570595,0.5));
#12900=CARTESIAN_POINT('Origin',(36.1214192770422,15.7571628689766,1.5));
#12901=CARTESIAN_POINT('',(36.1214192770422,15.7571628689766,1.5));
#12902=CARTESIAN_POINT('',(36.1214192770422,3.24808143448829,1.5));
#12903=CARTESIAN_POINT('',(36.1214192770422,15.7571628689766,0.5));
#12904=CARTESIAN_POINT('',(36.1214192770422,15.7571628689766,1.5));
#12905=CARTESIAN_POINT('',(36.1214192770422,15.7571628689766,0.5));
#12906=CARTESIAN_POINT('Origin',(34.5361532829702,15.7571628689766,1.5));
#12907=CARTESIAN_POINT('',(34.5361532829702,15.7571628689766,1.5));
#12908=CARTESIAN_POINT('',(26.7805766414851,15.7571628689766,1.5));
#12909=CARTESIAN_POINT('',(34.5361532829702,15.7571628689766,0.5));
#12910=CARTESIAN_POINT('',(34.5361532829702,15.7571628689766,1.5));
#12911=CARTESIAN_POINT('',(34.5361532829702,15.7571628689766,0.5));
#12912=CARTESIAN_POINT('Origin',(34.5361532829702,15.5211463570595,1.5));
#12913=CARTESIAN_POINT('',(34.5361532829702,15.5211463570595,1.5));
#12914=CARTESIAN_POINT('',(34.5361532829702,3.13007317852974,1.5));
#12915=CARTESIAN_POINT('',(34.5361532829702,15.5211463570595,0.5));
#12916=CARTESIAN_POINT('',(34.5361532829702,15.5211463570595,1.5));
#12917=CARTESIAN_POINT('',(34.5361532829702,15.5211463570595,0.5));
#12918=CARTESIAN_POINT('Origin',(35.1950891874731,15.5211463570595,1.5));
#12919=CARTESIAN_POINT('',(35.1950891874731,15.5211463570595,1.5));
#12920=CARTESIAN_POINT('',(27.1100445937365,15.5211463570595,1.5));
#12921=CARTESIAN_POINT('',(35.1950891874731,15.5211463570595,0.5));
#12922=CARTESIAN_POINT('',(35.1950891874731,15.5211463570595,1.5));
#12923=CARTESIAN_POINT('',(35.1950891874731,15.5211463570595,0.5));
#12924=CARTESIAN_POINT('Origin',(35.1950891874731,13.7571629881859,1.5));
#12925=CARTESIAN_POINT('',(35.1950891874731,13.7571629881859,1.5));
#12926=CARTESIAN_POINT('',(35.1950891874731,2.24808149409294,1.5));
#12927=CARTESIAN_POINT('',(35.1950891874731,13.7571629881859,0.5));
#12928=CARTESIAN_POINT('',(35.1950891874731,13.7571629881859,1.5));
#12929=CARTESIAN_POINT('',(35.1950891874731,13.7571629881859,0.5));
#12930=CARTESIAN_POINT('Origin',(35.4597546719015,13.7571629881859,1.5));
#12931=CARTESIAN_POINT('',(27.2423773359507,13.7571629881859,1.5));
#12932=CARTESIAN_POINT('',(35.4597546719015,13.7571629881859,0.5));
#12933=CARTESIAN_POINT('Origin',(37.3485678713769,17.8785816580057,0.5));
#12934=CARTESIAN_POINT('Origin',(39.0327419899404,15.5211463570595,1.5));
#12935=CARTESIAN_POINT('',(39.0327419899404,15.5211463570595,1.5));
#12936=CARTESIAN_POINT('',(38.5211457870901,15.5211463570595,1.5));
#12937=CARTESIAN_POINT('',(29.0288709949702,15.5211463570595,1.5));
#12938=CARTESIAN_POINT('',(39.0327419899404,15.5211463570595,0.5));
#12939=CARTESIAN_POINT('',(39.0327419899404,15.5211463570595,1.5));
#12940=CARTESIAN_POINT('',(38.5211457870901,15.5211463570595,0.5));
#12941=CARTESIAN_POINT('',(39.0327419899404,15.5211463570595,0.5));
#12942=CARTESIAN_POINT('',(38.5211457870901,15.5211463570595,1.5));
#12943=CARTESIAN_POINT('Ctrl Pts',(39.2796727083623,15.503411591053,1.5));
#12944=CARTESIAN_POINT('Ctrl Pts',(39.2796727083623,15.503411591053,0.5));
#12945=CARTESIAN_POINT('Ctrl Pts',(39.248010811106,15.5085233370371,1.5));
#12946=CARTESIAN_POINT('Ctrl Pts',(39.248010811106,15.5085233370371,0.5));
#12947=CARTESIAN_POINT('Ctrl Pts',(39.1663136997437,15.5217131619405,1.5));
#12948=CARTESIAN_POINT('Ctrl Pts',(39.1663136997437,15.5217131619405,0.5));
#12949=CARTESIAN_POINT('Ctrl Pts',(39.0834758479722,15.5213616436528,1.5));
#12950=CARTESIAN_POINT('Ctrl Pts',(39.0834758479722,15.5213616436528,0.5));
#12951=CARTESIAN_POINT('Ctrl Pts',(39.0327419899404,15.5211463570595,1.5));
#12952=CARTESIAN_POINT('Ctrl Pts',(39.0327419899404,15.5211463570595,0.5));
#12953=CARTESIAN_POINT('',(39.2796727083623,15.503411591053,1.5));
#12954=CARTESIAN_POINT('Ctrl Pts',(39.2796727083623,15.503411591053,1.5));
#12955=CARTESIAN_POINT('Ctrl Pts',(39.248010811106,15.5085233370371,1.5));
#12956=CARTESIAN_POINT('Ctrl Pts',(39.1663136997437,15.5217131619405,1.5));
#12957=CARTESIAN_POINT('Ctrl Pts',(39.0834758479722,15.5213616436528,1.5));
#12958=CARTESIAN_POINT('Ctrl Pts',(39.0327419899404,15.5211463570595,1.5));
#12959=CARTESIAN_POINT('',(39.2796727083623,15.503411591053,0.5));
#12960=CARTESIAN_POINT('',(39.2796727083623,15.503411591053,1.5));
#12961=CARTESIAN_POINT('Ctrl Pts',(39.2796727083623,15.503411591053,0.5));
#12962=CARTESIAN_POINT('Ctrl Pts',(39.248010811106,15.5085233370371,0.5));
#12963=CARTESIAN_POINT('Ctrl Pts',(39.1663136997437,15.5217131619405,0.5));
#12964=CARTESIAN_POINT('Ctrl Pts',(39.0834758479722,15.5213616436528,0.5));
#12965=CARTESIAN_POINT('Ctrl Pts',(39.0327419899404,15.5211463570595,0.5));
#12966=CARTESIAN_POINT('Ctrl Pts',(39.4467939995229,15.385402739048,1.5));
#12967=CARTESIAN_POINT('Ctrl Pts',(39.4467939995229,15.385402739048,0.5));
#12968=CARTESIAN_POINT('Ctrl Pts',(39.4240597090705,15.4126348433455,1.5));
#12969=CARTESIAN_POINT('Ctrl Pts',(39.4240597090705,15.4126348433455,0.5));
#12970=CARTESIAN_POINT('Ctrl Pts',(39.3788206393037,15.4668241336949,1.5));
#12971=CARTESIAN_POINT('Ctrl Pts',(39.3788206393037,15.4668241336949,0.5));
#12972=CARTESIAN_POINT('Ctrl Pts',(39.3126100500632,15.4912570904646,1.5));
#12973=CARTESIAN_POINT('Ctrl Pts',(39.3126100500632,15.4912570904646,0.5));
#12974=CARTESIAN_POINT('Ctrl Pts',(39.2796727083623,15.503411591053,1.5));
#12975=CARTESIAN_POINT('Ctrl Pts',(39.2796727083623,15.503411591053,0.5));
#12976=CARTESIAN_POINT('',(39.4467939995229,15.385402739048,1.5));
#12977=CARTESIAN_POINT('Ctrl Pts',(39.4467939995229,15.385402739048,1.5));
#12978=CARTESIAN_POINT('Ctrl Pts',(39.4240597090705,15.4126348433455,1.5));
#12979=CARTESIAN_POINT('Ctrl Pts',(39.3788206393037,15.4668241336949,1.5));
#12980=CARTESIAN_POINT('Ctrl Pts',(39.3126100500632,15.4912570904646,1.5));
#12981=CARTESIAN_POINT('Ctrl Pts',(39.2796727083623,15.503411591053,1.5));
#12982=CARTESIAN_POINT('',(39.4467939995229,15.385402739048,0.5));
#12983=CARTESIAN_POINT('',(39.4467939995229,15.385402739048,1.5));
#12984=CARTESIAN_POINT('Ctrl Pts',(39.4467939995229,15.385402739048,0.5));
#12985=CARTESIAN_POINT('Ctrl Pts',(39.4240597090705,15.4126348433455,0.5));
#12986=CARTESIAN_POINT('Ctrl Pts',(39.3788206393037,15.4668241336949,0.5));
#12987=CARTESIAN_POINT('Ctrl Pts',(39.3126100500632,15.4912570904646,0.5));
#12988=CARTESIAN_POINT('Ctrl Pts',(39.2796727083623,15.503411591053,0.5));
#12989=CARTESIAN_POINT('Ctrl Pts',(39.5102318190038,15.1705327630043,1.5));
#12990=CARTESIAN_POINT('Ctrl Pts',(39.5102318190038,15.1705327630043,0.5));
#12991=CARTESIAN_POINT('Ctrl Pts',(39.5079948626783,15.210276583583,1.5));
#12992=CARTESIAN_POINT('Ctrl Pts',(39.5079948626783,15.210276583583,0.5));
#12993=CARTESIAN_POINT('Ctrl Pts',(39.5036779747562,15.2869743791893,1.5));
#12994=CARTESIAN_POINT('Ctrl Pts',(39.5036779747562,15.2869743791893,0.5));
#12995=CARTESIAN_POINT('Ctrl Pts',(39.4652898750251,15.3533986696706,1.5));
#12996=CARTESIAN_POINT('Ctrl Pts',(39.4652898750251,15.3533986696706,0.5));
#12997=CARTESIAN_POINT('Ctrl Pts',(39.4467939995229,15.385402739048,1.5));
#12998=CARTESIAN_POINT('Ctrl Pts',(39.4467939995229,15.385402739048,0.5));
#12999=CARTESIAN_POINT('',(39.5102318190038,15.1705327630043,1.5));
#13000=CARTESIAN_POINT('Ctrl Pts',(39.5102318190038,15.1705327630043,1.5));
#13001=CARTESIAN_POINT('Ctrl Pts',(39.5079948626783,15.210276583583,1.5));
#13002=CARTESIAN_POINT('Ctrl Pts',(39.5036779747562,15.2869743791893,1.5));
#13003=CARTESIAN_POINT('Ctrl Pts',(39.4652898750251,15.3533986696706,1.5));
#13004=CARTESIAN_POINT('Ctrl Pts',(39.4467939995229,15.385402739048,1.5));
#13005=CARTESIAN_POINT('',(39.5102318190038,15.1705327630043,0.5));
#13006=CARTESIAN_POINT('',(39.5102318190038,15.1705327630043,1.5));
#13007=CARTESIAN_POINT('Ctrl Pts',(39.5102318190038,15.1705327630043,0.5));
#13008=CARTESIAN_POINT('Ctrl Pts',(39.5079948626783,15.210276583583,0.5));
#13009=CARTESIAN_POINT('Ctrl Pts',(39.5036779747562,15.2869743791893,0.5));
#13010=CARTESIAN_POINT('Ctrl Pts',(39.4652898750251,15.3533986696706,0.5));
#13011=CARTESIAN_POINT('Ctrl Pts',(39.4467939995229,15.385402739048,0.5));
#13012=CARTESIAN_POINT('Ctrl Pts',(39.4024558924139,14.9017742276192,1.5));
#13013=CARTESIAN_POINT('Ctrl Pts',(39.4024558924139,14.9017742276192,0.5));
#13014=CARTESIAN_POINT('Ctrl Pts',(39.4338666647983,14.9382344450028,1.5));
#13015=CARTESIAN_POINT('Ctrl Pts',(39.4338666647983,14.9382344450028,0.5));
#13016=CARTESIAN_POINT('Ctrl Pts',(39.5001857840532,15.0152147075424,1.5));
#13017=CARTESIAN_POINT('Ctrl Pts',(39.5001857840532,15.0152147075424,0.5));
#13018=CARTESIAN_POINT('Ctrl Pts',(39.5067674383752,15.1169712469174,1.5));
#13019=CARTESIAN_POINT('Ctrl Pts',(39.5067674383752,15.1169712469174,0.5));
#13020=CARTESIAN_POINT('Ctrl Pts',(39.5102318190038,15.1705327630043,1.5));
#13021=CARTESIAN_POINT('Ctrl Pts',(39.5102318190038,15.1705327630043,0.5));
#13022=CARTESIAN_POINT('',(39.4024558924139,14.9017742276192,1.5));
#13023=CARTESIAN_POINT('Ctrl Pts',(39.4024558924139,14.9017742276192,1.5));
#13024=CARTESIAN_POINT('Ctrl Pts',(39.4338666647983,14.9382344450028,1.5));
#13025=CARTESIAN_POINT('Ctrl Pts',(39.5001857840532,15.0152147075424,1.5));
#13026=CARTESIAN_POINT('Ctrl Pts',(39.5067674383752,15.1169712469174,1.5));
#13027=CARTESIAN_POINT('Ctrl Pts',(39.5102318190038,15.1705327630043,1.5));
#13028=CARTESIAN_POINT('',(39.4024558924139,14.9017742276192,0.5));
#13029=CARTESIAN_POINT('',(39.4024558924139,14.9017742276192,1.5));
#13030=CARTESIAN_POINT('Ctrl Pts',(39.4024558924139,14.9017742276192,0.5));
#13031=CARTESIAN_POINT('Ctrl Pts',(39.4338666647983,14.9382344450028,0.5));
#13032=CARTESIAN_POINT('Ctrl Pts',(39.5001857840532,15.0152147075424,0.5));
#13033=CARTESIAN_POINT('Ctrl Pts',(39.5067674383752,15.1169712469174,0.5));
#13034=CARTESIAN_POINT('Ctrl Pts',(39.5102318190038,15.1705327630043,0.5));
#13035=CARTESIAN_POINT('Ctrl Pts',(39.038199391216,14.8062762618065,1.5));
#13036=CARTESIAN_POINT('Ctrl Pts',(39.038199391216,14.8062762618065,0.5));
#13037=CARTESIAN_POINT('Ctrl Pts',(39.1133714254156,14.8071319752558,1.5));
#13038=CARTESIAN_POINT('Ctrl Pts',(39.1133714254156,14.8071319752558,0.5));
#13039=CARTESIAN_POINT('Ctrl Pts',(39.2436386428941,14.8086148592988,1.5));
#13040=CARTESIAN_POINT('Ctrl Pts',(39.2436386428941,14.8086148592988,0.5));
#13041=CARTESIAN_POINT('Ctrl Pts',(39.3552507125371,14.8740845103368,1.5));
#13042=CARTESIAN_POINT('Ctrl Pts',(39.3552507125371,14.8740845103368,0.5));
#13043=CARTESIAN_POINT('Ctrl Pts',(39.4024558924139,14.9017742276192,1.5));
#13044=CARTESIAN_POINT('Ctrl Pts',(39.4024558924139,14.9017742276192,0.5));
#13045=CARTESIAN_POINT('',(39.038199391216,14.8062762618065,1.5));
#13046=CARTESIAN_POINT('Ctrl Pts',(39.038199391216,14.8062762618065,1.5));
#13047=CARTESIAN_POINT('Ctrl Pts',(39.1133714254156,14.8071319752558,1.5));
#13048=CARTESIAN_POINT('Ctrl Pts',(39.2436386428941,14.8086148592988,1.5));
#13049=CARTESIAN_POINT('Ctrl Pts',(39.3552507125371,14.8740845103368,1.5));
#13050=CARTESIAN_POINT('Ctrl Pts',(39.4024558924139,14.9017742276192,1.5));
#13051=CARTESIAN_POINT('',(39.038199391216,14.8062762618065,0.5));
#13052=CARTESIAN_POINT('',(39.038199391216,14.8062762618065,1.5));
#13053=CARTESIAN_POINT('Ctrl Pts',(39.038199391216,14.8062762618065,0.5));
#13054=CARTESIAN_POINT('Ctrl Pts',(39.1133714254156,14.8071319752558,0.5));
#13055=CARTESIAN_POINT('Ctrl Pts',(39.2436386428941,14.8086148592988,0.5));
#13056=CARTESIAN_POINT('Ctrl Pts',(39.3552507125371,14.8740845103368,0.5));
#13057=CARTESIAN_POINT('Ctrl Pts',(39.4024558924139,14.9017742276192,0.5));
#13058=CARTESIAN_POINT('Origin',(38.5211457870901,14.8062762618065,1.5));
#13059=CARTESIAN_POINT('',(38.5211457870901,14.8062762618065,1.5));
#13060=CARTESIAN_POINT('',(28.773072893545,14.8062762618065,1.5));
#13061=CARTESIAN_POINT('',(38.5211457870901,14.8062762618065,0.5));
#13062=CARTESIAN_POINT('',(38.5211457870901,14.8062762618065,1.5));
#13063=CARTESIAN_POINT('',(38.5211457870901,14.8062762618065,0.5));
#13064=CARTESIAN_POINT('Origin',(38.5211457870901,15.5211463570595,1.5));
#13065=CARTESIAN_POINT('',(38.5211457870901,3.13007317852974,1.5));
#13066=CARTESIAN_POINT('',(38.5211457870901,15.5211463570595,0.5));
#13067=CARTESIAN_POINT('Origin',(38.5211457870901,14.5702597498894,1.5));
#13068=CARTESIAN_POINT('',(38.5211457870901,14.5702597498894,1.5));
#13069=CARTESIAN_POINT('',(38.5211457870901,13.7571629881859,1.5));
#13070=CARTESIAN_POINT('',(38.5211457870901,2.65462987494468,1.5));
#13071=CARTESIAN_POINT('',(38.5211457870901,14.5702597498894,0.5));
#13072=CARTESIAN_POINT('',(38.5211457870901,14.5702597498894,1.5));
#13073=CARTESIAN_POINT('',(38.5211457870901,13.7571629881859,0.5));
#13074=CARTESIAN_POINT('',(38.5211457870901,14.5702597498894,0.5));
#13075=CARTESIAN_POINT('',(38.5211457870901,13.7571629881859,1.5));
#13076=CARTESIAN_POINT('Origin',(39.0341063402593,14.5702597498894,1.5));
#13077=CARTESIAN_POINT('',(39.0341063402593,14.5702597498894,1.5));
#13078=CARTESIAN_POINT('',(29.0295531701297,14.5702597498894,1.5));
#13079=CARTESIAN_POINT('',(39.0341063402593,14.5702597498894,0.5));
#13080=CARTESIAN_POINT('',(39.0341063402593,14.5702597498894,1.5));
#13081=CARTESIAN_POINT('',(39.0341063402593,14.5702597498894,0.5));
#13082=CARTESIAN_POINT('Ctrl Pts',(39.6207364462316,14.7469308972359,1.5));
#13083=CARTESIAN_POINT('Ctrl Pts',(39.6207364462316,14.7469308972359,0.5));
#13084=CARTESIAN_POINT('Ctrl Pts',(39.5471651180102,14.6957142807854,1.5));
#13085=CARTESIAN_POINT('Ctrl Pts',(39.5471651180102,14.6957142807854,0.5));
#13086=CARTESIAN_POINT('Ctrl Pts',(39.3726808285931,14.5742471937591,1.5));
#13087=CARTESIAN_POINT('Ctrl Pts',(39.3726808285931,14.5742471937591,0.5));
#13088=CARTESIAN_POINT('Ctrl Pts',(39.1581691409121,14.5717208565911,1.5));
#13089=CARTESIAN_POINT('Ctrl Pts',(39.1581691409121,14.5717208565911,0.5));
#13090=CARTESIAN_POINT('Ctrl Pts',(39.0341063402593,14.5702597498894,1.5));
#13091=CARTESIAN_POINT('Ctrl Pts',(39.0341063402593,14.5702597498894,0.5));
#13092=CARTESIAN_POINT('',(39.6207364462316,14.7469308972359,1.5));
#13093=CARTESIAN_POINT('Ctrl Pts',(39.6207364462316,14.7469308972359,1.5));
#13094=CARTESIAN_POINT('Ctrl Pts',(39.5471651180102,14.6957142807854,1.5));
#13095=CARTESIAN_POINT('Ctrl Pts',(39.3726808285931,14.5742471937591,1.5));
#13096=CARTESIAN_POINT('Ctrl Pts',(39.1581691409121,14.5717208565911,1.5));
#13097=CARTESIAN_POINT('Ctrl Pts',(39.0341063402593,14.5702597498894,1.5));
#13098=CARTESIAN_POINT('',(39.6207364462316,14.7469308972359,0.5));
#13099=CARTESIAN_POINT('',(39.6207364462316,14.7469308972359,1.5));
#13100=CARTESIAN_POINT('Ctrl Pts',(39.6207364462316,14.7469308972359,0.5));
#13101=CARTESIAN_POINT('Ctrl Pts',(39.5471651180102,14.6957142807854,0.5));
#13102=CARTESIAN_POINT('Ctrl Pts',(39.3726808285931,14.5742471937591,0.5));
#13103=CARTESIAN_POINT('Ctrl Pts',(39.1581691409121,14.5717208565911,0.5));
#13104=CARTESIAN_POINT('Ctrl Pts',(39.0341063402593,14.5702597498894,0.5));
#13105=CARTESIAN_POINT('Ctrl Pts',(39.7830834053457,15.1787182688713,1.5));
#13106=CARTESIAN_POINT('Ctrl Pts',(39.7830834053457,15.1787182688713,0.5));
#13107=CARTESIAN_POINT('Ctrl Pts',(39.7767912575681,15.0974684565677,1.5));
#13108=CARTESIAN_POINT('Ctrl Pts',(39.7767912575681,15.0974684565677,0.5));
#13109=CARTESIAN_POINT('Ctrl Pts',(39.7644174548569,14.9376869029059,1.5));
#13110=CARTESIAN_POINT('Ctrl Pts',(39.7644174548569,14.9376869029059,0.5));
#13111=CARTESIAN_POINT('Ctrl Pts',(39.6680838668046,14.8097910129442,1.5));
#13112=CARTESIAN_POINT('Ctrl Pts',(39.6680838668046,14.8097910129442,0.5));
#13113=CARTESIAN_POINT('Ctrl Pts',(39.6207364462316,14.7469308972359,1.5));
#13114=CARTESIAN_POINT('Ctrl Pts',(39.6207364462316,14.7469308972359,0.5));
#13115=CARTESIAN_POINT('',(39.7830834053457,15.1787182688713,1.5));
#13116=CARTESIAN_POINT('Ctrl Pts',(39.7830834053457,15.1787182688713,1.5));
#13117=CARTESIAN_POINT('Ctrl Pts',(39.7767912575681,15.0974684565677,1.5));
#13118=CARTESIAN_POINT('Ctrl Pts',(39.7644174548569,14.9376869029059,1.5));
#13119=CARTESIAN_POINT('Ctrl Pts',(39.6680838668046,14.8097910129442,1.5));
#13120=CARTESIAN_POINT('Ctrl Pts',(39.6207364462316,14.7469308972359,1.5));
#13121=CARTESIAN_POINT('',(39.7830834053457,15.1787182688713,0.5));
#13122=CARTESIAN_POINT('',(39.7830834053457,15.1787182688713,1.5));
#13123=CARTESIAN_POINT('Ctrl Pts',(39.7830834053457,15.1787182688713,0.5));
#13124=CARTESIAN_POINT('Ctrl Pts',(39.7767912575681,15.0974684565677,0.5));
#13125=CARTESIAN_POINT('Ctrl Pts',(39.7644174548569,14.9376869029059,0.5));
#13126=CARTESIAN_POINT('Ctrl Pts',(39.6680838668046,14.8097910129442,0.5));
#13127=CARTESIAN_POINT('Ctrl Pts',(39.6207364462316,14.7469308972359,0.5));
#13128=CARTESIAN_POINT('Ctrl Pts',(39.7223736904562,15.4515698552132,1.5));
#13129=CARTESIAN_POINT('Ctrl Pts',(39.7223736904562,15.4515698552132,0.5));
#13130=CARTESIAN_POINT('Ctrl Pts',(39.7400787443327,15.408709178484,1.5));
#13131=CARTESIAN_POINT('Ctrl Pts',(39.7400787443327,15.408709178484,0.5));
#13132=CARTESIAN_POINT('Ctrl Pts',(39.776176021444,15.3213243144868,1.5));
#13133=CARTESIAN_POINT('Ctrl Pts',(39.776176021444,15.3213243144868,0.5));
#13134=CARTESIAN_POINT('Ctrl Pts',(39.7807519076098,15.2268530876698,1.5));
#13135=CARTESIAN_POINT('Ctrl Pts',(39.7807519076098,15.2268530876698,0.5));
#13136=CARTESIAN_POINT('Ctrl Pts',(39.7830834053457,15.1787182688713,1.5));
#13137=CARTESIAN_POINT('Ctrl Pts',(39.7830834053457,15.1787182688713,0.5));
#13138=CARTESIAN_POINT('',(39.7223736904562,15.4515698552132,1.5));
#13139=CARTESIAN_POINT('Ctrl Pts',(39.7223736904562,15.4515698552132,1.5));
#13140=CARTESIAN_POINT('Ctrl Pts',(39.7400787443327,15.408709178484,1.5));
#13141=CARTESIAN_POINT('Ctrl Pts',(39.776176021444,15.3213243144868,1.5));
#13142=CARTESIAN_POINT('Ctrl Pts',(39.7807519076098,15.2268530876698,1.5));
#13143=CARTESIAN_POINT('Ctrl Pts',(39.7830834053457,15.1787182688713,1.5));
#13144=CARTESIAN_POINT('',(39.7223736904562,15.4515698552132,0.5));
#13145=CARTESIAN_POINT('',(39.7223736904562,15.4515698552132,1.5));
#13146=CARTESIAN_POINT('Ctrl Pts',(39.7223736904562,15.4515698552132,0.5));
#13147=CARTESIAN_POINT('Ctrl Pts',(39.7400787443327,15.408709178484,0.5));
#13148=CARTESIAN_POINT('Ctrl Pts',(39.776176021444,15.3213243144868,0.5));
#13149=CARTESIAN_POINT('Ctrl Pts',(39.7807519076098,15.2268530876698,0.5));
#13150=CARTESIAN_POINT('Ctrl Pts',(39.7830834053457,15.1787182688713,0.5));
#13151=CARTESIAN_POINT('Ctrl Pts',(39.5620735548437,15.6446120142937,1.5));
#13152=CARTESIAN_POINT('Ctrl Pts',(39.5620735548437,15.6446120142937,0.5));
#13153=CARTESIAN_POINT('Ctrl Pts',(39.5939736502062,15.618671134775,1.5));
#13154=CARTESIAN_POINT('Ctrl Pts',(39.5939736502062,15.618671134775,0.5));
#13155=CARTESIAN_POINT('Ctrl Pts',(39.6600618173496,15.5649288132555,1.5));
#13156=CARTESIAN_POINT('Ctrl Pts',(39.6600618173496,15.5649288132555,0.5));
#13157=CARTESIAN_POINT('Ctrl Pts',(39.7011291482453,15.4902183350139,1.5));
#13158=CARTESIAN_POINT('Ctrl Pts',(39.7011291482453,15.4902183350139,0.5));
#13159=CARTESIAN_POINT('Ctrl Pts',(39.7223736904562,15.4515698552132,1.5));
#13160=CARTESIAN_POINT('Ctrl Pts',(39.7223736904562,15.4515698552132,0.5));
#13161=CARTESIAN_POINT('',(39.5620735548437,15.6446120142937,1.5));
#13162=CARTESIAN_POINT('Ctrl Pts',(39.5620735548437,15.6446120142937,1.5));
#13163=CARTESIAN_POINT('Ctrl Pts',(39.5939736502062,15.618671134775,1.5));
#13164=CARTESIAN_POINT('Ctrl Pts',(39.6600618173496,15.5649288132555,1.5));
#13165=CARTESIAN_POINT('Ctrl Pts',(39.7011291482453,15.4902183350139,1.5));
#13166=CARTESIAN_POINT('Ctrl Pts',(39.7223736904562,15.4515698552132,1.5));
#13167=CARTESIAN_POINT('',(39.5620735548437,15.6446120142937,0.5));
#13168=CARTESIAN_POINT('',(39.5620735548437,15.6446120142937,1.5));
#13169=CARTESIAN_POINT('Ctrl Pts',(39.5620735548437,15.6446120142937,0.5));
#13170=CARTESIAN_POINT('Ctrl Pts',(39.5939736502062,15.618671134775,0.5));
#13171=CARTESIAN_POINT('Ctrl Pts',(39.6600618173496,15.5649288132555,0.5));
#13172=CARTESIAN_POINT('Ctrl Pts',(39.7011291482453,15.4902183350139,0.5));
#13173=CARTESIAN_POINT('Ctrl Pts',(39.7223736904562,15.4515698552132,0.5));
#13174=CARTESIAN_POINT('Ctrl Pts',(39.3151434324682,15.7380631566048,1.5));
#13175=CARTESIAN_POINT('Ctrl Pts',(39.3151434324682,15.7380631566048,0.5));
#13176=CARTESIAN_POINT('Ctrl Pts',(39.3612521325046,15.7287121721809,1.5));
#13177=CARTESIAN_POINT('Ctrl Pts',(39.3612521325046,15.7287121721809,0.5));
#13178=CARTESIAN_POINT('Ctrl Pts',(39.4487294126683,15.710971514049,1.5));
#13179=CARTESIAN_POINT('Ctrl Pts',(39.4487294126683,15.710971514049,0.5));
#13180=CARTESIAN_POINT('Ctrl Pts',(39.5256821161358,15.6659180793596,1.5));
#13181=CARTESIAN_POINT('Ctrl Pts',(39.5256821161358,15.6659180793596,0.5));
#13182=CARTESIAN_POINT('Ctrl Pts',(39.5620735548437,15.6446120142937,1.5));
#13183=CARTESIAN_POINT('Ctrl Pts',(39.5620735548437,15.6446120142937,0.5));
#13184=CARTESIAN_POINT('',(39.3151434324682,15.7380631566048,1.5));
#13185=CARTESIAN_POINT('Ctrl Pts',(39.3151434324682,15.7380631566048,1.5));
#13186=CARTESIAN_POINT('Ctrl Pts',(39.3612521325046,15.7287121721809,1.5));
#13187=CARTESIAN_POINT('Ctrl Pts',(39.4487294126683,15.710971514049,1.5));
#13188=CARTESIAN_POINT('Ctrl Pts',(39.5256821161358,15.6659180793596,1.5));
#13189=CARTESIAN_POINT('Ctrl Pts',(39.5620735548437,15.6446120142937,1.5));
#13190=CARTESIAN_POINT('',(39.3151434324682,15.7380631566048,0.5));
#13191=CARTESIAN_POINT('',(39.3151434324682,15.7380631566048,1.5));
#13192=CARTESIAN_POINT('Ctrl Pts',(39.3151434324682,15.7380631566048,0.5));
#13193=CARTESIAN_POINT('Ctrl Pts',(39.3612521325046,15.7287121721809,0.5));
#13194=CARTESIAN_POINT('Ctrl Pts',(39.4487294126683,15.710971514049,0.5));
#13195=CARTESIAN_POINT('Ctrl Pts',(39.5256821161358,15.6659180793596,0.5));
#13196=CARTESIAN_POINT('Ctrl Pts',(39.5620735548437,15.6446120142937,0.5));
#13197=CARTESIAN_POINT('Ctrl Pts',(39.0109141729772,15.7571628689766,1.5));
#13198=CARTESIAN_POINT('Ctrl Pts',(39.0109141729772,15.7571628689766,0.5));
#13199=CARTESIAN_POINT('Ctrl Pts',(39.0695611040044,15.7569807244332,1.5));
#13200=CARTESIAN_POINT('Ctrl Pts',(39.0695611040044,15.7569807244332,0.5));
#13201=CARTESIAN_POINT('Ctrl Pts',(39.1713893827549,15.7566644680663,1.5));
#13202=CARTESIAN_POINT('Ctrl Pts',(39.1713893827549,15.7566644680663,0.5));
#13203=CARTESIAN_POINT('Ctrl Pts',(39.2723359736929,15.7436023040246,1.5));
#13204=CARTESIAN_POINT('Ctrl Pts',(39.2723359736929,15.7436023040246,0.5));
#13205=CARTESIAN_POINT('Ctrl Pts',(39.3151434324682,15.7380631566048,1.5));
#13206=CARTESIAN_POINT('Ctrl Pts',(39.3151434324682,15.7380631566048,0.5));
#13207=CARTESIAN_POINT('',(39.0109141729772,15.7571628689766,1.5));
#13208=CARTESIAN_POINT('Ctrl Pts',(39.0109141729772,15.7571628689766,1.5));
#13209=CARTESIAN_POINT('Ctrl Pts',(39.0695611040044,15.7569807244332,1.5));
#13210=CARTESIAN_POINT('Ctrl Pts',(39.1713893827549,15.7566644680663,1.5));
#13211=CARTESIAN_POINT('Ctrl Pts',(39.2723359736929,15.7436023040246,1.5));
#13212=CARTESIAN_POINT('Ctrl Pts',(39.3151434324682,15.7380631566048,1.5));
#13213=CARTESIAN_POINT('',(39.0109141729772,15.7571628689766,0.5));
#13214=CARTESIAN_POINT('',(39.0109141729772,15.7571628689766,1.5));
#13215=CARTESIAN_POINT('Ctrl Pts',(39.0109141729772,15.7571628689766,0.5));
#13216=CARTESIAN_POINT('Ctrl Pts',(39.0695611040044,15.7569807244332,0.5));
#13217=CARTESIAN_POINT('Ctrl Pts',(39.1713893827549,15.7566644680663,0.5));
#13218=CARTESIAN_POINT('Ctrl Pts',(39.2723359736929,15.7436023040246,0.5));
#13219=CARTESIAN_POINT('Ctrl Pts',(39.3151434324682,15.7380631566048,0.5));
#13220=CARTESIAN_POINT('Origin',(38.2564803026617,15.7571628689766,1.5));
#13221=CARTESIAN_POINT('',(38.2564803026617,15.7571628689766,1.5));
#13222=CARTESIAN_POINT('',(28.6407401513308,15.7571628689766,1.5));
#13223=CARTESIAN_POINT('',(38.2564803026617,15.7571628689766,0.5));
#13224=CARTESIAN_POINT('',(38.2564803026617,15.7571628689766,1.5));
#13225=CARTESIAN_POINT('',(38.2564803026617,15.7571628689766,0.5));
#13226=CARTESIAN_POINT('Origin',(38.2564803026617,13.7571629881859,1.5));
#13227=CARTESIAN_POINT('',(38.2564803026617,13.7571629881859,1.5));
#13228=CARTESIAN_POINT('',(38.2564803026617,2.24808149409294,1.5));
#13229=CARTESIAN_POINT('',(38.2564803026617,13.7571629881859,0.5));
#13230=CARTESIAN_POINT('',(38.2564803026617,13.7571629881859,1.5));
#13231=CARTESIAN_POINT('',(38.2564803026617,13.7571629881859,0.5));
#13232=CARTESIAN_POINT('Origin',(38.5211457870901,13.7571629881859,1.5));
#13233=CARTESIAN_POINT('',(28.773072893545,13.7571629881859,1.5));
#13234=CARTESIAN_POINT('',(38.5211457870901,13.7571629881859,0.5));
#13235=CARTESIAN_POINT('Origin',(37.3485678713769,17.8785816580057,0.5));
#13236=CARTESIAN_POINT('Origin',(41.1473401449621,15.3287866711617,1.5));
#13237=CARTESIAN_POINT('',(41.1473401449621,15.3287866711617,1.5));
#13238=CARTESIAN_POINT('',(41.1473401449621,13.7571629881859,1.5));
#13239=CARTESIAN_POINT('',(41.1473401449621,3.03389333558082,1.5));
#13240=CARTESIAN_POINT('',(41.1473401449621,15.3287866711617,0.5));
#13241=CARTESIAN_POINT('',(41.1473401449621,15.3287866711617,1.5));
#13242=CARTESIAN_POINT('',(41.1473401449621,13.7571629881859,0.5));
#13243=CARTESIAN_POINT('',(41.1473401449621,15.3287866711617,0.5));
#13244=CARTESIAN_POINT('',(41.1473401449621,13.7571629881859,1.5));
#13245=CARTESIAN_POINT('Origin',(42.197818364948,13.7571629881859,1.5));
#13246=CARTESIAN_POINT('',(42.197818364948,13.7571629881859,1.5));
#13247=CARTESIAN_POINT('',(43.9371014766315,11.1550161966435,1.5));
#13248=CARTESIAN_POINT('',(42.197818364948,13.7571629881859,0.5));
#13249=CARTESIAN_POINT('',(42.197818364948,13.7571629881859,1.5));
#13250=CARTESIAN_POINT('',(42.197818364948,13.7571629881859,0.5));
#13251=CARTESIAN_POINT('Origin',(42.4693044088781,13.7571629881859,1.5));
#13252=CARTESIAN_POINT('',(42.4693044088781,13.7571629881859,1.5));
#13253=CARTESIAN_POINT('',(30.747152204439,13.7571629881859,1.5));
#13254=CARTESIAN_POINT('',(42.4693044088781,13.7571629881859,0.5));
#13255=CARTESIAN_POINT('',(42.4693044088781,13.7571629881859,1.5));
#13256=CARTESIAN_POINT('',(42.4693044088781,13.7571629881859,0.5));
#13257=CARTESIAN_POINT('Origin',(42.4693044088781,15.7571628689766,1.5));
#13258=CARTESIAN_POINT('',(42.4693044088781,15.7571628689766,1.5));
#13259=CARTESIAN_POINT('',(42.4693044088781,3.24808143448829,1.5));
#13260=CARTESIAN_POINT('',(42.4693044088781,15.7571628689766,0.5));
#13261=CARTESIAN_POINT('',(42.4693044088781,15.7571628689766,1.5));
#13262=CARTESIAN_POINT('',(42.4693044088781,15.7571628689766,0.5));
#13263=CARTESIAN_POINT('Origin',(42.2155531309545,15.7571628689766,1.5));
#13264=CARTESIAN_POINT('',(42.2155531309545,15.7571628689766,1.5));
#13265=CARTESIAN_POINT('',(30.6202765654773,15.7571628689766,1.5));
#13266=CARTESIAN_POINT('',(42.2155531309545,15.7571628689766,0.5));
#13267=CARTESIAN_POINT('',(42.2155531309545,15.7571628689766,1.5));
#13268=CARTESIAN_POINT('',(42.2155531309545,15.7571628689766,0.5));
#13269=CARTESIAN_POINT('Origin',(42.2155531309545,14.1869035363197,1.5));
#13270=CARTESIAN_POINT('',(42.2155531309545,14.1869035363197,1.5));
#13271=CARTESIAN_POINT('',(42.2155531309545,2.46295176815986,1.5));
#13272=CARTESIAN_POINT('',(42.2155531309545,14.1869035363197,0.5));
#13273=CARTESIAN_POINT('',(42.2155531309545,14.1869035363197,1.5));
#13274=CARTESIAN_POINT('',(42.2155531309545,14.1869035363197,0.5));
#13275=CARTESIAN_POINT('Origin',(41.1650761030614,15.7571628689766,1.5));
#13276=CARTESIAN_POINT('',(41.1650761030614,15.7571628689766,1.5));
#13277=CARTESIAN_POINT('',(43.5236296788109,12.2315829033489,1.5));
#13278=CARTESIAN_POINT('',(41.1650761030614,15.7571628689766,0.5));
#13279=CARTESIAN_POINT('',(41.1650761030614,15.7571628689766,1.5));
#13280=CARTESIAN_POINT('',(41.1650761030614,15.7571628689766,0.5));
#13281=CARTESIAN_POINT('Origin',(40.8935888670385,15.7571628689766,1.5));
#13282=CARTESIAN_POINT('',(40.8935888670385,15.7571628689766,1.5));
#13283=CARTESIAN_POINT('',(29.9592944335192,15.7571628689766,1.5));
#13284=CARTESIAN_POINT('',(40.8935888670385,15.7571628689766,0.5));
#13285=CARTESIAN_POINT('',(40.8935888670385,15.7571628689766,1.5));
#13286=CARTESIAN_POINT('',(40.8935888670385,15.7571628689766,0.5));
#13287=CARTESIAN_POINT('Origin',(40.8935888670385,13.7571629881859,1.5));
#13288=CARTESIAN_POINT('',(40.8935888670385,13.7571629881859,1.5));
#13289=CARTESIAN_POINT('',(40.8935888670385,2.24808149409294,1.5));
#13290=CARTESIAN_POINT('',(40.8935888670385,13.7571629881859,0.5));
#13291=CARTESIAN_POINT('',(40.8935888670385,13.7571629881859,1.5));
#13292=CARTESIAN_POINT('',(40.8935888670385,13.7571629881859,0.5));
#13293=CARTESIAN_POINT('Origin',(41.1473401449621,13.7571629881859,1.5));
#13294=CARTESIAN_POINT('',(30.086170072481,13.7571629881859,1.5));
#13295=CARTESIAN_POINT('',(41.1473401449621,13.7571629881859,0.5));
#13296=CARTESIAN_POINT('Origin',(37.3485678713769,17.8785816580057,0.5));
#13297=CARTESIAN_POINT('Origin',(40.4297407530248,15.7571628689766,1.5));
#13298=CARTESIAN_POINT('',(40.4297407530248,15.7571628689766,1.5));
#13299=CARTESIAN_POINT('',(40.4297407530248,13.7571629881859,1.5));
#13300=CARTESIAN_POINT('',(40.4297407530248,3.24808143448829,1.5));
#13301=CARTESIAN_POINT('',(40.4297407530248,15.7571628689766,0.5));
#13302=CARTESIAN_POINT('',(40.4297407530248,15.7571628689766,1.5));
#13303=CARTESIAN_POINT('',(40.4297407530248,13.7571629881859,0.5));
#13304=CARTESIAN_POINT('',(40.4297407530248,15.7571628689766,0.5));
#13305=CARTESIAN_POINT('',(40.4297407530248,13.7571629881859,1.5));
#13306=CARTESIAN_POINT('Origin',(40.16507467255,15.7571628689766,1.5));
#13307=CARTESIAN_POINT('',(40.16507467255,15.7571628689766,1.5));
#13308=CARTESIAN_POINT('',(29.595037336275,15.7571628689766,1.5));
#13309=CARTESIAN_POINT('',(40.16507467255,15.7571628689766,0.5));
#13310=CARTESIAN_POINT('',(40.16507467255,15.7571628689766,1.5));
#13311=CARTESIAN_POINT('',(40.16507467255,15.7571628689766,0.5));
#13312=CARTESIAN_POINT('Origin',(40.16507467255,13.7571629881859,1.5));
#13313=CARTESIAN_POINT('',(40.16507467255,13.7571629881859,1.5));
#13314=CARTESIAN_POINT('',(40.16507467255,2.24808149409294,1.5));
#13315=CARTESIAN_POINT('',(40.16507467255,13.7571629881859,0.5));
#13316=CARTESIAN_POINT('',(40.16507467255,13.7571629881859,1.5));
#13317=CARTESIAN_POINT('',(40.16507467255,13.7571629881859,0.5));
#13318=CARTESIAN_POINT('Origin',(40.4297407530248,13.7571629881859,1.5));
#13319=CARTESIAN_POINT('',(29.7273703765124,13.7571629881859,1.5));
#13320=CARTESIAN_POINT('',(40.4297407530248,13.7571629881859,0.5));
#13321=CARTESIAN_POINT('Origin',(37.3485678713769,17.8785816580057,0.5));
#13322=CARTESIAN_POINT('Origin',(37.2210093401372,14.6043661236763,1.5));
#13323=CARTESIAN_POINT('',(37.2210093401372,14.6043661236763,1.5));
#13324=CARTESIAN_POINT('',(37.2210093401372,13.7571629881859,1.5));
#13325=CARTESIAN_POINT('',(37.2210093401372,2.67168306183815,1.5));
#13326=CARTESIAN_POINT('',(37.2210093401372,14.6043661236763,0.5));
#13327=CARTESIAN_POINT('',(37.2210093401372,14.6043661236763,1.5));
#13328=CARTESIAN_POINT('',(37.2210093401372,13.7571629881859,0.5));
#13329=CARTESIAN_POINT('',(37.2210093401372,14.6043661236763,0.5));
#13330=CARTESIAN_POINT('',(37.2210093401372,13.7571629881859,1.5));
#13331=CARTESIAN_POINT('Origin',(38.0190994404256,15.7571628689766,1.5));
#13332=CARTESIAN_POINT('',(38.0190994404256,15.7571628689766,1.5));
#13333=CARTESIAN_POINT('',(29.087804862352,2.85640477512112,1.5));
#13334=CARTESIAN_POINT('',(38.0190994404256,15.7571628689766,0.5));
#13335=CARTESIAN_POINT('',(38.0190994404256,15.7571628689766,1.5));
#13336=CARTESIAN_POINT('',(38.0190994404256,15.7571628689766,0.5));
#13337=CARTESIAN_POINT('Origin',(37.7107777260244,15.7571628689766,1.5));
#13338=CARTESIAN_POINT('',(37.7107777260244,15.7571628689766,1.5));
#13339=CARTESIAN_POINT('',(28.3678888630122,15.7571628689766,1.5));
#13340=CARTESIAN_POINT('',(37.7107777260244,15.7571628689766,0.5));
#13341=CARTESIAN_POINT('',(37.7107777260244,15.7571628689766,1.5));
#13342=CARTESIAN_POINT('',(37.7107777260244,15.7571628689766,0.5));
#13343=CARTESIAN_POINT('Origin',(37.3233290575445,15.1691684126854,1.5));
#13344=CARTESIAN_POINT('',(37.3233290575445,15.1691684126854,1.5));
#13345=CARTESIAN_POINT('',(28.9413200197965,2.448580505867,1.5));
#13346=CARTESIAN_POINT('',(37.3233290575445,15.1691684126854,0.5));
#13347=CARTESIAN_POINT('',(37.3233290575445,15.1691684126854,1.5));
#13348=CARTESIAN_POINT('',(37.3233290575445,15.1691684126854,0.5));
#13349=CARTESIAN_POINT('Ctrl Pts',(37.1050479076803,14.8158261179924,1.5));
#13350=CARTESIAN_POINT('Ctrl Pts',(37.1050479076803,14.8158261179924,0.5));
#13351=CARTESIAN_POINT('Ctrl Pts',(37.1378799561381,14.8716444414364,1.5));
#13352=CARTESIAN_POINT('Ctrl Pts',(37.1378799561381,14.8716444414364,0.5));
#13353=CARTESIAN_POINT('Ctrl Pts',(37.2080847136635,14.991000742579,1.5));
#13354=CARTESIAN_POINT('Ctrl Pts',(37.2080847136635,14.991000742579,0.5));
#13355=CARTESIAN_POINT('Ctrl Pts',(37.283292854128,15.1072724719181,1.5));
#13356=CARTESIAN_POINT('Ctrl Pts',(37.283292854128,15.1072724719181,0.5));
#13357=CARTESIAN_POINT('Ctrl Pts',(37.3233290575445,15.1691684126854,1.5));
#13358=CARTESIAN_POINT('Ctrl Pts',(37.3233290575445,15.1691684126854,0.5));
#13359=CARTESIAN_POINT('',(37.1050479076803,14.8158261179924,1.5));
#13360=CARTESIAN_POINT('Ctrl Pts',(37.1050479076803,14.8158261179924,1.5));
#13361=CARTESIAN_POINT('Ctrl Pts',(37.1378799561381,14.8716444414364,1.5));
#13362=CARTESIAN_POINT('Ctrl Pts',(37.2080847136635,14.991000742579,1.5));
#13363=CARTESIAN_POINT('Ctrl Pts',(37.283292854128,15.1072724719181,1.5));
#13364=CARTESIAN_POINT('Ctrl Pts',(37.3233290575445,15.1691684126854,1.5));
#13365=CARTESIAN_POINT('',(37.1050479076803,14.8158261179924,0.5));
#13366=CARTESIAN_POINT('',(37.1050479076803,14.8158261179924,1.5));
#13367=CARTESIAN_POINT('Ctrl Pts',(37.1050479076803,14.8158261179924,0.5));
#13368=CARTESIAN_POINT('Ctrl Pts',(37.1378799561381,14.8716444414364,0.5));
#13369=CARTESIAN_POINT('Ctrl Pts',(37.2080847136635,14.991000742579,0.5));
#13370=CARTESIAN_POINT('Ctrl Pts',(37.283292854128,15.1072724719181,0.5));
#13371=CARTESIAN_POINT('Ctrl Pts',(37.3233290575445,15.1691684126854,0.5));
#13372=CARTESIAN_POINT('Ctrl Pts',(36.9017734192312,15.1541617512703,1.5));
#13373=CARTESIAN_POINT('Ctrl Pts',(36.9017734192312,15.1541617512703,0.5));
#13374=CARTESIAN_POINT('Ctrl Pts',(36.9373718033883,15.0980538153983,1.5));
#13375=CARTESIAN_POINT('Ctrl Pts',(36.9373718033883,15.0980538153983,0.5));
#13376=CARTESIAN_POINT('Ctrl Pts',(37.0078783062229,14.9869258967222,1.5));
#13377=CARTESIAN_POINT('Ctrl Pts',(37.0078783062229,14.9869258967222,0.5));
#13378=CARTESIAN_POINT('Ctrl Pts',(37.0728701326158,14.8724859180839,1.5));
#13379=CARTESIAN_POINT('Ctrl Pts',(37.0728701326158,14.8724859180839,0.5));
#13380=CARTESIAN_POINT('Ctrl Pts',(37.1050479076803,14.8158261179924,1.5));
#13381=CARTESIAN_POINT('Ctrl Pts',(37.1050479076803,14.8158261179924,0.5));
#13382=CARTESIAN_POINT('',(36.9017734192312,15.1541617512703,1.5));
#13383=CARTESIAN_POINT('Ctrl Pts',(36.9017734192312,15.1541617512703,1.5));
#13384=CARTESIAN_POINT('Ctrl Pts',(36.9373718033883,15.0980538153983,1.5));
#13385=CARTESIAN_POINT('Ctrl Pts',(37.0078783062229,14.9869258967222,1.5));
#13386=CARTESIAN_POINT('Ctrl Pts',(37.0728701326158,14.8724859180839,1.5));
#13387=CARTESIAN_POINT('Ctrl Pts',(37.1050479076803,14.8158261179924,1.5));
#13388=CARTESIAN_POINT('',(36.9017734192312,15.1541617512703,0.5));
#13389=CARTESIAN_POINT('',(36.9017734192312,15.1541617512703,1.5));
#13390=CARTESIAN_POINT('Ctrl Pts',(36.9017734192312,15.1541617512703,0.5));
#13391=CARTESIAN_POINT('Ctrl Pts',(36.9373718033883,15.0980538153983,0.5));
#13392=CARTESIAN_POINT('Ctrl Pts',(37.0078783062229,14.9869258967222,0.5));
#13393=CARTESIAN_POINT('Ctrl Pts',(37.0728701326158,14.8724859180839,0.5));
#13394=CARTESIAN_POINT('Ctrl Pts',(37.1050479076803,14.8158261179924,0.5));
#13395=CARTESIAN_POINT('Origin',(36.5075035952032,15.7571628689766,1.5));
#13396=CARTESIAN_POINT('',(36.5075035952032,15.7571628689766,1.5));
#13397=CARTESIAN_POINT('',(39.6192058602199,10.9980871562967,1.5));
#13398=CARTESIAN_POINT('',(36.5075035952032,15.7571628689766,0.5));
#13399=CARTESIAN_POINT('',(36.5075035952032,15.7571628689766,1.5));
#13400=CARTESIAN_POINT('',(36.5075035952032,15.7571628689766,0.5));
#13401=CARTESIAN_POINT('Origin',(36.1855389736593,15.7571628689766,1.5));
#13402=CARTESIAN_POINT('',(36.1855389736593,15.7571628689766,1.5));
#13403=CARTESIAN_POINT('',(27.6052694868296,15.7571628689766,1.5));
#13404=CARTESIAN_POINT('',(36.1855389736593,15.7571628689766,0.5));
#13405=CARTESIAN_POINT('',(36.1855389736593,15.7571628689766,1.5));
#13406=CARTESIAN_POINT('',(36.1855389736593,15.7571628689766,0.5));
#13407=CARTESIAN_POINT('Origin',(36.9563438557088,14.6043661236763,1.5));
#13408=CARTESIAN_POINT('',(36.9563438557088,14.6043661236763,1.5));
#13409=CARTESIAN_POINT('',(39.700011590818,10.5010044184297,1.5));
#13410=CARTESIAN_POINT('',(36.9563438557088,14.6043661236763,0.5));
#13411=CARTESIAN_POINT('',(36.9563438557088,14.6043661236763,1.5));
#13412=CARTESIAN_POINT('',(36.9563438557088,14.6043661236763,0.5));
#13413=CARTESIAN_POINT('Origin',(36.9563438557088,13.7571629881859,1.5));
#13414=CARTESIAN_POINT('',(36.9563438557088,13.7571629881859,1.5));
#13415=CARTESIAN_POINT('',(36.9563438557088,2.24808149409294,1.5));
#13416=CARTESIAN_POINT('',(36.9563438557088,13.7571629881859,0.5));
#13417=CARTESIAN_POINT('',(36.9563438557088,13.7571629881859,1.5));
#13418=CARTESIAN_POINT('',(36.9563438557088,13.7571629881859,0.5));
#13419=CARTESIAN_POINT('Origin',(37.2210093401372,13.7571629881859,1.5));
#13420=CARTESIAN_POINT('',(28.1230046700686,13.7571629881859,1.5));
#13421=CARTESIAN_POINT('',(37.2210093401372,13.7571629881859,0.5));
#13422=CARTESIAN_POINT('Origin',(37.3485678713769,17.8785816580057,0.5));
#13423=CARTESIAN_POINT('Origin',(32.5320603512228,14.6657577157021,1.5));
#13424=CARTESIAN_POINT('',(32.5320603512228,14.6657577157021,1.5));
#13425=CARTESIAN_POINT('',(32.5320603512228,13.7571629881859,1.5));
#13426=CARTESIAN_POINT('',(32.5320603512228,2.70237885785102,1.5));
#13427=CARTESIAN_POINT('',(32.5320603512228,14.6657577157021,0.5));
#13428=CARTESIAN_POINT('',(32.5320603512228,14.6657577157021,1.5));
#13429=CARTESIAN_POINT('',(32.5320603512228,13.7571629881859,0.5));
#13430=CARTESIAN_POINT('',(32.5320603512228,14.6657577157021,0.5));
#13431=CARTESIAN_POINT('',(32.5320603512228,13.7571629881859,1.5));
#13432=CARTESIAN_POINT('Origin',(33.4706689976156,14.6657577157021,1.5));
#13433=CARTESIAN_POINT('',(33.4706689976156,14.6657577157021,1.5));
#13434=CARTESIAN_POINT('',(26.2478344988078,14.6657577157021,1.5));
#13435=CARTESIAN_POINT('',(33.4706689976156,14.6657577157021,0.5));
#13436=CARTESIAN_POINT('',(33.4706689976156,14.6657577157021,1.5));
#13437=CARTESIAN_POINT('',(33.4706689976156,14.6657577157021,0.5));
#13438=CARTESIAN_POINT('Origin',(33.4706689976156,14.9017742276192,1.5));
#13439=CARTESIAN_POINT('',(33.4706689976156,14.9017742276192,1.5));
#13440=CARTESIAN_POINT('',(33.4706689976156,2.82038711380958,1.5));
#13441=CARTESIAN_POINT('',(33.4706689976156,14.9017742276192,0.5));
#13442=CARTESIAN_POINT('',(33.4706689976156,14.9017742276192,1.5));
#13443=CARTESIAN_POINT('',(33.4706689976156,14.9017742276192,0.5));
#13444=CARTESIAN_POINT('Origin',(32.5320603512228,14.9017742276192,1.5));
#13445=CARTESIAN_POINT('',(32.5320603512228,14.9017742276192,1.5));
#13446=CARTESIAN_POINT('',(25.7785301756114,14.9017742276192,1.5));
#13447=CARTESIAN_POINT('',(32.5320603512228,14.9017742276192,0.5));
#13448=CARTESIAN_POINT('',(32.5320603512228,14.9017742276192,1.5));
#13449=CARTESIAN_POINT('',(32.5320603512228,14.9017742276192,0.5));
#13450=CARTESIAN_POINT('Origin',(32.5320603512228,15.5211463570595,1.5));
#13451=CARTESIAN_POINT('',(32.5320603512228,15.5211463570595,1.5));
#13452=CARTESIAN_POINT('',(32.5320603512228,3.13007317852974,1.5));
#13453=CARTESIAN_POINT('',(32.5320603512228,15.5211463570595,0.5));
#13454=CARTESIAN_POINT('',(32.5320603512228,15.5211463570595,1.5));
#13455=CARTESIAN_POINT('',(32.5320603512228,15.5211463570595,0.5));
#13456=CARTESIAN_POINT('Origin',(33.6166443489492,15.5211463570595,1.5));
#13457=CARTESIAN_POINT('',(33.6166443489492,15.5211463570595,1.5));
#13458=CARTESIAN_POINT('',(26.3208221744746,15.5211463570595,1.5));
#13459=CARTESIAN_POINT('',(33.6166443489492,15.5211463570595,0.5));
#13460=CARTESIAN_POINT('',(33.6166443489492,15.5211463570595,1.5));
#13461=CARTESIAN_POINT('',(33.6166443489492,15.5211463570595,0.5));
#13462=CARTESIAN_POINT('Origin',(33.6166443489492,15.7571628689766,1.5));
#13463=CARTESIAN_POINT('',(33.6166443489492,15.7571628689766,1.5));
#13464=CARTESIAN_POINT('',(33.6166443489492,3.24808143448829,1.5));
#13465=CARTESIAN_POINT('',(33.6166443489492,15.7571628689766,0.5));
#13466=CARTESIAN_POINT('',(33.6166443489492,15.7571628689766,1.5));
#13467=CARTESIAN_POINT('',(33.6166443489492,15.7571628689766,0.5));
#13468=CARTESIAN_POINT('Origin',(32.2673947177827,15.7571628689766,1.5));
#13469=CARTESIAN_POINT('',(32.2673947177827,15.7571628689766,1.5));
#13470=CARTESIAN_POINT('',(25.6461973588914,15.7571628689766,1.5));
#13471=CARTESIAN_POINT('',(32.2673947177827,15.7571628689766,0.5));
#13472=CARTESIAN_POINT('',(32.2673947177827,15.7571628689766,1.5));
#13473=CARTESIAN_POINT('',(32.2673947177827,15.7571628689766,0.5));
#13474=CARTESIAN_POINT('Origin',(32.2673947177827,13.7571629881859,1.5));
#13475=CARTESIAN_POINT('',(32.2673947177827,13.7571629881859,1.5));
#13476=CARTESIAN_POINT('',(32.2673947177827,2.24808149409294,1.5));
#13477=CARTESIAN_POINT('',(32.2673947177827,13.7571629881859,0.5));
#13478=CARTESIAN_POINT('',(32.2673947177827,13.7571629881859,1.5));
#13479=CARTESIAN_POINT('',(32.2673947177827,13.7571629881859,0.5));
#13480=CARTESIAN_POINT('Origin',(32.5320603512228,13.7571629881859,1.5));
#13481=CARTESIAN_POINT('',(25.7785301756114,13.7571629881859,1.5));
#13482=CARTESIAN_POINT('',(32.5320603512228,13.7571629881859,0.5));
#13483=CARTESIAN_POINT('Origin',(37.3485678713769,17.8785816580057,0.5));
#13484=CARTESIAN_POINT('Origin',(38.6834927462041,18.6425650119781,1.5));
#13485=CARTESIAN_POINT('',(38.6834927462041,18.6425650119781,1.5));
#13486=CARTESIAN_POINT('',(38.2633014582098,18.6425650119781,1.5));
#13487=CARTESIAN_POINT('',(28.8542463731021,18.6425650119781,1.5));
#13488=CARTESIAN_POINT('',(38.6834927462041,18.6425650119781,0.5));
#13489=CARTESIAN_POINT('',(38.6834927462041,18.6425650119781,1.5));
#13490=CARTESIAN_POINT('',(38.2633014582098,18.6425650119781,0.5));
#13491=CARTESIAN_POINT('',(38.6834927462041,18.6425650119781,0.5));
#13492=CARTESIAN_POINT('',(38.2633014582098,18.6425650119781,1.5));
#13493=CARTESIAN_POINT('Ctrl Pts',(39.0259208343923,18.6016371846199,1.5));
#13494=CARTESIAN_POINT('Ctrl Pts',(39.0259208343923,18.6016371846199,0.5));
#13495=CARTESIAN_POINT('Ctrl Pts',(38.9798672968914,18.6134823925766,1.5));
#13496=CARTESIAN_POINT('Ctrl Pts',(38.9798672968914,18.6134823925766,0.5));
#13497=CARTESIAN_POINT('Ctrl Pts',(38.8677709675485,18.6423141480574,1.5));
#13498=CARTESIAN_POINT('Ctrl Pts',(38.8677709675485,18.6423141480574,0.5));
#13499=CARTESIAN_POINT('Ctrl Pts',(38.7518115306031,18.6424720074007,1.5));
#13500=CARTESIAN_POINT('Ctrl Pts',(38.7518115306031,18.6424720074007,0.5));
#13501=CARTESIAN_POINT('Ctrl Pts',(38.6834927462041,18.6425650119781,1.5));
#13502=CARTESIAN_POINT('Ctrl Pts',(38.6834927462041,18.6425650119781,0.5));
#13503=CARTESIAN_POINT('',(39.0259208343923,18.6016371846199,1.5));
#13504=CARTESIAN_POINT('Ctrl Pts',(39.0259208343923,18.6016371846199,1.5));
#13505=CARTESIAN_POINT('Ctrl Pts',(38.9798672968914,18.6134823925766,1.5));
#13506=CARTESIAN_POINT('Ctrl Pts',(38.8677709675485,18.6423141480574,1.5));
#13507=CARTESIAN_POINT('Ctrl Pts',(38.7518115306031,18.6424720074007,1.5));
#13508=CARTESIAN_POINT('Ctrl Pts',(38.6834927462041,18.6425650119781,1.5));
#13509=CARTESIAN_POINT('',(39.0259208343923,18.6016371846199,0.5));
#13510=CARTESIAN_POINT('',(39.0259208343923,18.6016371846199,1.5));
#13511=CARTESIAN_POINT('Ctrl Pts',(39.0259208343923,18.6016371846199,0.5));
#13512=CARTESIAN_POINT('Ctrl Pts',(38.9798672968914,18.6134823925766,0.5));
#13513=CARTESIAN_POINT('Ctrl Pts',(38.8677709675485,18.6423141480574,0.5));
#13514=CARTESIAN_POINT('Ctrl Pts',(38.7518115306031,18.6424720074007,0.5));
#13515=CARTESIAN_POINT('Ctrl Pts',(38.6834927462041,18.6425650119781,0.5));
#13516=CARTESIAN_POINT('Ctrl Pts',(39.2762621305883,18.3758530020714,1.5));
#13517=CARTESIAN_POINT('Ctrl Pts',(39.2762621305883,18.3758530020714,0.5));
#13518=CARTESIAN_POINT('Ctrl Pts',(39.2417264409527,18.426701115982,1.5));
#13519=CARTESIAN_POINT('Ctrl Pts',(39.2417264409527,18.426701115982,0.5));
#13520=CARTESIAN_POINT('Ctrl Pts',(39.1765614088608,18.5226458910757,1.5));
#13521=CARTESIAN_POINT('Ctrl Pts',(39.1765614088608,18.5226458910757,0.5));
#13522=CARTESIAN_POINT('Ctrl Pts',(39.0740867289448,18.5763804679031,1.5));
#13523=CARTESIAN_POINT('Ctrl Pts',(39.0740867289448,18.5763804679031,0.5));
#13524=CARTESIAN_POINT('Ctrl Pts',(39.0259208343923,18.6016371846199,1.5));
#13525=CARTESIAN_POINT('Ctrl Pts',(39.0259208343923,18.6016371846199,0.5));
#13526=CARTESIAN_POINT('',(39.2762621305883,18.3758530020714,1.5));
#13527=CARTESIAN_POINT('Ctrl Pts',(39.2762621305883,18.3758530020714,1.5));
#13528=CARTESIAN_POINT('Ctrl Pts',(39.2417264409527,18.426701115982,1.5));
#13529=CARTESIAN_POINT('Ctrl Pts',(39.1765614088608,18.5226458910757,1.5));
#13530=CARTESIAN_POINT('Ctrl Pts',(39.0740867289448,18.5763804679031,1.5));
#13531=CARTESIAN_POINT('Ctrl Pts',(39.0259208343923,18.6016371846199,1.5));
#13532=CARTESIAN_POINT('',(39.2762621305883,18.3758530020714,0.5));
#13533=CARTESIAN_POINT('',(39.2762621305883,18.3758530020714,1.5));
#13534=CARTESIAN_POINT('Ctrl Pts',(39.2762621305883,18.3758530020714,0.5));
#13535=CARTESIAN_POINT('Ctrl Pts',(39.2417264409527,18.426701115982,0.5));
#13536=CARTESIAN_POINT('Ctrl Pts',(39.1765614088608,18.5226458910757,0.5));
#13537=CARTESIAN_POINT('Ctrl Pts',(39.0740867289448,18.5763804679031,0.5));
#13538=CARTESIAN_POINT('Ctrl Pts',(39.0259208343923,18.6016371846199,0.5));
#13539=CARTESIAN_POINT('Ctrl Pts',(39.3792637251318,17.893588244915,1.5));
#13540=CARTESIAN_POINT('Ctrl Pts',(39.3792637251318,17.893588244915,0.5));
#13541=CARTESIAN_POINT('Ctrl Pts',(39.3774558120821,17.9876356710614,1.5));
#13542=CARTESIAN_POINT('Ctrl Pts',(39.3774558120821,17.9876356710614,0.5));
#13543=CARTESIAN_POINT('Ctrl Pts',(39.3742276783977,18.1555628091098,1.5));
#13544=CARTESIAN_POINT('Ctrl Pts',(39.3742276783977,18.1555628091098,0.5));
#13545=CARTESIAN_POINT('Ctrl Pts',(39.3061937328153,18.3085473157595,1.5));
#13546=CARTESIAN_POINT('Ctrl Pts',(39.3061937328153,18.3085473157595,0.5));
#13547=CARTESIAN_POINT('Ctrl Pts',(39.2762621305883,18.3758530020714,1.5));
#13548=CARTESIAN_POINT('Ctrl Pts',(39.2762621305883,18.3758530020714,0.5));
#13549=CARTESIAN_POINT('',(39.3792637251318,17.893588244915,1.5));
#13550=CARTESIAN_POINT('Ctrl Pts',(39.3792637251318,17.893588244915,1.5));
#13551=CARTESIAN_POINT('Ctrl Pts',(39.3774558120821,17.9876356710614,1.5));
#13552=CARTESIAN_POINT('Ctrl Pts',(39.3742276783977,18.1555628091098,1.5));
#13553=CARTESIAN_POINT('Ctrl Pts',(39.3061937328153,18.3085473157595,1.5));
#13554=CARTESIAN_POINT('Ctrl Pts',(39.2762621305883,18.3758530020714,1.5));
#13555=CARTESIAN_POINT('',(39.3792637251318,17.893588244915,0.5));
#13556=CARTESIAN_POINT('',(39.3792637251318,17.893588244915,1.5));
#13557=CARTESIAN_POINT('Ctrl Pts',(39.3792637251318,17.893588244915,0.5));
#13558=CARTESIAN_POINT('Ctrl Pts',(39.3774558120821,17.9876356710614,0.5));
#13559=CARTESIAN_POINT('Ctrl Pts',(39.3742276783977,18.1555628091098,0.5));
#13560=CARTESIAN_POINT('Ctrl Pts',(39.3061937328153,18.3085473157595,0.5));
#13561=CARTESIAN_POINT('Ctrl Pts',(39.2762621305883,18.3758530020714,0.5));
#13562=CARTESIAN_POINT('Ctrl Pts',(39.3267395161092,17.5081858038902,1.5));
#13563=CARTESIAN_POINT('Ctrl Pts',(39.3267395161092,17.5081858038902,0.5));
#13564=CARTESIAN_POINT('Ctrl Pts',(39.3420353996476,17.56648350894,1.5));
#13565=CARTESIAN_POINT('Ctrl Pts',(39.3420353996476,17.56648350894,0.5));
#13566=CARTESIAN_POINT('Ctrl Pts',(39.3751585067205,17.6927266985942,1.5));
#13567=CARTESIAN_POINT('Ctrl Pts',(39.3751585067205,17.6927266985942,0.5));
#13568=CARTESIAN_POINT('Ctrl Pts',(39.3778273331515,17.8233079612925,1.5));
#13569=CARTESIAN_POINT('Ctrl Pts',(39.3778273331515,17.8233079612925,0.5));
#13570=CARTESIAN_POINT('Ctrl Pts',(39.3792637251318,17.893588244915,1.5));
#13571=CARTESIAN_POINT('Ctrl Pts',(39.3792637251318,17.893588244915,0.5));
#13572=CARTESIAN_POINT('',(39.3267395161092,17.5081858038902,1.5));
#13573=CARTESIAN_POINT('Ctrl Pts',(39.3267395161092,17.5081858038902,1.5));
#13574=CARTESIAN_POINT('Ctrl Pts',(39.3420353996476,17.56648350894,1.5));
#13575=CARTESIAN_POINT('Ctrl Pts',(39.3751585067205,17.6927266985942,1.5));
#13576=CARTESIAN_POINT('Ctrl Pts',(39.3778273331515,17.8233079612925,1.5));
#13577=CARTESIAN_POINT('Ctrl Pts',(39.3792637251318,17.893588244915,1.5));
#13578=CARTESIAN_POINT('',(39.3267395161092,17.5081858038902,0.5));
#13579=CARTESIAN_POINT('',(39.3267395161092,17.5081858038902,1.5));
#13580=CARTESIAN_POINT('Ctrl Pts',(39.3267395161092,17.5081858038902,0.5));
#13581=CARTESIAN_POINT('Ctrl Pts',(39.3420353996476,17.56648350894,0.5));
#13582=CARTESIAN_POINT('Ctrl Pts',(39.3751585067205,17.6927266985942,0.5));
#13583=CARTESIAN_POINT('Ctrl Pts',(39.3778273331515,17.8233079612925,0.5));
#13584=CARTESIAN_POINT('Ctrl Pts',(39.3792637251318,17.893588244915,0.5));
#13585=CARTESIAN_POINT('Ctrl Pts',(39.1800822876394,17.2551164031029,1.5));
#13586=CARTESIAN_POINT('Ctrl Pts',(39.1800822876394,17.2551164031029,0.5));
#13587=CARTESIAN_POINT('Ctrl Pts',(39.2101764311907,17.2906085570175,1.5));
#13588=CARTESIAN_POINT('Ctrl Pts',(39.2101764311907,17.2906085570175,0.5));
#13589=CARTESIAN_POINT('Ctrl Pts',(39.2741630887658,17.3660725520392,1.5));
#13590=CARTESIAN_POINT('Ctrl Pts',(39.2741630887658,17.3660725520392,0.5));
#13591=CARTESIAN_POINT('Ctrl Pts',(39.3085339339414,17.4589764031296,1.5));
#13592=CARTESIAN_POINT('Ctrl Pts',(39.3085339339414,17.4589764031296,0.5));
#13593=CARTESIAN_POINT('Ctrl Pts',(39.3267395161092,17.5081858038902,1.5));
#13594=CARTESIAN_POINT('Ctrl Pts',(39.3267395161092,17.5081858038902,0.5));
#13595=CARTESIAN_POINT('',(39.1800822876394,17.2551164031029,1.5));
#13596=CARTESIAN_POINT('Ctrl Pts',(39.1800822876394,17.2551164031029,1.5));
#13597=CARTESIAN_POINT('Ctrl Pts',(39.2101764311907,17.2906085570175,1.5));
#13598=CARTESIAN_POINT('Ctrl Pts',(39.2741630887658,17.3660725520392,1.5));
#13599=CARTESIAN_POINT('Ctrl Pts',(39.3085339339414,17.4589764031296,1.5));
#13600=CARTESIAN_POINT('Ctrl Pts',(39.3267395161092,17.5081858038902,1.5));
#13601=CARTESIAN_POINT('',(39.1800822876394,17.2551164031029,0.5));
#13602=CARTESIAN_POINT('',(39.1800822876394,17.2551164031029,1.5));
#13603=CARTESIAN_POINT('Ctrl Pts',(39.1800822876394,17.2551164031029,0.5));
#13604=CARTESIAN_POINT('Ctrl Pts',(39.2101764311907,17.2906085570175,0.5));
#13605=CARTESIAN_POINT('Ctrl Pts',(39.2741630887658,17.3660725520392,0.5));
#13606=CARTESIAN_POINT('Ctrl Pts',(39.3085339339414,17.4589764031296,0.5));
#13607=CARTESIAN_POINT('Ctrl Pts',(39.3267395161092,17.5081858038902,0.5));
#13608=CARTESIAN_POINT('Ctrl Pts',(39.0006824396551,17.1514323353767,1.5));
#13609=CARTESIAN_POINT('Ctrl Pts',(39.0006824396551,17.1514323353767,0.5));
#13610=CARTESIAN_POINT('Ctrl Pts',(39.0355495358421,17.1642386919208,1.5));
#13611=CARTESIAN_POINT('Ctrl Pts',(39.0355495358421,17.1642386919208,0.5));
#13612=CARTESIAN_POINT('Ctrl Pts',(39.10143439471,17.1884375810107,1.5));
#13613=CARTESIAN_POINT('Ctrl Pts',(39.10143439471,17.1884375810107,0.5));
#13614=CARTESIAN_POINT('Ctrl Pts',(39.154907719199,17.2337730395649,1.5));
#13615=CARTESIAN_POINT('Ctrl Pts',(39.154907719199,17.2337730395649,0.5));
#13616=CARTESIAN_POINT('Ctrl Pts',(39.1800822876394,17.2551164031029,1.5));
#13617=CARTESIAN_POINT('Ctrl Pts',(39.1800822876394,17.2551164031029,0.5));
#13618=CARTESIAN_POINT('',(39.0006824396551,17.1514323353767,1.5));
#13619=CARTESIAN_POINT('Ctrl Pts',(39.0006824396551,17.1514323353767,1.5));
#13620=CARTESIAN_POINT('Ctrl Pts',(39.0355495358421,17.1642386919208,1.5));
#13621=CARTESIAN_POINT('Ctrl Pts',(39.10143439471,17.1884375810107,1.5));
#13622=CARTESIAN_POINT('Ctrl Pts',(39.154907719199,17.2337730395649,1.5));
#13623=CARTESIAN_POINT('Ctrl Pts',(39.1800822876394,17.2551164031029,1.5));
#13624=CARTESIAN_POINT('',(39.0006824396551,17.1514323353767,0.5));
#13625=CARTESIAN_POINT('',(39.0006824396551,17.1514323353767,1.5));
#13626=CARTESIAN_POINT('Ctrl Pts',(39.0006824396551,17.1514323353767,0.5));
#13627=CARTESIAN_POINT('Ctrl Pts',(39.0355495358421,17.1642386919208,0.5));
#13628=CARTESIAN_POINT('Ctrl Pts',(39.10143439471,17.1884375810107,0.5));
#13629=CARTESIAN_POINT('Ctrl Pts',(39.154907719199,17.2337730395649,0.5));
#13630=CARTESIAN_POINT('Ctrl Pts',(39.1800822876394,17.2551164031029,0.5));
#13631=CARTESIAN_POINT('Ctrl Pts',(38.6903139017522,17.1145978569984,1.5));
#13632=CARTESIAN_POINT('Ctrl Pts',(38.6903139017522,17.1145978569984,0.5));
#13633=CARTESIAN_POINT('Ctrl Pts',(38.7494674736364,17.1151759281891,1.5));
#13634=CARTESIAN_POINT('Ctrl Pts',(38.7494674736364,17.1151759281891,0.5));
#13635=CARTESIAN_POINT('Ctrl Pts',(38.8543698671433,17.1162010742552,1.5));
#13636=CARTESIAN_POINT('Ctrl Pts',(38.8543698671433,17.1162010742552,0.5));
#13637=CARTESIAN_POINT('Ctrl Pts',(38.9562511499688,17.1407335256844,1.5));
#13638=CARTESIAN_POINT('Ctrl Pts',(38.9562511499688,17.1407335256844,0.5));
#13639=CARTESIAN_POINT('Ctrl Pts',(39.0006824396551,17.1514323353767,1.5));
#13640=CARTESIAN_POINT('Ctrl Pts',(39.0006824396551,17.1514323353767,0.5));
#13641=CARTESIAN_POINT('',(38.6903139017522,17.1145978569984,1.5));
#13642=CARTESIAN_POINT('Ctrl Pts',(38.6903139017522,17.1145978569984,1.5));
#13643=CARTESIAN_POINT('Ctrl Pts',(38.7494674736364,17.1151759281891,1.5));
#13644=CARTESIAN_POINT('Ctrl Pts',(38.8543698671433,17.1162010742552,1.5));
#13645=CARTESIAN_POINT('Ctrl Pts',(38.9562511499688,17.1407335256844,1.5));
#13646=CARTESIAN_POINT('Ctrl Pts',(39.0006824396551,17.1514323353767,1.5));
#13647=CARTESIAN_POINT('',(38.6903139017522,17.1145978569984,0.5));
#13648=CARTESIAN_POINT('',(38.6903139017522,17.1145978569984,1.5));
#13649=CARTESIAN_POINT('Ctrl Pts',(38.6903139017522,17.1145978569984,0.5));
#13650=CARTESIAN_POINT('Ctrl Pts',(38.7494674736364,17.1151759281891,0.5));
#13651=CARTESIAN_POINT('Ctrl Pts',(38.8543698671433,17.1162010742552,0.5));
#13652=CARTESIAN_POINT('Ctrl Pts',(38.9562511499688,17.1407335256844,0.5));
#13653=CARTESIAN_POINT('Ctrl Pts',(39.0006824396551,17.1514323353767,0.5));
#13654=CARTESIAN_POINT('Origin',(38.2633014582098,17.1145978569984,1.5));
#13655=CARTESIAN_POINT('',(38.2633014582098,17.1145978569984,1.5));
#13656=CARTESIAN_POINT('',(28.6441507291049,17.1145978569984,1.5));
#13657=CARTESIAN_POINT('',(38.2633014582098,17.1145978569984,0.5));
#13658=CARTESIAN_POINT('',(38.2633014582098,17.1145978569984,1.5));
#13659=CARTESIAN_POINT('',(38.2633014582098,17.1145978569984,0.5));
#13660=CARTESIAN_POINT('Origin',(38.2633014582098,18.6425650119781,1.5));
#13661=CARTESIAN_POINT('',(38.2633014582098,4.69078250598907,1.5));
#13662=CARTESIAN_POINT('',(38.2633014582098,18.6425650119781,0.5));
#13663=CARTESIAN_POINT('Ctrl Pts',(39.0416099689901,16.9126877188683,1.5));
#13664=CARTESIAN_POINT('Ctrl Pts',(39.0416099689901,16.9126877188683,0.5));
#13665=CARTESIAN_POINT('Ctrl Pts',(38.9916851798996,16.9027493564896,1.5));
#13666=CARTESIAN_POINT('Ctrl Pts',(38.9916851798996,16.9027493564896,0.5));
#13667=CARTESIAN_POINT('Ctrl Pts',(38.8856589706695,16.8816430702506,1.5));
#13668=CARTESIAN_POINT('Ctrl Pts',(38.8856589706695,16.8816430702506,0.5));
#13669=CARTESIAN_POINT('Ctrl Pts',(38.7775377628618,16.8796408013303,1.5));
#13670=CARTESIAN_POINT('Ctrl Pts',(38.7775377628618,16.8796408013303,0.5));
#13671=CARTESIAN_POINT('Ctrl Pts',(38.7203278206289,16.8785813450813,1.5));
#13672=CARTESIAN_POINT('Ctrl Pts',(38.7203278206289,16.8785813450813,0.5));
#13673=CARTESIAN_POINT('',(39.0416099689901,16.9126877188683,1.5));
#13674=CARTESIAN_POINT('',(38.7203278206289,16.8785813450813,1.5));
#13675=CARTESIAN_POINT('Ctrl Pts',(39.0416099689901,16.9126877188683,1.5));
#13676=CARTESIAN_POINT('Ctrl Pts',(38.9916851798996,16.9027493564896,1.5));
#13677=CARTESIAN_POINT('Ctrl Pts',(38.8856589706695,16.8816430702506,1.5));
#13678=CARTESIAN_POINT('Ctrl Pts',(38.7775377628618,16.8796408013303,1.5));
#13679=CARTESIAN_POINT('Ctrl Pts',(38.7203278206289,16.8785813450813,1.5));
#13680=CARTESIAN_POINT('',(39.0416099689901,16.9126877188683,0.5));
#13681=CARTESIAN_POINT('',(39.0416099689901,16.9126877188683,1.5));
#13682=CARTESIAN_POINT('',(38.7203278206289,16.8785813450813,0.5));
#13683=CARTESIAN_POINT('Ctrl Pts',(39.0416099689901,16.9126877188683,0.5));
#13684=CARTESIAN_POINT('Ctrl Pts',(38.9916851798996,16.9027493564896,0.5));
#13685=CARTESIAN_POINT('Ctrl Pts',(38.8856589706695,16.8816430702506,0.5));
#13686=CARTESIAN_POINT('Ctrl Pts',(38.7775377628618,16.8796408013303,0.5));
#13687=CARTESIAN_POINT('Ctrl Pts',(38.7203278206289,16.8785813450813,0.5));
#13688=CARTESIAN_POINT('',(38.7203278206289,16.8785813450813,1.5));
#13689=CARTESIAN_POINT('Ctrl Pts',(39.2803545854986,17.0129606127739,1.5));
#13690=CARTESIAN_POINT('Ctrl Pts',(39.2803545854986,17.0129606127739,0.5));
#13691=CARTESIAN_POINT('Ctrl Pts',(39.2446460798941,16.9919966766941,1.5));
#13692=CARTESIAN_POINT('Ctrl Pts',(39.2446460798941,16.9919966766941,0.5));
#13693=CARTESIAN_POINT('Ctrl Pts',(39.1695874571287,16.9479308681912,1.5));
#13694=CARTESIAN_POINT('Ctrl Pts',(39.1695874571287,16.9479308681912,0.5));
#13695=CARTESIAN_POINT('Ctrl Pts',(39.0856269659036,16.9248093632101,1.5));
#13696=CARTESIAN_POINT('Ctrl Pts',(39.0856269659036,16.9248093632101,0.5));
#13697=CARTESIAN_POINT('Ctrl Pts',(39.0416099689901,16.9126877188683,1.5));
#13698=CARTESIAN_POINT('Ctrl Pts',(39.0416099689901,16.9126877188683,0.5));
#13699=CARTESIAN_POINT('',(39.2803545854986,17.0129606127739,1.5));
#13700=CARTESIAN_POINT('Ctrl Pts',(39.2803545854986,17.0129606127739,1.5));
#13701=CARTESIAN_POINT('Ctrl Pts',(39.2446460798941,16.9919966766941,1.5));
#13702=CARTESIAN_POINT('Ctrl Pts',(39.1695874571287,16.9479308681912,1.5));
#13703=CARTESIAN_POINT('Ctrl Pts',(39.0856269659036,16.9248093632101,1.5));
#13704=CARTESIAN_POINT('Ctrl Pts',(39.0416099689901,16.9126877188683,1.5));
#13705=CARTESIAN_POINT('',(39.2803545854986,17.0129606127739,0.5));
#13706=CARTESIAN_POINT('',(39.2803545854986,17.0129606127739,1.5));
#13707=CARTESIAN_POINT('Ctrl Pts',(39.2803545854986,17.0129606127739,0.5));
#13708=CARTESIAN_POINT('Ctrl Pts',(39.2446460798941,16.9919966766941,0.5));
#13709=CARTESIAN_POINT('Ctrl Pts',(39.1695874571287,16.9479308681912,0.5));
#13710=CARTESIAN_POINT('Ctrl Pts',(39.0856269659036,16.9248093632101,0.5));
#13711=CARTESIAN_POINT('Ctrl Pts',(39.0416099689901,16.9126877188683,0.5));
#13712=CARTESIAN_POINT('Ctrl Pts',(39.4624831341207,17.1944066882133,1.5));
#13713=CARTESIAN_POINT('Ctrl Pts',(39.4624831341207,17.1944066882133,0.5));
#13714=CARTESIAN_POINT('Ctrl Pts',(39.434907270221,17.1585839763177,1.5));
#13715=CARTESIAN_POINT('Ctrl Pts',(39.434907270221,17.1585839763177,0.5));
#13716=CARTESIAN_POINT('Ctrl Pts',(39.3821524190645,17.0900522399791,1.5));
#13717=CARTESIAN_POINT('Ctrl Pts',(39.3821524190645,17.0900522399791,0.5));
#13718=CARTESIAN_POINT('Ctrl Pts',(39.313243589894,17.0378674971072,1.5));
#13719=CARTESIAN_POINT('Ctrl Pts',(39.313243589894,17.0378674971072,0.5));
#13720=CARTESIAN_POINT('Ctrl Pts',(39.2803545854986,17.0129606127739,1.5));
#13721=CARTESIAN_POINT('Ctrl Pts',(39.2803545854986,17.0129606127739,0.5));
#13722=CARTESIAN_POINT('',(39.4624831341207,17.1944066882133,1.5));
#13723=CARTESIAN_POINT('Ctrl Pts',(39.4624831341207,17.1944066882133,1.5));
#13724=CARTESIAN_POINT('Ctrl Pts',(39.434907270221,17.1585839763177,1.5));
#13725=CARTESIAN_POINT('Ctrl Pts',(39.3821524190645,17.0900522399791,1.5));
#13726=CARTESIAN_POINT('Ctrl Pts',(39.313243589894,17.0378674971072,1.5));
#13727=CARTESIAN_POINT('Ctrl Pts',(39.2803545854986,17.0129606127739,1.5));
#13728=CARTESIAN_POINT('',(39.4624831341207,17.1944066882133,0.5));
#13729=CARTESIAN_POINT('',(39.4624831341207,17.1944066882133,1.5));
#13730=CARTESIAN_POINT('Ctrl Pts',(39.4624831341207,17.1944066882133,0.5));
#13731=CARTESIAN_POINT('Ctrl Pts',(39.434907270221,17.1585839763177,0.5));
#13732=CARTESIAN_POINT('Ctrl Pts',(39.3821524190645,17.0900522399791,0.5));
#13733=CARTESIAN_POINT('Ctrl Pts',(39.313243589894,17.0378674971072,0.5));
#13734=CARTESIAN_POINT('Ctrl Pts',(39.2803545854986,17.0129606127739,0.5));
#13735=CARTESIAN_POINT('Ctrl Pts',(39.5989086292684,17.4856755137444,1.5));
#13736=CARTESIAN_POINT('Ctrl Pts',(39.5989086292684,17.4856755137444,0.5));
#13737=CARTESIAN_POINT('Ctrl Pts',(39.5809425406052,17.4309931421566,1.5));
#13738=CARTESIAN_POINT('Ctrl Pts',(39.5809425406052,17.4309931421566,0.5));
#13739=CARTESIAN_POINT('Ctrl Pts',(39.5472107923031,17.328325720798,1.5));
#13740=CARTESIAN_POINT('Ctrl Pts',(39.5472107923031,17.328325720798,0.5));
#13741=CARTESIAN_POINT('Ctrl Pts',(39.4894701517539,17.2370618892576,1.5));
#13742=CARTESIAN_POINT('Ctrl Pts',(39.4894701517539,17.2370618892576,0.5));
#13743=CARTESIAN_POINT('Ctrl Pts',(39.4624831341207,17.1944066882133,1.5));
#13744=CARTESIAN_POINT('Ctrl Pts',(39.4624831341207,17.1944066882133,0.5));
#13745=CARTESIAN_POINT('',(39.5989086292684,17.4856755137444,1.5));
#13746=CARTESIAN_POINT('Ctrl Pts',(39.5989086292684,17.4856755137444,1.5));
#13747=CARTESIAN_POINT('Ctrl Pts',(39.5809425406052,17.4309931421566,1.5));
#13748=CARTESIAN_POINT('Ctrl Pts',(39.5472107923031,17.328325720798,1.5));
#13749=CARTESIAN_POINT('Ctrl Pts',(39.4894701517539,17.2370618892576,1.5));
#13750=CARTESIAN_POINT('Ctrl Pts',(39.4624831341207,17.1944066882133,1.5));
#13751=CARTESIAN_POINT('',(39.5989086292684,17.4856755137444,0.5));
#13752=CARTESIAN_POINT('',(39.5989086292684,17.4856755137444,1.5));
#13753=CARTESIAN_POINT('Ctrl Pts',(39.5989086292684,17.4856755137444,0.5));
#13754=CARTESIAN_POINT('Ctrl Pts',(39.5809425406052,17.4309931421566,0.5));
#13755=CARTESIAN_POINT('Ctrl Pts',(39.5472107923031,17.328325720798,0.5));
#13756=CARTESIAN_POINT('Ctrl Pts',(39.4894701517539,17.2370618892576,0.5));
#13757=CARTESIAN_POINT('Ctrl Pts',(39.4624831341207,17.1944066882133,0.5));
#13758=CARTESIAN_POINT('Ctrl Pts',(39.6521147154272,17.8894954919815,1.5));
#13759=CARTESIAN_POINT('Ctrl Pts',(39.6521147154272,17.8894954919815,0.5));
#13760=CARTESIAN_POINT('Ctrl Pts',(39.6504205520164,17.8175000112796,1.5));
#13761=CARTESIAN_POINT('Ctrl Pts',(39.6504205520164,17.8175000112796,0.5));
#13762=CARTESIAN_POINT('Ctrl Pts',(39.6472066458156,17.6809212607343,1.5));
#13763=CARTESIAN_POINT('Ctrl Pts',(39.6472066458156,17.6809212607343,0.5));
#13764=CARTESIAN_POINT('Ctrl Pts',(39.6144147562676,17.5483593580369,1.5));
#13765=CARTESIAN_POINT('Ctrl Pts',(39.6144147562676,17.5483593580369,0.5));
#13766=CARTESIAN_POINT('Ctrl Pts',(39.5989086292684,17.4856755137444,1.5));
#13767=CARTESIAN_POINT('Ctrl Pts',(39.5989086292684,17.4856755137444,0.5));
#13768=CARTESIAN_POINT('',(39.6521147154272,17.8894954919815,1.5));
#13769=CARTESIAN_POINT('Ctrl Pts',(39.6521147154272,17.8894954919815,1.5));
#13770=CARTESIAN_POINT('Ctrl Pts',(39.6504205520164,17.8175000112796,1.5));
#13771=CARTESIAN_POINT('Ctrl Pts',(39.6472066458156,17.6809212607343,1.5));
#13772=CARTESIAN_POINT('Ctrl Pts',(39.6144147562676,17.5483593580369,1.5));
#13773=CARTESIAN_POINT('Ctrl Pts',(39.5989086292684,17.4856755137444,1.5));
#13774=CARTESIAN_POINT('',(39.6521147154272,17.8894954919815,0.5));
#13775=CARTESIAN_POINT('',(39.6521147154272,17.8894954919815,1.5));
#13776=CARTESIAN_POINT('Ctrl Pts',(39.6521147154272,17.8894954919815,0.5));
#13777=CARTESIAN_POINT('Ctrl Pts',(39.6504205520164,17.8175000112796,0.5));
#13778=CARTESIAN_POINT('Ctrl Pts',(39.6472066458156,17.6809212607343,0.5));
#13779=CARTESIAN_POINT('Ctrl Pts',(39.6144147562676,17.5483593580369,0.5));
#13780=CARTESIAN_POINT('Ctrl Pts',(39.5989086292684,17.4856755137444,0.5));
#13781=CARTESIAN_POINT('Ctrl Pts',(39.5736702345312,18.3649387955666,1.5));
#13782=CARTESIAN_POINT('Ctrl Pts',(39.5736702345312,18.3649387955666,0.5));
#13783=CARTESIAN_POINT('Ctrl Pts',(39.5965360133582,18.2911949585454,1.5));
#13784=CARTESIAN_POINT('Ctrl Pts',(39.5965360133582,18.2911949585454,0.5));
#13785=CARTESIAN_POINT('Ctrl Pts',(39.6445290366671,18.1364138896032,1.5));
#13786=CARTESIAN_POINT('Ctrl Pts',(39.6445290366671,18.1364138896032,0.5));
#13787=CARTESIAN_POINT('Ctrl Pts',(39.64950795248,17.9743471908547,1.5));
#13788=CARTESIAN_POINT('Ctrl Pts',(39.64950795248,17.9743471908547,0.5));
#13789=CARTESIAN_POINT('Ctrl Pts',(39.6521147154272,17.8894954919815,1.5));
#13790=CARTESIAN_POINT('Ctrl Pts',(39.6521147154272,17.8894954919815,0.5));
#13791=CARTESIAN_POINT('',(39.5736702345312,18.3649387955666,1.5));
#13792=CARTESIAN_POINT('Ctrl Pts',(39.5736702345312,18.3649387955666,1.5));
#13793=CARTESIAN_POINT('Ctrl Pts',(39.5965360133582,18.2911949585454,1.5));
#13794=CARTESIAN_POINT('Ctrl Pts',(39.6445290366671,18.1364138896032,1.5));
#13795=CARTESIAN_POINT('Ctrl Pts',(39.64950795248,17.9743471908547,1.5));
#13796=CARTESIAN_POINT('Ctrl Pts',(39.6521147154272,17.8894954919815,1.5));
#13797=CARTESIAN_POINT('',(39.5736702345312,18.3649387955666,0.5));
#13798=CARTESIAN_POINT('',(39.5736702345312,18.3649387955666,1.5));
#13799=CARTESIAN_POINT('Ctrl Pts',(39.5736702345312,18.3649387955666,0.5));
#13800=CARTESIAN_POINT('Ctrl Pts',(39.5965360133582,18.2911949585454,0.5));
#13801=CARTESIAN_POINT('Ctrl Pts',(39.6445290366671,18.1364138896032,0.5));
#13802=CARTESIAN_POINT('Ctrl Pts',(39.64950795248,17.9743471908547,0.5));
#13803=CARTESIAN_POINT('Ctrl Pts',(39.6521147154272,17.8894954919815,0.5));
#13804=CARTESIAN_POINT('Ctrl Pts',(39.3369718454778,18.7066850066185,1.5));
#13805=CARTESIAN_POINT('Ctrl Pts',(39.3369718454778,18.7066850066185,0.5));
#13806=CARTESIAN_POINT('Ctrl Pts',(39.3866290327661,18.6583994767277,1.5));
#13807=CARTESIAN_POINT('Ctrl Pts',(39.3866290327661,18.6583994767277,0.5));
#13808=CARTESIAN_POINT('Ctrl Pts',(39.4878203448305,18.5600033252301,1.5));
#13809=CARTESIAN_POINT('Ctrl Pts',(39.4878203448305,18.5600033252301,0.5));
#13810=CARTESIAN_POINT('Ctrl Pts',(39.5447019171416,18.4307593950621,1.5));
#13811=CARTESIAN_POINT('Ctrl Pts',(39.5447019171416,18.4307593950621,0.5));
#13812=CARTESIAN_POINT('Ctrl Pts',(39.5736702345312,18.3649387955666,1.5));
#13813=CARTESIAN_POINT('Ctrl Pts',(39.5736702345312,18.3649387955666,0.5));
#13814=CARTESIAN_POINT('',(39.3369718454778,18.7066850066185,1.5));
#13815=CARTESIAN_POINT('Ctrl Pts',(39.3369718454778,18.7066850066185,1.5));
#13816=CARTESIAN_POINT('Ctrl Pts',(39.3866290327661,18.6583994767277,1.5));
#13817=CARTESIAN_POINT('Ctrl Pts',(39.4878203448305,18.5600033252301,1.5));
#13818=CARTESIAN_POINT('Ctrl Pts',(39.5447019171416,18.4307593950621,1.5));
#13819=CARTESIAN_POINT('Ctrl Pts',(39.5736702345312,18.3649387955666,1.5));
#13820=CARTESIAN_POINT('',(39.3369718454778,18.7066850066185,0.5));
#13821=CARTESIAN_POINT('',(39.3369718454778,18.7066850066185,1.5));
#13822=CARTESIAN_POINT('Ctrl Pts',(39.3369718454778,18.7066850066185,0.5));
#13823=CARTESIAN_POINT('Ctrl Pts',(39.3866290327661,18.6583994767277,0.5));
#13824=CARTESIAN_POINT('Ctrl Pts',(39.4878203448305,18.5600033252301,0.5));
#13825=CARTESIAN_POINT('Ctrl Pts',(39.5447019171416,18.4307593950621,0.5));
#13826=CARTESIAN_POINT('Ctrl Pts',(39.5736702345312,18.3649387955666,0.5));
#13827=CARTESIAN_POINT('Ctrl Pts',(39.0436561964452,18.8499319553375,1.5));
#13828=CARTESIAN_POINT('Ctrl Pts',(39.0436561964452,18.8499319553375,0.5));
#13829=CARTESIAN_POINT('Ctrl Pts',(39.0982947633191,18.8345417167254,1.5));
#13830=CARTESIAN_POINT('Ctrl Pts',(39.0982947633191,18.8345417167254,0.5));
#13831=CARTESIAN_POINT('Ctrl Pts',(39.2048042436757,18.8045408142324,1.5));
#13832=CARTESIAN_POINT('Ctrl Pts',(39.2048042436757,18.8045408142324,0.5));
#13833=CARTESIAN_POINT('Ctrl Pts',(39.2936858422541,18.7387336081371,1.5));
#13834=CARTESIAN_POINT('Ctrl Pts',(39.2936858422541,18.7387336081371,0.5));
#13835=CARTESIAN_POINT('Ctrl Pts',(39.3369718454778,18.7066850066185,1.5));
#13836=CARTESIAN_POINT('Ctrl Pts',(39.3369718454778,18.7066850066185,0.5));
#13837=CARTESIAN_POINT('',(39.0436561964452,18.8499319553375,1.5));
#13838=CARTESIAN_POINT('Ctrl Pts',(39.0436561964452,18.8499319553375,1.5));
#13839=CARTESIAN_POINT('Ctrl Pts',(39.0982947633191,18.8345417167254,1.5));
#13840=CARTESIAN_POINT('Ctrl Pts',(39.2048042436757,18.8045408142324,1.5));
#13841=CARTESIAN_POINT('Ctrl Pts',(39.2936858422541,18.7387336081371,1.5));
#13842=CARTESIAN_POINT('Ctrl Pts',(39.3369718454778,18.7066850066185,1.5));
#13843=CARTESIAN_POINT('',(39.0436561964452,18.8499319553375,0.5));
#13844=CARTESIAN_POINT('',(39.0436561964452,18.8499319553375,1.5));
#13845=CARTESIAN_POINT('Ctrl Pts',(39.0436561964452,18.8499319553375,0.5));
#13846=CARTESIAN_POINT('Ctrl Pts',(39.0982947633191,18.8345417167254,0.5));
#13847=CARTESIAN_POINT('Ctrl Pts',(39.2048042436757,18.8045408142324,0.5));
#13848=CARTESIAN_POINT('Ctrl Pts',(39.2936858422541,18.7387336081371,0.5));
#13849=CARTESIAN_POINT('Ctrl Pts',(39.3369718454778,18.7066850066185,0.5));
#13850=CARTESIAN_POINT('Ctrl Pts',(38.6875852011144,18.878581225872,1.5));
#13851=CARTESIAN_POINT('Ctrl Pts',(38.6875852011144,18.878581225872,0.5));
#13852=CARTESIAN_POINT('Ctrl Pts',(38.7563254352869,18.8782974863266,1.5));
#13853=CARTESIAN_POINT('Ctrl Pts',(38.7563254352869,18.8782974863266,0.5));
#13854=CARTESIAN_POINT('Ctrl Pts',(38.875818038221,18.8778042558737,1.5));
#13855=CARTESIAN_POINT('Ctrl Pts',(38.875818038221,18.8778042558737,0.5));
#13856=CARTESIAN_POINT('Ctrl Pts',(38.993621331899,18.8582410716712,1.5));
#13857=CARTESIAN_POINT('Ctrl Pts',(38.993621331899,18.8582410716712,0.5));
#13858=CARTESIAN_POINT('Ctrl Pts',(39.0436561964452,18.8499319553375,1.5));
#13859=CARTESIAN_POINT('Ctrl Pts',(39.0436561964452,18.8499319553375,0.5));
#13860=CARTESIAN_POINT('',(38.6875852011144,18.878581225872,1.5));
#13861=CARTESIAN_POINT('Ctrl Pts',(38.6875852011144,18.878581225872,1.5));
#13862=CARTESIAN_POINT('Ctrl Pts',(38.7563254352869,18.8782974863266,1.5));
#13863=CARTESIAN_POINT('Ctrl Pts',(38.875818038221,18.8778042558737,1.5));
#13864=CARTESIAN_POINT('Ctrl Pts',(38.993621331899,18.8582410716712,1.5));
#13865=CARTESIAN_POINT('Ctrl Pts',(39.0436561964452,18.8499319553375,1.5));
#13866=CARTESIAN_POINT('',(38.6875852011144,18.878581225872,0.5));
#13867=CARTESIAN_POINT('',(38.6875852011144,18.878581225872,1.5));
#13868=CARTESIAN_POINT('Ctrl Pts',(38.6875852011144,18.878581225872,0.5));
#13869=CARTESIAN_POINT('Ctrl Pts',(38.7563254352869,18.8782974863266,0.5));
#13870=CARTESIAN_POINT('Ctrl Pts',(38.875818038221,18.8778042558737,0.5));
#13871=CARTESIAN_POINT('Ctrl Pts',(38.993621331899,18.8582410716712,0.5));
#13872=CARTESIAN_POINT('Ctrl Pts',(39.0436561964452,18.8499319553375,0.5));
#13873=CARTESIAN_POINT('Origin',(37.9986359737813,18.878581225872,1.5));
#13874=CARTESIAN_POINT('',(37.9986359737813,18.878581225872,1.5));
#13875=CARTESIAN_POINT('',(28.5118179868907,18.878581225872,1.5));
#13876=CARTESIAN_POINT('',(37.9986359737813,18.878581225872,0.5));
#13877=CARTESIAN_POINT('',(37.9986359737813,18.878581225872,1.5));
#13878=CARTESIAN_POINT('',(37.9986359737813,18.878581225872,0.5));
#13879=CARTESIAN_POINT('Origin',(37.9986359737813,16.8785813450813,1.5));
#13880=CARTESIAN_POINT('',(37.9986359737813,16.8785813450813,1.5));
#13881=CARTESIAN_POINT('',(37.9986359737813,3.80879067254066,1.5));
#13882=CARTESIAN_POINT('',(37.9986359737813,16.8785813450813,0.5));
#13883=CARTESIAN_POINT('',(37.9986359737813,16.8785813450813,1.5));
#13884=CARTESIAN_POINT('',(37.9986359737813,16.8785813450813,0.5));
#13885=CARTESIAN_POINT('Origin',(38.7203278206289,16.8785813450813,1.5));
#13886=CARTESIAN_POINT('',(28.8726639103144,16.8785813450813,1.5));
#13887=CARTESIAN_POINT('',(38.7203278206289,16.8785813450813,0.5));
#13888=CARTESIAN_POINT('Origin',(37.3485678713769,17.8785816580057,0.5));
#13889=CARTESIAN_POINT('Origin',(36.8826743029058,18.6575719714165,1.5));
#13890=CARTESIAN_POINT('',(36.8826743029058,18.6575719714165,1.5));
#13891=CARTESIAN_POINT('',(36.2496592663229,18.6575719714165,1.5));
#13892=CARTESIAN_POINT('',(27.9538371514529,18.6575719714165,1.5));
#13893=CARTESIAN_POINT('',(36.8826743029058,18.6575719714165,0.5));
#13894=CARTESIAN_POINT('',(36.8826743029058,18.6575719714165,1.5));
#13895=CARTESIAN_POINT('',(36.2496592663229,18.6575719714165,0.5));
#13896=CARTESIAN_POINT('',(36.8826743029058,18.6575719714165,0.5));
#13897=CARTESIAN_POINT('',(36.2496592663229,18.6575719714165,1.5));
#13898=CARTESIAN_POINT('Ctrl Pts',(37.2080495022237,18.5661664605141,1.5));
#13899=CARTESIAN_POINT('Ctrl Pts',(37.2080495022237,18.5661664605141,0.5));
#13900=CARTESIAN_POINT('Ctrl Pts',(37.1649004337614,18.5927137282073,1.5));
#13901=CARTESIAN_POINT('Ctrl Pts',(37.1649004337614,18.5927137282073,0.5));
#13902=CARTESIAN_POINT('Ctrl Pts',(37.0657886065275,18.6536918281505,1.5));
#13903=CARTESIAN_POINT('Ctrl Pts',(37.0657886065275,18.6536918281505,0.5));
#13904=CARTESIAN_POINT('Ctrl Pts',(36.9487559341078,18.6561717192721,1.5));
#13905=CARTESIAN_POINT('Ctrl Pts',(36.9487559341078,18.6561717192721,0.5));
#13906=CARTESIAN_POINT('Ctrl Pts',(36.8826743029058,18.6575719714165,1.5));
#13907=CARTESIAN_POINT('Ctrl Pts',(36.8826743029058,18.6575719714165,0.5));
#13908=CARTESIAN_POINT('',(37.2080495022237,18.5661664605141,1.5));
#13909=CARTESIAN_POINT('Ctrl Pts',(37.2080495022237,18.5661664605141,1.5));
#13910=CARTESIAN_POINT('Ctrl Pts',(37.1649004337614,18.5927137282073,1.5));
#13911=CARTESIAN_POINT('Ctrl Pts',(37.0657886065275,18.6536918281505,1.5));
#13912=CARTESIAN_POINT('Ctrl Pts',(36.9487559341078,18.6561717192721,1.5));
#13913=CARTESIAN_POINT('Ctrl Pts',(36.8826743029058,18.6575719714165,1.5));
#13914=CARTESIAN_POINT('',(37.2080495022237,18.5661664605141,0.5));
#13915=CARTESIAN_POINT('',(37.2080495022237,18.5661664605141,1.5));
#13916=CARTESIAN_POINT('Ctrl Pts',(37.2080495022237,18.5661664605141,0.5));
#13917=CARTESIAN_POINT('Ctrl Pts',(37.1649004337614,18.5927137282073,0.5));
#13918=CARTESIAN_POINT('Ctrl Pts',(37.0657886065275,18.6536918281505,0.5));
#13919=CARTESIAN_POINT('Ctrl Pts',(36.9487559341078,18.6561717192721,0.5));
#13920=CARTESIAN_POINT('Ctrl Pts',(36.8826743029058,18.6575719714165,0.5));
#13921=CARTESIAN_POINT('Ctrl Pts',(37.3110510967672,18.3328786492348,1.5));
#13922=CARTESIAN_POINT('Ctrl Pts',(37.3110510967672,18.3328786492348,0.5));
#13923=CARTESIAN_POINT('Ctrl Pts',(37.306907826963,18.377937081287,1.5));
#13924=CARTESIAN_POINT('Ctrl Pts',(37.306907826963,18.377937081287,0.5));
#13925=CARTESIAN_POINT('Ctrl Pts',(37.2986914382885,18.4672910476721,1.5));
#13926=CARTESIAN_POINT('Ctrl Pts',(37.2986914382885,18.4672910476721,0.5));
#13927=CARTESIAN_POINT('Ctrl Pts',(37.2380910135604,18.5333961230217,1.5));
#13928=CARTESIAN_POINT('Ctrl Pts',(37.2380910135604,18.5333961230217,0.5));
#13929=CARTESIAN_POINT('Ctrl Pts',(37.2080495022237,18.5661664605141,1.5));
#13930=CARTESIAN_POINT('Ctrl Pts',(37.2080495022237,18.5661664605141,0.5));
#13931=CARTESIAN_POINT('',(37.3110510967672,18.3328786492348,1.5));
#13932=CARTESIAN_POINT('Ctrl Pts',(37.3110510967672,18.3328786492348,1.5));
#13933=CARTESIAN_POINT('Ctrl Pts',(37.306907826963,18.377937081287,1.5));
#13934=CARTESIAN_POINT('Ctrl Pts',(37.2986914382885,18.4672910476721,1.5));
#13935=CARTESIAN_POINT('Ctrl Pts',(37.2380910135604,18.5333961230217,1.5));
#13936=CARTESIAN_POINT('Ctrl Pts',(37.2080495022237,18.5661664605141,1.5));
#13937=CARTESIAN_POINT('',(37.3110510967672,18.3328786492348,0.5));
#13938=CARTESIAN_POINT('',(37.3110510967672,18.3328786492348,1.5));
#13939=CARTESIAN_POINT('Ctrl Pts',(37.3110510967672,18.3328786492348,0.5));
#13940=CARTESIAN_POINT('Ctrl Pts',(37.306907826963,18.377937081287,0.5));
#13941=CARTESIAN_POINT('Ctrl Pts',(37.2986914382885,18.4672910476721,0.5));
#13942=CARTESIAN_POINT('Ctrl Pts',(37.2380910135604,18.5333961230217,0.5));
#13943=CARTESIAN_POINT('Ctrl Pts',(37.2080495022237,18.5661664605141,0.5));
#13944=CARTESIAN_POINT('Ctrl Pts',(37.2578450106084,18.1534788012505,1.5));
#13945=CARTESIAN_POINT('Ctrl Pts',(37.2578450106084,18.1534788012505,0.5));
#13946=CARTESIAN_POINT('Ctrl Pts',(37.2733634678971,18.1815288086583,1.5));
#13947=CARTESIAN_POINT('Ctrl Pts',(37.2733634678971,18.1815288086583,0.5));
#13948=CARTESIAN_POINT('Ctrl Pts',(37.3042875959271,18.2374249589124,1.5));
#13949=CARTESIAN_POINT('Ctrl Pts',(37.3042875959271,18.2374249589124,0.5));
#13950=CARTESIAN_POINT('Ctrl Pts',(37.3088020849052,18.3011382108313,1.5));
#13951=CARTESIAN_POINT('Ctrl Pts',(37.3088020849052,18.3011382108313,0.5));
#13952=CARTESIAN_POINT('Ctrl Pts',(37.3110510967672,18.3328786492348,1.5));
#13953=CARTESIAN_POINT('Ctrl Pts',(37.3110510967672,18.3328786492348,0.5));
#13954=CARTESIAN_POINT('',(37.2578450106084,18.1534788012505,1.5));
#13955=CARTESIAN_POINT('Ctrl Pts',(37.2578450106084,18.1534788012505,1.5));
#13956=CARTESIAN_POINT('Ctrl Pts',(37.2733634678971,18.1815288086583,1.5));
#13957=CARTESIAN_POINT('Ctrl Pts',(37.3042875959271,18.2374249589124,1.5));
#13958=CARTESIAN_POINT('Ctrl Pts',(37.3088020849052,18.3011382108313,1.5));
#13959=CARTESIAN_POINT('Ctrl Pts',(37.3110510967672,18.3328786492348,1.5));
#13960=CARTESIAN_POINT('',(37.2578450106084,18.1534788012505,0.5));
#13961=CARTESIAN_POINT('',(37.2578450106084,18.1534788012505,1.5));
#13962=CARTESIAN_POINT('Ctrl Pts',(37.2578450106084,18.1534788012505,0.5));
#13963=CARTESIAN_POINT('Ctrl Pts',(37.2733634678971,18.1815288086583,0.5));
#13964=CARTESIAN_POINT('Ctrl Pts',(37.3042875959271,18.2374249589124,0.5));
#13965=CARTESIAN_POINT('Ctrl Pts',(37.3088020849052,18.3011382108313,0.5));
#13966=CARTESIAN_POINT('Ctrl Pts',(37.3110510967672,18.3328786492348,0.5));
#13967=CARTESIAN_POINT('Ctrl Pts',(37.1023198030889,18.0334243178368,1.5));
#13968=CARTESIAN_POINT('Ctrl Pts',(37.1023198030889,18.0334243178368,0.5));
#13969=CARTESIAN_POINT('Ctrl Pts',(37.1341125773279,18.0473992855041,1.5));
#13970=CARTESIAN_POINT('Ctrl Pts',(37.1341125773279,18.0473992855041,0.5));
#13971=CARTESIAN_POINT('Ctrl Pts',(37.195957486254,18.074584097881,1.5));
#13972=CARTESIAN_POINT('Ctrl Pts',(37.195957486254,18.074584097881,0.5));
#13973=CARTESIAN_POINT('Ctrl Pts',(37.2376065769851,18.1276786867034,1.5));
#13974=CARTESIAN_POINT('Ctrl Pts',(37.2376065769851,18.1276786867034,0.5));
#13975=CARTESIAN_POINT('Ctrl Pts',(37.2578450106084,18.1534788012505,1.5));
#13976=CARTESIAN_POINT('Ctrl Pts',(37.2578450106084,18.1534788012505,0.5));
#13977=CARTESIAN_POINT('',(37.1023198030889,18.0334243178368,1.5));
#13978=CARTESIAN_POINT('Ctrl Pts',(37.1023198030889,18.0334243178368,1.5));
#13979=CARTESIAN_POINT('Ctrl Pts',(37.1341125773279,18.0473992855041,1.5));
#13980=CARTESIAN_POINT('Ctrl Pts',(37.195957486254,18.074584097881,1.5));
#13981=CARTESIAN_POINT('Ctrl Pts',(37.2376065769851,18.1276786867034,1.5));
#13982=CARTESIAN_POINT('Ctrl Pts',(37.2578450106084,18.1534788012505,1.5));
#13983=CARTESIAN_POINT('',(37.1023198030889,18.0334243178368,0.5));
#13984=CARTESIAN_POINT('',(37.1023198030889,18.0334243178368,1.5));
#13985=CARTESIAN_POINT('Ctrl Pts',(37.1023198030889,18.0334243178368,0.5));
#13986=CARTESIAN_POINT('Ctrl Pts',(37.1341125773279,18.0473992855041,0.5));
#13987=CARTESIAN_POINT('Ctrl Pts',(37.195957486254,18.074584097881,0.5));
#13988=CARTESIAN_POINT('Ctrl Pts',(37.2376065769851,18.1276786867034,0.5));
#13989=CARTESIAN_POINT('Ctrl Pts',(37.2578450106084,18.1534788012505,0.5));
#13990=CARTESIAN_POINT('Ctrl Pts',(36.8185546062887,17.9959073662758,1.5));
#13991=CARTESIAN_POINT('Ctrl Pts',(36.8185546062887,17.9959073662758,0.5));
#13992=CARTESIAN_POINT('Ctrl Pts',(36.8728056282452,17.9964982968865,1.5));
#13993=CARTESIAN_POINT('Ctrl Pts',(36.8728056282452,17.9964982968865,0.5));
#13994=CARTESIAN_POINT('Ctrl Pts',(36.969034604258,17.9975464734096,1.5));
#13995=CARTESIAN_POINT('Ctrl Pts',(36.969034604258,17.9975464734096,0.5));
#13996=CARTESIAN_POINT('Ctrl Pts',(37.0618367393952,18.0225270458675,1.5));
#13997=CARTESIAN_POINT('Ctrl Pts',(37.0618367393952,18.0225270458675,0.5));
#13998=CARTESIAN_POINT('Ctrl Pts',(37.1023198030889,18.0334243178368,1.5));
#13999=CARTESIAN_POINT('Ctrl Pts',(37.1023198030889,18.0334243178368,0.5));
#14000=CARTESIAN_POINT('',(36.8185546062887,17.9959073662758,1.5));
#14001=CARTESIAN_POINT('Ctrl Pts',(36.8185546062887,17.9959073662758,1.5));
#14002=CARTESIAN_POINT('Ctrl Pts',(36.8728056282452,17.9964982968865,1.5));
#14003=CARTESIAN_POINT('Ctrl Pts',(36.969034604258,17.9975464734096,1.5));
#14004=CARTESIAN_POINT('Ctrl Pts',(37.0618367393952,18.0225270458675,1.5));
#14005=CARTESIAN_POINT('Ctrl Pts',(37.1023198030889,18.0334243178368,1.5));
#14006=CARTESIAN_POINT('',(36.8185546062887,17.9959073662758,0.5));
#14007=CARTESIAN_POINT('',(36.8185546062887,17.9959073662758,1.5));
#14008=CARTESIAN_POINT('Ctrl Pts',(36.8185546062887,17.9959073662758,0.5));
#14009=CARTESIAN_POINT('Ctrl Pts',(36.8728056282452,17.9964982968865,0.5));
#14010=CARTESIAN_POINT('Ctrl Pts',(36.969034604258,17.9975464734096,0.5));
#14011=CARTESIAN_POINT('Ctrl Pts',(37.0618367393952,18.0225270458675,0.5));
#14012=CARTESIAN_POINT('Ctrl Pts',(37.1023198030889,18.0334243178368,0.5));
#14013=CARTESIAN_POINT('Origin',(36.2496592663229,17.9959073662758,1.5));
#14014=CARTESIAN_POINT('',(36.2496592663229,17.9959073662758,1.5));
#14015=CARTESIAN_POINT('',(27.6373296331614,17.9959073662758,1.5));
#14016=CARTESIAN_POINT('',(36.2496592663229,17.9959073662758,0.5));
#14017=CARTESIAN_POINT('',(36.2496592663229,17.9959073662758,1.5));
#14018=CARTESIAN_POINT('',(36.2496592663229,17.9959073662758,0.5));
#14019=CARTESIAN_POINT('Origin',(36.2496592663229,18.6575719714165,1.5));
#14020=CARTESIAN_POINT('',(36.2496592663229,4.69828598570823,1.5));
#14021=CARTESIAN_POINT('',(36.2496592663229,18.6575719714165,0.5));
#14022=CARTESIAN_POINT('Origin',(36.2496592663229,17.76671230793,1.5));
#14023=CARTESIAN_POINT('',(36.2496592663229,17.76671230793,1.5));
#14024=CARTESIAN_POINT('',(36.2496592663229,16.8785813450813,1.5));
#14025=CARTESIAN_POINT('',(36.2496592663229,4.25285615396499,1.5));
#14026=CARTESIAN_POINT('',(36.2496592663229,17.76671230793,0.5));
#14027=CARTESIAN_POINT('',(36.2496592663229,17.76671230793,1.5));
#14028=CARTESIAN_POINT('',(36.2496592663229,16.8785813450813,0.5));
#14029=CARTESIAN_POINT('',(36.2496592663229,17.76671230793,0.5));
#14030=CARTESIAN_POINT('',(36.2496592663229,16.8785813450813,1.5));
#14031=CARTESIAN_POINT('Origin',(36.5566172264516,17.76671230793,1.5));
#14032=CARTESIAN_POINT('',(36.5566172264516,17.76671230793,1.5));
#14033=CARTESIAN_POINT('',(27.7908086132258,17.76671230793,1.5));
#14034=CARTESIAN_POINT('',(36.5566172264516,17.76671230793,0.5));
#14035=CARTESIAN_POINT('',(36.5566172264516,17.76671230793,1.5));
#14036=CARTESIAN_POINT('',(36.5566172264516,17.76671230793,0.5));
#14037=CARTESIAN_POINT('Ctrl Pts',(36.7039569281042,17.7571624517441,1.5));
#14038=CARTESIAN_POINT('Ctrl Pts',(36.7039569281042,17.7571624517441,0.5));
#14039=CARTESIAN_POINT('Ctrl Pts',(36.6842026858607,17.7599234176264,1.5));
#14040=CARTESIAN_POINT('Ctrl Pts',(36.6842026858607,17.7599234176264,0.5));
#14041=CARTESIAN_POINT('Ctrl Pts',(36.6353581622586,17.7667502076162,1.5));
#14042=CARTESIAN_POINT('Ctrl Pts',(36.6353581622586,17.7667502076162,0.5));
#14043=CARTESIAN_POINT('Ctrl Pts',(36.586008407686,17.7667264545303,1.5));
#14044=CARTESIAN_POINT('Ctrl Pts',(36.586008407686,17.7667264545303,0.5));
#14045=CARTESIAN_POINT('Ctrl Pts',(36.5566172264516,17.76671230793,1.5));
#14046=CARTESIAN_POINT('Ctrl Pts',(36.5566172264516,17.76671230793,0.5));
#14047=CARTESIAN_POINT('',(36.7039569281042,17.7571624517441,1.5));
#14048=CARTESIAN_POINT('Ctrl Pts',(36.7039569281042,17.7571624517441,1.5));
#14049=CARTESIAN_POINT('Ctrl Pts',(36.6842026858607,17.7599234176264,1.5));
#14050=CARTESIAN_POINT('Ctrl Pts',(36.6353581622586,17.7667502076162,1.5));
#14051=CARTESIAN_POINT('Ctrl Pts',(36.586008407686,17.7667264545303,1.5));
#14052=CARTESIAN_POINT('Ctrl Pts',(36.5566172264516,17.76671230793,1.5));
#14053=CARTESIAN_POINT('',(36.7039569281042,17.7571624517441,0.5));
#14054=CARTESIAN_POINT('',(36.7039569281042,17.7571624517441,1.5));
#14055=CARTESIAN_POINT('Ctrl Pts',(36.7039569281042,17.7571624517441,0.5));
#14056=CARTESIAN_POINT('Ctrl Pts',(36.6842026858607,17.7599234176264,0.5));
#14057=CARTESIAN_POINT('Ctrl Pts',(36.6353581622586,17.7667502076162,0.5));
#14058=CARTESIAN_POINT('Ctrl Pts',(36.586008407686,17.7667264545303,0.5));
#14059=CARTESIAN_POINT('Ctrl Pts',(36.5566172264516,17.76671230793,0.5));
#14060=CARTESIAN_POINT('Ctrl Pts',(36.8246938847005,17.7039566636086,1.5));
#14061=CARTESIAN_POINT('Ctrl Pts',(36.8246938847005,17.7039566636086,0.5));
#14062=CARTESIAN_POINT('Ctrl Pts',(36.8051314652493,17.7156473362131,1.5));
#14063=CARTESIAN_POINT('Ctrl Pts',(36.8051314652493,17.7156473362131,0.5));
#14064=CARTESIAN_POINT('Ctrl Pts',(36.7670777605038,17.7383885623013,1.5));
#14065=CARTESIAN_POINT('Ctrl Pts',(36.7670777605038,17.7383885623013,0.5));
#14066=CARTESIAN_POINT('Ctrl Pts',(36.7245986386977,17.7510230334592,1.5));
#14067=CARTESIAN_POINT('Ctrl Pts',(36.7245986386977,17.7510230334592,0.5));
#14068=CARTESIAN_POINT('Ctrl Pts',(36.7039569281042,17.7571624517441,1.5));
#14069=CARTESIAN_POINT('Ctrl Pts',(36.7039569281042,17.7571624517441,0.5));
#14070=CARTESIAN_POINT('',(36.8246938847005,17.7039566636086,1.5));
#14071=CARTESIAN_POINT('Ctrl Pts',(36.8246938847005,17.7039566636086,1.5));
#14072=CARTESIAN_POINT('Ctrl Pts',(36.8051314652493,17.7156473362131,1.5));
#14073=CARTESIAN_POINT('Ctrl Pts',(36.7670777605038,17.7383885623013,1.5));
#14074=CARTESIAN_POINT('Ctrl Pts',(36.7245986386977,17.7510230334592,1.5));
#14075=CARTESIAN_POINT('Ctrl Pts',(36.7039569281042,17.7571624517441,1.5));
#14076=CARTESIAN_POINT('',(36.8246938847005,17.7039566636086,0.5));
#14077=CARTESIAN_POINT('',(36.8246938847005,17.7039566636086,1.5));
#14078=CARTESIAN_POINT('Ctrl Pts',(36.8246938847005,17.7039566636086,0.5));
#14079=CARTESIAN_POINT('Ctrl Pts',(36.8051314652493,17.7156473362131,0.5));
#14080=CARTESIAN_POINT('Ctrl Pts',(36.7670777605038,17.7383885623013,0.5));
#14081=CARTESIAN_POINT('Ctrl Pts',(36.7245986386977,17.7510230334592,0.5));
#14082=CARTESIAN_POINT('Ctrl Pts',(36.7039569281042,17.7571624517441,0.5));
#14083=CARTESIAN_POINT('Ctrl Pts',(36.9590731523931,17.5702592730522,1.5));
#14084=CARTESIAN_POINT('Ctrl Pts',(36.9590731523931,17.5702592730522,0.5));
#14085=CARTESIAN_POINT('Ctrl Pts',(36.9364967027306,17.5984748545718,1.5));
#14086=CARTESIAN_POINT('Ctrl Pts',(36.9364967027306,17.5984748545718,0.5));
#14087=CARTESIAN_POINT('Ctrl Pts',(36.8967177924457,17.6481897168588,1.5));
#14088=CARTESIAN_POINT('Ctrl Pts',(36.8967177924457,17.6481897168588,0.5));
#14089=CARTESIAN_POINT('Ctrl Pts',(36.8464376303691,17.6871208330517,1.5));
#14090=CARTESIAN_POINT('Ctrl Pts',(36.8464376303691,17.6871208330517,0.5));
#14091=CARTESIAN_POINT('Ctrl Pts',(36.8246938847005,17.7039566636086,1.5));
#14092=CARTESIAN_POINT('Ctrl Pts',(36.8246938847005,17.7039566636086,0.5));
#14093=CARTESIAN_POINT('',(36.9590731523931,17.5702592730522,1.5));
#14094=CARTESIAN_POINT('Ctrl Pts',(36.9590731523931,17.5702592730522,1.5));
#14095=CARTESIAN_POINT('Ctrl Pts',(36.9364967027306,17.5984748545718,1.5));
#14096=CARTESIAN_POINT('Ctrl Pts',(36.8967177924457,17.6481897168588,1.5));
#14097=CARTESIAN_POINT('Ctrl Pts',(36.8464376303691,17.6871208330517,1.5));
#14098=CARTESIAN_POINT('Ctrl Pts',(36.8246938847005,17.7039566636086,1.5));
#14099=CARTESIAN_POINT('',(36.9590731523931,17.5702592730522,0.5));
#14100=CARTESIAN_POINT('',(36.9590731523931,17.5702592730522,1.5));
#14101=CARTESIAN_POINT('Ctrl Pts',(36.9590731523931,17.5702592730522,0.5));
#14102=CARTESIAN_POINT('Ctrl Pts',(36.9364967027306,17.5984748545718,0.5));
#14103=CARTESIAN_POINT('Ctrl Pts',(36.8967177924457,17.6481897168588,0.5));
#14104=CARTESIAN_POINT('Ctrl Pts',(36.8464376303691,17.6871208330517,0.5));
#14105=CARTESIAN_POINT('Ctrl Pts',(36.8246938847005,17.7039566636086,0.5));
#14106=CARTESIAN_POINT('Ctrl Pts',(37.1500690840185,17.294679582119,1.5));
#14107=CARTESIAN_POINT('Ctrl Pts',(37.1500690840185,17.294679582119,0.5));
#14108=CARTESIAN_POINT('Ctrl Pts',(37.1154822063342,17.3481161945355,1.5));
#14109=CARTESIAN_POINT('Ctrl Pts',(37.1154822063342,17.3481161945355,0.5));
#14110=CARTESIAN_POINT('Ctrl Pts',(37.0547165592048,17.4419989197567,1.5));
#14111=CARTESIAN_POINT('Ctrl Pts',(37.0547165592048,17.4419989197567,0.5));
#14112=CARTESIAN_POINT('Ctrl Pts',(36.9878711683499,17.5316403674323,1.5));
#14113=CARTESIAN_POINT('Ctrl Pts',(36.9878711683499,17.5316403674323,0.5));
#14114=CARTESIAN_POINT('Ctrl Pts',(36.9590731523931,17.5702592730522,1.5));
#14115=CARTESIAN_POINT('Ctrl Pts',(36.9590731523931,17.5702592730522,0.5));
#14116=CARTESIAN_POINT('',(37.1500690840185,17.294679582119,1.5));
#14117=CARTESIAN_POINT('Ctrl Pts',(37.1500690840185,17.294679582119,1.5));
#14118=CARTESIAN_POINT('Ctrl Pts',(37.1154822063342,17.3481161945355,1.5));
#14119=CARTESIAN_POINT('Ctrl Pts',(37.0547165592048,17.4419989197567,1.5));
#14120=CARTESIAN_POINT('Ctrl Pts',(36.9878711683499,17.5316403674323,1.5));
#14121=CARTESIAN_POINT('Ctrl Pts',(36.9590731523931,17.5702592730522,1.5));
#14122=CARTESIAN_POINT('',(37.1500690840185,17.294679582119,0.5));
#14123=CARTESIAN_POINT('',(37.1500690840185,17.294679582119,1.5));
#14124=CARTESIAN_POINT('Ctrl Pts',(37.1500690840185,17.294679582119,0.5));
#14125=CARTESIAN_POINT('Ctrl Pts',(37.1154822063342,17.3481161945355,0.5));
#14126=CARTESIAN_POINT('Ctrl Pts',(37.0547165592048,17.4419989197567,0.5));
#14127=CARTESIAN_POINT('Ctrl Pts',(36.9878711683499,17.5316403674323,0.5));
#14128=CARTESIAN_POINT('Ctrl Pts',(36.9590731523931,17.5702592730522,0.5));
#14129=CARTESIAN_POINT('Origin',(37.4147345684469,16.8785813450813,1.5));
#14130=CARTESIAN_POINT('',(37.4147345684469,16.8785813450813,1.5));
#14131=CARTESIAN_POINT('',(40.6848891144096,11.7373535633233,1.5));
#14132=CARTESIAN_POINT('',(37.4147345684469,16.8785813450813,0.5));
#14133=CARTESIAN_POINT('',(37.4147345684469,16.8785813450813,1.5));
#14134=CARTESIAN_POINT('',(37.4147345684469,16.8785813450813,0.5));
#14135=CARTESIAN_POINT('Origin',(37.7476128004491,16.8785813450813,1.5));
#14136=CARTESIAN_POINT('',(37.7476128004491,16.8785813450813,1.5));
#14137=CARTESIAN_POINT('',(28.3863064002246,16.8785813450813,1.5));
#14138=CARTESIAN_POINT('',(37.7476128004491,16.8785813450813,0.5));
#14139=CARTESIAN_POINT('',(37.7476128004491,16.8785813450813,1.5));
#14140=CARTESIAN_POINT('',(37.7476128004491,16.8785813450813,0.5));
#14141=CARTESIAN_POINT('Origin',(37.3997279070318,17.4229195713997,1.5));
#14142=CARTESIAN_POINT('',(37.3997279070318,17.4229195713997,1.5));
#14143=CARTESIAN_POINT('',(40.7894762346288,12.1189537274557,1.5));
#14144=CARTESIAN_POINT('',(37.3997279070318,17.4229195713997,0.5));
#14145=CARTESIAN_POINT('',(37.3997279070318,17.4229195713997,1.5));
#14146=CARTESIAN_POINT('',(37.3997279070318,17.4229195713997,0.5));
#14147=CARTESIAN_POINT('Ctrl Pts',(37.1800824068487,17.6889497041702,1.5));
#14148=CARTESIAN_POINT('Ctrl Pts',(37.1800824068487,17.6889497041702,0.5));
#14149=CARTESIAN_POINT('Ctrl Pts',(37.218975264514,17.6500936223255,1.5));
#14150=CARTESIAN_POINT('Ctrl Pts',(37.218975264514,17.6500936223255,0.5));
#14151=CARTESIAN_POINT('Ctrl Pts',(37.3006781892727,17.5684679531938,1.5));
#14152=CARTESIAN_POINT('Ctrl Pts',(37.3006781892727,17.5684679531938,0.5));
#14153=CARTESIAN_POINT('Ctrl Pts',(37.3656726249301,17.472962027992,1.5));
#14154=CARTESIAN_POINT('Ctrl Pts',(37.3656726249301,17.472962027992,0.5));
#14155=CARTESIAN_POINT('Ctrl Pts',(37.3997279070318,17.4229195713997,1.5));
#14156=CARTESIAN_POINT('Ctrl Pts',(37.3997279070318,17.4229195713997,0.5));
#14157=CARTESIAN_POINT('',(37.1800824068487,17.6889497041702,1.5));
#14158=CARTESIAN_POINT('Ctrl Pts',(37.1800824068487,17.6889497041702,1.5));
#14159=CARTESIAN_POINT('Ctrl Pts',(37.218975264514,17.6500936223255,1.5));
#14160=CARTESIAN_POINT('Ctrl Pts',(37.3006781892727,17.5684679531938,1.5));
#14161=CARTESIAN_POINT('Ctrl Pts',(37.3656726249301,17.472962027992,1.5));
#14162=CARTESIAN_POINT('Ctrl Pts',(37.3997279070318,17.4229195713997,1.5));
#14163=CARTESIAN_POINT('',(37.1800824068487,17.6889497041702,0.5));
#14164=CARTESIAN_POINT('',(37.1800824068487,17.6889497041702,1.5));
#14165=CARTESIAN_POINT('Ctrl Pts',(37.1800824068487,17.6889497041702,0.5));
#14166=CARTESIAN_POINT('Ctrl Pts',(37.218975264514,17.6500936223255,0.5));
#14167=CARTESIAN_POINT('Ctrl Pts',(37.3006781892727,17.5684679531938,0.5));
#14168=CARTESIAN_POINT('Ctrl Pts',(37.3656726249301,17.472962027992,0.5));
#14169=CARTESIAN_POINT('Ctrl Pts',(37.3997279070318,17.4229195713997,0.5));
#14170=CARTESIAN_POINT('Ctrl Pts',(37.0204647444189,17.7885404229164,1.5));
#14171=CARTESIAN_POINT('Ctrl Pts',(37.0204647444189,17.7885404229164,0.5));
#14172=CARTESIAN_POINT('Ctrl Pts',(37.0519936066656,17.77296152091,1.5));
#14173=CARTESIAN_POINT('Ctrl Pts',(37.0519936066656,17.77296152091,0.5));
#14174=CARTESIAN_POINT('Ctrl Pts',(37.10853800071,17.7450220549396,1.5));
#14175=CARTESIAN_POINT('Ctrl Pts',(37.10853800071,17.7450220549396,0.5));
#14176=CARTESIAN_POINT('Ctrl Pts',(37.1581387703357,17.7061478521474,1.5));
#14177=CARTESIAN_POINT('Ctrl Pts',(37.1581387703357,17.7061478521474,0.5));
#14178=CARTESIAN_POINT('Ctrl Pts',(37.1800824068487,17.6889497041702,1.5));
#14179=CARTESIAN_POINT('Ctrl Pts',(37.1800824068487,17.6889497041702,0.5));
#14180=CARTESIAN_POINT('',(37.0204647444189,17.7885404229164,1.5));
#14181=CARTESIAN_POINT('Ctrl Pts',(37.0204647444189,17.7885404229164,1.5));
#14182=CARTESIAN_POINT('Ctrl Pts',(37.0519936066656,17.77296152091,1.5));
#14183=CARTESIAN_POINT('Ctrl Pts',(37.10853800071,17.7450220549396,1.5));
#14184=CARTESIAN_POINT('Ctrl Pts',(37.1581387703357,17.7061478521474,1.5));
#14185=CARTESIAN_POINT('Ctrl Pts',(37.1800824068487,17.6889497041702,1.5));
#14186=CARTESIAN_POINT('',(37.0204647444189,17.7885404229164,0.5));
#14187=CARTESIAN_POINT('',(37.0204647444189,17.7885404229164,1.5));
#14188=CARTESIAN_POINT('Ctrl Pts',(37.0204647444189,17.7885404229164,0.5));
#14189=CARTESIAN_POINT('Ctrl Pts',(37.0519936066656,17.77296152091,0.5));
#14190=CARTESIAN_POINT('Ctrl Pts',(37.10853800071,17.7450220549396,0.5));
#14191=CARTESIAN_POINT('Ctrl Pts',(37.1581387703357,17.7061478521474,0.5));
#14192=CARTESIAN_POINT('Ctrl Pts',(37.1800824068487,17.6889497041702,0.5));
#14193=CARTESIAN_POINT('Ctrl Pts',(37.446112241596,17.9740792512894,1.5));
#14194=CARTESIAN_POINT('Ctrl Pts',(37.446112241596,17.9740792512894,0.5));
#14195=CARTESIAN_POINT('Ctrl Pts',(37.3899086461087,17.9293972832617,1.5));
#14196=CARTESIAN_POINT('Ctrl Pts',(37.3899086461087,17.9293972832617,0.5));
#14197=CARTESIAN_POINT('Ctrl Pts',(37.2650870432394,17.8301638655379,1.5));
#14198=CARTESIAN_POINT('Ctrl Pts',(37.2650870432394,17.8301638655379,0.5));
#14199=CARTESIAN_POINT('Ctrl Pts',(37.1072385684793,17.8033053290768,1.5));
#14200=CARTESIAN_POINT('Ctrl Pts',(37.1072385684793,17.8033053290768,0.5));
#14201=CARTESIAN_POINT('Ctrl Pts',(37.0204647444189,17.7885404229164,1.5));
#14202=CARTESIAN_POINT('Ctrl Pts',(37.0204647444189,17.7885404229164,0.5));
#14203=CARTESIAN_POINT('',(37.446112241596,17.9740792512894,1.5));
#14204=CARTESIAN_POINT('Ctrl Pts',(37.446112241596,17.9740792512894,1.5));
#14205=CARTESIAN_POINT('Ctrl Pts',(37.3899086461087,17.9293972832617,1.5));
#14206=CARTESIAN_POINT('Ctrl Pts',(37.2650870432394,17.8301638655379,1.5));
#14207=CARTESIAN_POINT('Ctrl Pts',(37.1072385684793,17.8033053290768,1.5));
#14208=CARTESIAN_POINT('Ctrl Pts',(37.0204647444189,17.7885404229164,1.5));
#14209=CARTESIAN_POINT('',(37.446112241596,17.9740792512894,0.5));
#14210=CARTESIAN_POINT('',(37.446112241596,17.9740792512894,1.5));
#14211=CARTESIAN_POINT('Ctrl Pts',(37.446112241596,17.9740792512894,0.5));
#14212=CARTESIAN_POINT('Ctrl Pts',(37.3899086461087,17.9293972832617,0.5));
#14213=CARTESIAN_POINT('Ctrl Pts',(37.2650870432394,17.8301638655379,0.5));
#14214=CARTESIAN_POINT('Ctrl Pts',(37.1072385684793,17.8033053290768,0.5));
#14215=CARTESIAN_POINT('Ctrl Pts',(37.0204647444189,17.7885404229164,0.5));
#14216=CARTESIAN_POINT('Ctrl Pts',(37.583902683109,18.3328786492348,1.5));
#14217=CARTESIAN_POINT('Ctrl Pts',(37.583902683109,18.3328786492348,0.5));
#14218=CARTESIAN_POINT('Ctrl Pts',(37.5785443897817,18.2651333618433,1.5));
#14219=CARTESIAN_POINT('Ctrl Pts',(37.5785443897817,18.2651333618433,0.5));
#14220=CARTESIAN_POINT('Ctrl Pts',(37.5679994628583,18.1318130933722,1.5));
#14221=CARTESIAN_POINT('Ctrl Pts',(37.5679994628583,18.1318130933722,0.5));
#14222=CARTESIAN_POINT('Ctrl Pts',(37.4862979787927,18.0260834783062,1.5));
#14223=CARTESIAN_POINT('Ctrl Pts',(37.4862979787927,18.0260834783062,0.5));
#14224=CARTESIAN_POINT('Ctrl Pts',(37.446112241596,17.9740792512894,1.5));
#14225=CARTESIAN_POINT('Ctrl Pts',(37.446112241596,17.9740792512894,0.5));
#14226=CARTESIAN_POINT('',(37.583902683109,18.3328786492348,1.5));
#14227=CARTESIAN_POINT('Ctrl Pts',(37.583902683109,18.3328786492348,1.5));
#14228=CARTESIAN_POINT('Ctrl Pts',(37.5785443897817,18.2651333618433,1.5));
#14229=CARTESIAN_POINT('Ctrl Pts',(37.5679994628583,18.1318130933722,1.5));
#14230=CARTESIAN_POINT('Ctrl Pts',(37.4862979787927,18.0260834783062,1.5));
#14231=CARTESIAN_POINT('Ctrl Pts',(37.446112241596,17.9740792512894,1.5));
#14232=CARTESIAN_POINT('',(37.583902683109,18.3328786492348,0.5));
#14233=CARTESIAN_POINT('',(37.583902683109,18.3328786492348,1.5));
#14234=CARTESIAN_POINT('Ctrl Pts',(37.583902683109,18.3328786492348,0.5));
#14235=CARTESIAN_POINT('Ctrl Pts',(37.5785443897817,18.2651333618433,0.5));
#14236=CARTESIAN_POINT('Ctrl Pts',(37.5679994628583,18.1318130933722,0.5));
#14237=CARTESIAN_POINT('Ctrl Pts',(37.4862979787927,18.0260834783062,0.5));
#14238=CARTESIAN_POINT('Ctrl Pts',(37.446112241596,17.9740792512894,0.5));
#14239=CARTESIAN_POINT('Ctrl Pts',(37.5006826780736,18.6343792080879,1.5));
#14240=CARTESIAN_POINT('Ctrl Pts',(37.5006826780736,18.6343792080879,0.5));
#14241=CARTESIAN_POINT('Ctrl Pts',(37.5249546730878,18.5874780350276,1.5));
#14242=CARTESIAN_POINT('Ctrl Pts',(37.5249546730878,18.5874780350276,0.5));
#14243=CARTESIAN_POINT('Ctrl Pts',(37.5739188876691,18.4928636821283,1.5));
#14244=CARTESIAN_POINT('Ctrl Pts',(37.5739188876691,18.4928636821283,0.5));
#14245=CARTESIAN_POINT('Ctrl Pts',(37.5805557647853,18.3865112423046,1.5));
#14246=CARTESIAN_POINT('Ctrl Pts',(37.5805557647853,18.3865112423046,0.5));
#14247=CARTESIAN_POINT('Ctrl Pts',(37.583902683109,18.3328786492348,1.5));
#14248=CARTESIAN_POINT('Ctrl Pts',(37.583902683109,18.3328786492348,0.5));
#14249=CARTESIAN_POINT('',(37.5006826780736,18.6343792080879,1.5));
#14250=CARTESIAN_POINT('Ctrl Pts',(37.5006826780736,18.6343792080879,1.5));
#14251=CARTESIAN_POINT('Ctrl Pts',(37.5249546730878,18.5874780350276,1.5));
#14252=CARTESIAN_POINT('Ctrl Pts',(37.5739188876691,18.4928636821283,1.5));
#14253=CARTESIAN_POINT('Ctrl Pts',(37.5805557647853,18.3865112423046,1.5));
#14254=CARTESIAN_POINT('Ctrl Pts',(37.583902683109,18.3328786492348,1.5));
#14255=CARTESIAN_POINT('',(37.5006826780736,18.6343792080879,0.5));
#14256=CARTESIAN_POINT('',(37.5006826780736,18.6343792080879,1.5));
#14257=CARTESIAN_POINT('Ctrl Pts',(37.5006826780736,18.6343792080879,0.5));
#14258=CARTESIAN_POINT('Ctrl Pts',(37.5249546730878,18.5874780350276,0.5));
#14259=CARTESIAN_POINT('Ctrl Pts',(37.5739188876691,18.4928636821283,0.5));
#14260=CARTESIAN_POINT('Ctrl Pts',(37.5805557647853,18.3865112423046,0.5));
#14261=CARTESIAN_POINT('Ctrl Pts',(37.583902683109,18.3328786492348,0.5));
#14262=CARTESIAN_POINT('Ctrl Pts',(37.2783090732992,18.8246932625771,1.5));
#14263=CARTESIAN_POINT('Ctrl Pts',(37.2783090732992,18.8246932625771,0.5));
#14264=CARTESIAN_POINT('Ctrl Pts',(37.3226094730303,18.8028825990956,1.5));
#14265=CARTESIAN_POINT('Ctrl Pts',(37.3226094730303,18.8028825990956,0.5));
#14266=CARTESIAN_POINT('Ctrl Pts',(37.4128850049606,18.7584367417335,1.5));
#14267=CARTESIAN_POINT('Ctrl Pts',(37.4128850049606,18.7584367417335,0.5));
#14268=CARTESIAN_POINT('Ctrl Pts',(37.4710570637404,18.6762400059497,1.5));
#14269=CARTESIAN_POINT('Ctrl Pts',(37.4710570637404,18.6762400059497,0.5));
#14270=CARTESIAN_POINT('Ctrl Pts',(37.5006826780736,18.6343792080879,1.5));
#14271=CARTESIAN_POINT('Ctrl Pts',(37.5006826780736,18.6343792080879,0.5));
#14272=CARTESIAN_POINT('',(37.2783090732992,18.8246932625771,1.5));
#14273=CARTESIAN_POINT('Ctrl Pts',(37.2783090732992,18.8246932625771,1.5));
#14274=CARTESIAN_POINT('Ctrl Pts',(37.3226094730303,18.8028825990956,1.5));
#14275=CARTESIAN_POINT('Ctrl Pts',(37.4128850049606,18.7584367417335,1.5));
#14276=CARTESIAN_POINT('Ctrl Pts',(37.4710570637404,18.6762400059497,1.5));
#14277=CARTESIAN_POINT('Ctrl Pts',(37.5006826780736,18.6343792080879,1.5));
#14278=CARTESIAN_POINT('',(37.2783090732992,18.8246932625771,0.5));
#14279=CARTESIAN_POINT('',(37.2783090732992,18.8246932625771,1.5));
#14280=CARTESIAN_POINT('Ctrl Pts',(37.2783090732992,18.8246932625771,0.5));
#14281=CARTESIAN_POINT('Ctrl Pts',(37.3226094730303,18.8028825990956,0.5));
#14282=CARTESIAN_POINT('Ctrl Pts',(37.4128850049606,18.7584367417335,0.5));
#14283=CARTESIAN_POINT('Ctrl Pts',(37.4710570637404,18.6762400059497,0.5));
#14284=CARTESIAN_POINT('Ctrl Pts',(37.5006826780736,18.6343792080879,0.5));
#14285=CARTESIAN_POINT('Ctrl Pts',(36.8717606924474,18.878581225872,1.5));
#14286=CARTESIAN_POINT('Ctrl Pts',(36.8717606924474,18.878581225872,0.5));
#14287=CARTESIAN_POINT('Ctrl Pts',(36.9507703548281,18.877973339157,1.5));
#14288=CARTESIAN_POINT('Ctrl Pts',(36.9507703548281,18.877973339157,0.5));
#14289=CARTESIAN_POINT('Ctrl Pts',(37.0887457913304,18.876911779946,1.5));
#14290=CARTESIAN_POINT('Ctrl Pts',(37.0887457913304,18.876911779946,0.5));
#14291=CARTESIAN_POINT('Ctrl Pts',(37.2215523100453,18.8403279044602,1.5));
#14292=CARTESIAN_POINT('Ctrl Pts',(37.2215523100453,18.8403279044602,0.5));
#14293=CARTESIAN_POINT('Ctrl Pts',(37.2783090732992,18.8246932625771,1.5));
#14294=CARTESIAN_POINT('Ctrl Pts',(37.2783090732992,18.8246932625771,0.5));
#14295=CARTESIAN_POINT('',(36.8717606924474,18.878581225872,1.5));
#14296=CARTESIAN_POINT('Ctrl Pts',(36.8717606924474,18.878581225872,1.5));
#14297=CARTESIAN_POINT('Ctrl Pts',(36.9507703548281,18.877973339157,1.5));
#14298=CARTESIAN_POINT('Ctrl Pts',(37.0887457913304,18.876911779946,1.5));
#14299=CARTESIAN_POINT('Ctrl Pts',(37.2215523100453,18.8403279044602,1.5));
#14300=CARTESIAN_POINT('Ctrl Pts',(37.2783090732992,18.8246932625771,1.5));
#14301=CARTESIAN_POINT('',(36.8717606924474,18.878581225872,0.5));
#14302=CARTESIAN_POINT('',(36.8717606924474,18.878581225872,1.5));
#14303=CARTESIAN_POINT('Ctrl Pts',(36.8717606924474,18.878581225872,0.5));
#14304=CARTESIAN_POINT('Ctrl Pts',(36.9507703548281,18.877973339157,0.5));
#14305=CARTESIAN_POINT('Ctrl Pts',(37.0887457913304,18.876911779946,0.5));
#14306=CARTESIAN_POINT('Ctrl Pts',(37.2215523100453,18.8403279044602,0.5));
#14307=CARTESIAN_POINT('Ctrl Pts',(37.2783090732992,18.8246932625771,0.5));
#14308=CARTESIAN_POINT('Origin',(35.9849937818944,18.878581225872,1.5));
#14309=CARTESIAN_POINT('',(35.9849937818944,18.878581225872,1.5));
#14310=CARTESIAN_POINT('',(27.5049968909472,18.878581225872,1.5));
#14311=CARTESIAN_POINT('',(35.9849937818944,18.878581225872,0.5));
#14312=CARTESIAN_POINT('',(35.9849937818944,18.878581225872,1.5));
#14313=CARTESIAN_POINT('',(35.9849937818944,18.878581225872,0.5));
#14314=CARTESIAN_POINT('Origin',(35.9849937818944,16.8785813450813,1.5));
#14315=CARTESIAN_POINT('',(35.9849937818944,16.8785813450813,1.5));
#14316=CARTESIAN_POINT('',(35.9849937818944,3.80879067254066,1.5));
#14317=CARTESIAN_POINT('',(35.9849937818944,16.8785813450813,0.5));
#14318=CARTESIAN_POINT('',(35.9849937818944,16.8785813450813,1.5));
#14319=CARTESIAN_POINT('',(35.9849937818944,16.8785813450813,0.5));
#14320=CARTESIAN_POINT('Origin',(36.2496592663229,16.8785813450813,1.5));
#14321=CARTESIAN_POINT('',(27.6373296331614,16.8785813450813,1.5));
#14322=CARTESIAN_POINT('',(36.2496592663229,16.8785813450813,0.5));
#14323=CARTESIAN_POINT('Origin',(37.3485678713769,17.8785816580057,0.5));
#14324=CARTESIAN_POINT('Ctrl Pts',(32.8226472996175,18.686221241951,1.5));
#14325=CARTESIAN_POINT('Ctrl Pts',(32.8226472996175,18.686221241951,0.5));
#14326=CARTESIAN_POINT('Ctrl Pts',(32.7322771361343,18.6782163790316,1.5));
#14327=CARTESIAN_POINT('Ctrl Pts',(32.7322771361343,18.6782163790316,0.5));
#14328=CARTESIAN_POINT('Ctrl Pts',(32.5517522251534,18.66222573444,1.5));
#14329=CARTESIAN_POINT('Ctrl Pts',(32.5517522251534,18.66222573444,0.5));
#14330=CARTESIAN_POINT('Ctrl Pts',(32.409873102844,18.5494829236269,1.5));
#14331=CARTESIAN_POINT('Ctrl Pts',(32.409873102844,18.5494829236269,0.5));
#14332=CARTESIAN_POINT('Ctrl Pts',(32.3390181921422,18.4931787848473,1.5));
#14333=CARTESIAN_POINT('Ctrl Pts',(32.3390181921422,18.4931787848473,0.5));
#14334=CARTESIAN_POINT('',(32.8226472996175,18.686221241951,1.5));
#14335=CARTESIAN_POINT('',(32.3390181921422,18.4931787848473,1.5));
#14336=CARTESIAN_POINT('Ctrl Pts',(32.8226472996175,18.686221241951,1.5));
#14337=CARTESIAN_POINT('Ctrl Pts',(32.7322771361343,18.6782163790316,1.5));
#14338=CARTESIAN_POINT('Ctrl Pts',(32.5517522251534,18.66222573444,1.5));
#14339=CARTESIAN_POINT('Ctrl Pts',(32.409873102844,18.5494829236269,1.5));
#14340=CARTESIAN_POINT('Ctrl Pts',(32.3390181921422,18.4931787848473,1.5));
#14341=CARTESIAN_POINT('',(32.8226472996175,18.686221241951,0.5));
#14342=CARTESIAN_POINT('',(32.8226472996175,18.686221241951,1.5));
#14343=CARTESIAN_POINT('',(32.3390181921422,18.4931787848473,0.5));
#14344=CARTESIAN_POINT('Ctrl Pts',(32.8226472996175,18.686221241951,0.5));
#14345=CARTESIAN_POINT('Ctrl Pts',(32.7322771361343,18.6782163790316,0.5));
#14346=CARTESIAN_POINT('Ctrl Pts',(32.5517522251534,18.66222573444,0.5));
#14347=CARTESIAN_POINT('Ctrl Pts',(32.409873102844,18.5494829236269,0.5));
#14348=CARTESIAN_POINT('Ctrl Pts',(32.3390181921422,18.4931787848473,0.5));
#14349=CARTESIAN_POINT('',(32.3390181921422,18.4931787848473,1.5));
#14350=CARTESIAN_POINT('Ctrl Pts',(33.1794001720846,18.5859483480453,1.5));
#14351=CARTESIAN_POINT('Ctrl Pts',(33.1794001720846,18.5859483480453,0.5));
#14352=CARTESIAN_POINT('Ctrl Pts',(33.1243642307029,18.6151930814892,1.5));
#14353=CARTESIAN_POINT('Ctrl Pts',(33.1243642307029,18.6151930814892,0.5));
#14354=CARTESIAN_POINT('Ctrl Pts',(33.0127734734503,18.6744896405872,1.5));
#14355=CARTESIAN_POINT('Ctrl Pts',(33.0127734734503,18.6744896405872,0.5));
#14356=CARTESIAN_POINT('Ctrl Pts',(32.8865951666568,18.6822753839502,1.5));
#14357=CARTESIAN_POINT('Ctrl Pts',(32.8865951666568,18.6822753839502,0.5));
#14358=CARTESIAN_POINT('Ctrl Pts',(32.8226472996175,18.686221241951,1.5));
#14359=CARTESIAN_POINT('Ctrl Pts',(32.8226472996175,18.686221241951,0.5));
#14360=CARTESIAN_POINT('',(33.1794001720846,18.5859483480453,1.5));
#14361=CARTESIAN_POINT('Ctrl Pts',(33.1794001720846,18.5859483480453,1.5));
#14362=CARTESIAN_POINT('Ctrl Pts',(33.1243642307029,18.6151930814892,1.5));
#14363=CARTESIAN_POINT('Ctrl Pts',(33.0127734734503,18.6744896405872,1.5));
#14364=CARTESIAN_POINT('Ctrl Pts',(32.8865951666568,18.6822753839502,1.5));
#14365=CARTESIAN_POINT('Ctrl Pts',(32.8226472996175,18.686221241951,1.5));
#14366=CARTESIAN_POINT('',(33.1794001720846,18.5859483480453,0.5));
#14367=CARTESIAN_POINT('',(33.1794001720846,18.5859483480453,1.5));
#14368=CARTESIAN_POINT('Ctrl Pts',(33.1794001720846,18.5859483480453,0.5));
#14369=CARTESIAN_POINT('Ctrl Pts',(33.1243642307029,18.6151930814892,0.5));
#14370=CARTESIAN_POINT('Ctrl Pts',(33.0127734734503,18.6744896405872,0.5));
#14371=CARTESIAN_POINT('Ctrl Pts',(32.8865951666568,18.6822753839502,0.5));
#14372=CARTESIAN_POINT('Ctrl Pts',(32.8226472996175,18.686221241951,0.5));
#14373=CARTESIAN_POINT('Ctrl Pts',(33.4208734892309,18.3035472035408,1.5));
#14374=CARTESIAN_POINT('Ctrl Pts',(33.4208734892309,18.3035472035408,0.5));
#14375=CARTESIAN_POINT('Ctrl Pts',(33.390628614007,18.3605584864142,1.5));
#14376=CARTESIAN_POINT('Ctrl Pts',(33.390628614007,18.3605584864142,0.5));
#14377=CARTESIAN_POINT('Ctrl Pts',(33.3311228183119,18.4727263074375,1.5));
#14378=CARTESIAN_POINT('Ctrl Pts',(33.3311228183119,18.4727263074375,0.5));
#14379=CARTESIAN_POINT('Ctrl Pts',(33.2294137861584,18.5486260129529,1.5));
#14380=CARTESIAN_POINT('Ctrl Pts',(33.2294137861584,18.5486260129529,0.5));
#14381=CARTESIAN_POINT('Ctrl Pts',(33.1794001720846,18.5859483480453,1.5));
#14382=CARTESIAN_POINT('Ctrl Pts',(33.1794001720846,18.5859483480453,0.5));
#14383=CARTESIAN_POINT('',(33.4208734892309,18.3035472035408,1.5));
#14384=CARTESIAN_POINT('Ctrl Pts',(33.4208734892309,18.3035472035408,1.5));
#14385=CARTESIAN_POINT('Ctrl Pts',(33.390628614007,18.3605584864142,1.5));
#14386=CARTESIAN_POINT('Ctrl Pts',(33.3311228183119,18.4727263074375,1.5));
#14387=CARTESIAN_POINT('Ctrl Pts',(33.2294137861584,18.5486260129529,1.5));
#14388=CARTESIAN_POINT('Ctrl Pts',(33.1794001720846,18.5859483480453,1.5));
#14389=CARTESIAN_POINT('',(33.4208734892309,18.3035472035408,0.5));
#14390=CARTESIAN_POINT('',(33.4208734892309,18.3035472035408,1.5));
#14391=CARTESIAN_POINT('Ctrl Pts',(33.4208734892309,18.3035472035408,0.5));
#14392=CARTESIAN_POINT('Ctrl Pts',(33.390628614007,18.3605584864142,0.5));
#14393=CARTESIAN_POINT('Ctrl Pts',(33.3311228183119,18.4727263074375,0.5));
#14394=CARTESIAN_POINT('Ctrl Pts',(33.2294137861584,18.5486260129529,0.5));
#14395=CARTESIAN_POINT('Ctrl Pts',(33.1794001720846,18.5859483480453,0.5));
#14396=CARTESIAN_POINT('Ctrl Pts',(33.5034110210836,17.877217233181,1.5));
#14397=CARTESIAN_POINT('Ctrl Pts',(33.5034110210836,17.877217233181,0.5));
#14398=CARTESIAN_POINT('Ctrl Pts',(33.5007382876097,17.9542833071227,1.5));
#14399=CARTESIAN_POINT('Ctrl Pts',(33.5007382876097,17.9542833071227,0.5));
#14400=CARTESIAN_POINT('Ctrl Pts',(33.4956547077649,18.1008641555441,1.5));
#14401=CARTESIAN_POINT('Ctrl Pts',(33.4956547077649,18.1008641555441,0.5));
#14402=CARTESIAN_POINT('Ctrl Pts',(33.4449295042113,18.2383470565725,1.5));
#14403=CARTESIAN_POINT('Ctrl Pts',(33.4449295042113,18.2383470565725,0.5));
#14404=CARTESIAN_POINT('Ctrl Pts',(33.4208734892309,18.3035472035408,1.5));
#14405=CARTESIAN_POINT('Ctrl Pts',(33.4208734892309,18.3035472035408,0.5));
#14406=CARTESIAN_POINT('',(33.5034110210836,17.877217233181,1.5));
#14407=CARTESIAN_POINT('Ctrl Pts',(33.5034110210836,17.877217233181,1.5));
#14408=CARTESIAN_POINT('Ctrl Pts',(33.5007382876097,17.9542833071227,1.5));
#14409=CARTESIAN_POINT('Ctrl Pts',(33.4956547077649,18.1008641555441,1.5));
#14410=CARTESIAN_POINT('Ctrl Pts',(33.4449295042113,18.2383470565725,1.5));
#14411=CARTESIAN_POINT('Ctrl Pts',(33.4208734892309,18.3035472035408,1.5));
#14412=CARTESIAN_POINT('',(33.5034110210836,17.877217233181,0.5));
#14413=CARTESIAN_POINT('',(33.5034110210836,17.877217233181,1.5));
#14414=CARTESIAN_POINT('Ctrl Pts',(33.5034110210836,17.877217233181,0.5));
#14415=CARTESIAN_POINT('Ctrl Pts',(33.5007382876097,17.9542833071227,0.5));
#14416=CARTESIAN_POINT('Ctrl Pts',(33.4956547077649,18.1008641555441,0.5));
#14417=CARTESIAN_POINT('Ctrl Pts',(33.4449295042113,18.2383470565725,0.5));
#14418=CARTESIAN_POINT('Ctrl Pts',(33.4208734892309,18.3035472035408,0.5));
#14419=CARTESIAN_POINT('Ctrl Pts',(33.3103688620031,17.2810372710228,1.5));
#14420=CARTESIAN_POINT('Ctrl Pts',(33.3103688620031,17.2810372710228,0.5));
#14421=CARTESIAN_POINT('Ctrl Pts',(33.3665701244884,17.3630235311569,1.5));
#14422=CARTESIAN_POINT('Ctrl Pts',(33.3665701244884,17.3630235311569,0.5));
#14423=CARTESIAN_POINT('Ctrl Pts',(33.4891634408103,17.5418623521765,1.5));
#14424=CARTESIAN_POINT('Ctrl Pts',(33.4891634408103,17.5418623521765,0.5));
#14425=CARTESIAN_POINT('Ctrl Pts',(33.4984057335539,17.7594044136207,1.5));
#14426=CARTESIAN_POINT('Ctrl Pts',(33.4984057335539,17.7594044136207,0.5));
#14427=CARTESIAN_POINT('Ctrl Pts',(33.5034110210836,17.877217233181,1.5));
#14428=CARTESIAN_POINT('Ctrl Pts',(33.5034110210836,17.877217233181,0.5));
#14429=CARTESIAN_POINT('',(33.3103688620031,17.2810372710228,1.5));
#14430=CARTESIAN_POINT('Ctrl Pts',(33.3103688620031,17.2810372710228,1.5));
#14431=CARTESIAN_POINT('Ctrl Pts',(33.3665701244884,17.3630235311569,1.5));
#14432=CARTESIAN_POINT('Ctrl Pts',(33.4891634408103,17.5418623521765,1.5));
#14433=CARTESIAN_POINT('Ctrl Pts',(33.4984057335539,17.7594044136207,1.5));
#14434=CARTESIAN_POINT('Ctrl Pts',(33.5034110210836,17.877217233181,1.5));
#14435=CARTESIAN_POINT('',(33.3103688620031,17.2810372710228,0.5));
#14436=CARTESIAN_POINT('',(33.3103688620031,17.2810372710228,1.5));
#14437=CARTESIAN_POINT('Ctrl Pts',(33.3103688620031,17.2810372710228,0.5));
#14438=CARTESIAN_POINT('Ctrl Pts',(33.3665701244884,17.3630235311569,0.5));
#14439=CARTESIAN_POINT('Ctrl Pts',(33.4891634408103,17.5418623521765,0.5));
#14440=CARTESIAN_POINT('Ctrl Pts',(33.4984057335539,17.7594044136207,0.5));
#14441=CARTESIAN_POINT('Ctrl Pts',(33.5034110210836,17.877217233181,0.5));
#14442=CARTESIAN_POINT('Ctrl Pts',(32.8185542486608,17.0709416270256,1.5));
#14443=CARTESIAN_POINT('Ctrl Pts',(32.8185542486608,17.0709416270256,0.5));
#14444=CARTESIAN_POINT('Ctrl Pts',(32.913305155491,17.0792276156848,1.5));
#14445=CARTESIAN_POINT('Ctrl Pts',(32.913305155491,17.0792276156848,0.5));
#14446=CARTESIAN_POINT('Ctrl Pts',(33.1003550504049,17.0955851721434,1.5));
#14447=CARTESIAN_POINT('Ctrl Pts',(33.1003550504049,17.0955851721434,0.5));
#14448=CARTESIAN_POINT('Ctrl Pts',(33.2409787069894,17.2197624920407,1.5));
#14449=CARTESIAN_POINT('Ctrl Pts',(33.2409787069894,17.2197624920407,0.5));
#14450=CARTESIAN_POINT('Ctrl Pts',(33.3103688620031,17.2810372710228,1.5));
#14451=CARTESIAN_POINT('Ctrl Pts',(33.3103688620031,17.2810372710228,0.5));
#14452=CARTESIAN_POINT('',(32.8185542486608,17.0709416270256,1.5));
#14453=CARTESIAN_POINT('Ctrl Pts',(32.8185542486608,17.0709416270256,1.5));
#14454=CARTESIAN_POINT('Ctrl Pts',(32.913305155491,17.0792276156848,1.5));
#14455=CARTESIAN_POINT('Ctrl Pts',(33.1003550504049,17.0955851721434,1.5));
#14456=CARTESIAN_POINT('Ctrl Pts',(33.2409787069894,17.2197624920407,1.5));
#14457=CARTESIAN_POINT('Ctrl Pts',(33.3103688620031,17.2810372710228,1.5));
#14458=CARTESIAN_POINT('',(32.8185542486608,17.0709416270256,0.5));
#14459=CARTESIAN_POINT('',(32.8185542486608,17.0709416270256,1.5));
#14460=CARTESIAN_POINT('Ctrl Pts',(32.8185542486608,17.0709416270256,0.5));
#14461=CARTESIAN_POINT('Ctrl Pts',(32.913305155491,17.0792276156848,0.5));
#14462=CARTESIAN_POINT('Ctrl Pts',(33.1003550504049,17.0955851721434,0.5));
#14463=CARTESIAN_POINT('Ctrl Pts',(33.2409787069894,17.2197624920407,0.5));
#14464=CARTESIAN_POINT('Ctrl Pts',(33.3103688620031,17.2810372710228,0.5));
#14465=CARTESIAN_POINT('Ctrl Pts',(32.3308326862752,17.2789904475212,1.5));
#14466=CARTESIAN_POINT('Ctrl Pts',(32.3308326862752,17.2789904475212,0.5));
#14467=CARTESIAN_POINT('Ctrl Pts',(32.4001611402982,17.218310759494,1.5));
#14468=CARTESIAN_POINT('Ctrl Pts',(32.4001611402982,17.218310759494,0.5));
#14469=CARTESIAN_POINT('Ctrl Pts',(32.5399949906433,17.0959212653942,1.5));
#14470=CARTESIAN_POINT('Ctrl Pts',(32.5399949906433,17.0959212653942,0.5));
#14471=CARTESIAN_POINT('Ctrl Pts',(32.7251816080485,17.0793147639036,1.5));
#14472=CARTESIAN_POINT('Ctrl Pts',(32.7251816080485,17.0793147639036,0.5));
#14473=CARTESIAN_POINT('Ctrl Pts',(32.8185542486608,17.0709416270256,1.5));
#14474=CARTESIAN_POINT('Ctrl Pts',(32.8185542486608,17.0709416270256,0.5));
#14475=CARTESIAN_POINT('',(32.3308326862752,17.2789904475212,1.5));
#14476=CARTESIAN_POINT('Ctrl Pts',(32.3308326862752,17.2789904475212,1.5));
#14477=CARTESIAN_POINT('Ctrl Pts',(32.4001611402982,17.218310759494,1.5));
#14478=CARTESIAN_POINT('Ctrl Pts',(32.5399949906433,17.0959212653942,1.5));
#14479=CARTESIAN_POINT('Ctrl Pts',(32.7251816080485,17.0793147639036,1.5));
#14480=CARTESIAN_POINT('Ctrl Pts',(32.8185542486608,17.0709416270256,1.5));
#14481=CARTESIAN_POINT('',(32.3308326862752,17.2789904475212,0.5));
#14482=CARTESIAN_POINT('',(32.3308326862752,17.2789904475212,1.5));
#14483=CARTESIAN_POINT('Ctrl Pts',(32.3308326862752,17.2789904475212,0.5));
#14484=CARTESIAN_POINT('Ctrl Pts',(32.4001611402982,17.218310759494,0.5));
#14485=CARTESIAN_POINT('Ctrl Pts',(32.5399949906433,17.0959212653942,0.5));
#14486=CARTESIAN_POINT('Ctrl Pts',(32.7251816080485,17.0793147639036,0.5));
#14487=CARTESIAN_POINT('Ctrl Pts',(32.8185542486608,17.0709416270256,0.5));
#14488=CARTESIAN_POINT('Ctrl Pts',(32.1364261768758,17.8485676646233,1.5));
#14489=CARTESIAN_POINT('Ctrl Pts',(32.1364261768758,17.8485676646233,0.5));
#14490=CARTESIAN_POINT('Ctrl Pts',(32.1421610859097,17.7371250639936,1.5));
#14491=CARTESIAN_POINT('Ctrl Pts',(32.1421610859097,17.7371250639936,0.5));
#14492=CARTESIAN_POINT('Ctrl Pts',(32.1529207085008,17.528040610124,1.5));
#14493=CARTESIAN_POINT('Ctrl Pts',(32.1529207085008,17.528040610124,0.5));
#14494=CARTESIAN_POINT('Ctrl Pts',(32.2741969989513,17.3582719400525,1.5));
#14495=CARTESIAN_POINT('Ctrl Pts',(32.2741969989513,17.3582719400525,0.5));
#14496=CARTESIAN_POINT('Ctrl Pts',(32.3308326862752,17.2789904475212,1.5));
#14497=CARTESIAN_POINT('Ctrl Pts',(32.3308326862752,17.2789904475212,0.5));
#14498=CARTESIAN_POINT('',(32.1364261768758,17.8485676646233,1.5));
#14499=CARTESIAN_POINT('Ctrl Pts',(32.1364261768758,17.8485676646233,1.5));
#14500=CARTESIAN_POINT('Ctrl Pts',(32.1421610859097,17.7371250639936,1.5));
#14501=CARTESIAN_POINT('Ctrl Pts',(32.1529207085008,17.528040610124,1.5));
#14502=CARTESIAN_POINT('Ctrl Pts',(32.2741969989513,17.3582719400525,1.5));
#14503=CARTESIAN_POINT('Ctrl Pts',(32.3308326862752,17.2789904475212,1.5));
#14504=CARTESIAN_POINT('',(32.1364261768758,17.8485676646233,0.5));
#14505=CARTESIAN_POINT('',(32.1364261768758,17.8485676646233,1.5));
#14506=CARTESIAN_POINT('Ctrl Pts',(32.1364261768758,17.8485676646233,0.5));
#14507=CARTESIAN_POINT('Ctrl Pts',(32.1421610859097,17.7371250639936,0.5));
#14508=CARTESIAN_POINT('Ctrl Pts',(32.1529207085008,17.528040610124,0.5));
#14509=CARTESIAN_POINT('Ctrl Pts',(32.2741969989513,17.3582719400525,0.5));
#14510=CARTESIAN_POINT('Ctrl Pts',(32.3308326862752,17.2789904475212,0.5));
#14511=CARTESIAN_POINT('Ctrl Pts',(32.3390181921422,18.4931787848473,1.5));
#14512=CARTESIAN_POINT('Ctrl Pts',(32.3390181921422,18.4931787848473,0.5));
#14513=CARTESIAN_POINT('Ctrl Pts',(32.2801892744004,18.4101031457504,1.5));
#14514=CARTESIAN_POINT('Ctrl Pts',(32.2801892744004,18.4101031457504,0.5));
#14515=CARTESIAN_POINT('Ctrl Pts',(32.1446152691582,18.2186514318188,1.5));
#14516=CARTESIAN_POINT('Ctrl Pts',(32.1446152691582,18.2186514318188,0.5));
#14517=CARTESIAN_POINT('Ctrl Pts',(32.1393862149753,17.9823385409445,1.5));
#14518=CARTESIAN_POINT('Ctrl Pts',(32.1393862149753,17.9823385409445,0.5));
#14519=CARTESIAN_POINT('Ctrl Pts',(32.1364261768758,17.8485676646233,1.5));
#14520=CARTESIAN_POINT('Ctrl Pts',(32.1364261768758,17.8485676646233,0.5));
#14521=CARTESIAN_POINT('Ctrl Pts',(32.3390181921422,18.4931787848473,1.5));
#14522=CARTESIAN_POINT('Ctrl Pts',(32.2801892744004,18.4101031457504,1.5));
#14523=CARTESIAN_POINT('Ctrl Pts',(32.1446152691582,18.2186514318188,1.5));
#14524=CARTESIAN_POINT('Ctrl Pts',(32.1393862149753,17.9823385409445,1.5));
#14525=CARTESIAN_POINT('Ctrl Pts',(32.1364261768758,17.8485676646233,1.5));
#14526=CARTESIAN_POINT('Ctrl Pts',(32.3390181921422,18.4931787848473,0.5));
#14527=CARTESIAN_POINT('Ctrl Pts',(32.2801892744004,18.4101031457504,0.5));
#14528=CARTESIAN_POINT('Ctrl Pts',(32.1446152691582,18.2186514318188,0.5));
#14529=CARTESIAN_POINT('Ctrl Pts',(32.1393862149753,17.9823385409445,0.5));
#14530=CARTESIAN_POINT('Ctrl Pts',(32.1364261768758,17.8485676646233,0.5));
#14531=CARTESIAN_POINT('Ctrl Pts',(32.3151438497007,16.9809004664421,1.5));
#14532=CARTESIAN_POINT('Ctrl Pts',(32.3151438497007,16.9809004664421,0.5));
#14533=CARTESIAN_POINT('Ctrl Pts',(32.2454813365266,17.030584327128,1.5));
#14534=CARTESIAN_POINT('Ctrl Pts',(32.2454813365266,17.030584327128,0.5));
#14535=CARTESIAN_POINT('Ctrl Pts',(32.1059467406327,17.1301015151733,1.5));
#14536=CARTESIAN_POINT('Ctrl Pts',(32.1059467406327,17.1301015151733,0.5));
#14537=CARTESIAN_POINT('Ctrl Pts',(32.0208064832643,17.2788543492007,1.5));
#14538=CARTESIAN_POINT('Ctrl Pts',(32.0208064832643,17.2788543492007,0.5));
#14539=CARTESIAN_POINT('Ctrl Pts',(31.9781724177301,17.3533424735069,1.5));
#14540=CARTESIAN_POINT('Ctrl Pts',(31.9781724177301,17.3533424735069,0.5));
#14541=CARTESIAN_POINT('',(32.3151438497007,16.9809004664421,1.5));
#14542=CARTESIAN_POINT('',(31.9781724177301,17.3533424735069,1.5));
#14543=CARTESIAN_POINT('Ctrl Pts',(32.3151438497007,16.9809004664421,1.5));
#14544=CARTESIAN_POINT('Ctrl Pts',(32.2454813365266,17.030584327128,1.5));
#14545=CARTESIAN_POINT('Ctrl Pts',(32.1059467406327,17.1301015151733,1.5));
#14546=CARTESIAN_POINT('Ctrl Pts',(32.0208064832643,17.2788543492007,1.5));
#14547=CARTESIAN_POINT('Ctrl Pts',(31.9781724177301,17.3533424735069,1.5));
#14548=CARTESIAN_POINT('',(32.3151438497007,16.9809004664421,0.5));
#14549=CARTESIAN_POINT('',(32.3151438497007,16.9809004664421,1.5));
#14550=CARTESIAN_POINT('',(31.9781724177301,17.3533424735069,0.5));
#14551=CARTESIAN_POINT('Ctrl Pts',(32.3151438497007,16.9809004664421,0.5));
#14552=CARTESIAN_POINT('Ctrl Pts',(32.2454813365266,17.030584327128,0.5));
#14553=CARTESIAN_POINT('Ctrl Pts',(32.1059467406327,17.1301015151733,0.5));
#14554=CARTESIAN_POINT('Ctrl Pts',(32.0208064832643,17.2788543492007,0.5));
#14555=CARTESIAN_POINT('Ctrl Pts',(31.9781724177301,17.3533424735069,0.5));
#14556=CARTESIAN_POINT('',(31.9781724177301,17.3533424735069,1.5));
#14557=CARTESIAN_POINT('Ctrl Pts',(32.8199185989797,16.8444749712944,1.5));
#14558=CARTESIAN_POINT('Ctrl Pts',(32.8199185989797,16.8444749712944,0.5));
#14559=CARTESIAN_POINT('Ctrl Pts',(32.729098351149,16.8496675124918,1.5));
#14560=CARTESIAN_POINT('Ctrl Pts',(32.729098351149,16.8496675124918,0.5));
#14561=CARTESIAN_POINT('Ctrl Pts',(32.5511866658646,16.8598394045247,1.5));
#14562=CARTESIAN_POINT('Ctrl Pts',(32.5511866658646,16.8598394045247,0.5));
#14563=CARTESIAN_POINT('Ctrl Pts',(32.3927176833519,16.9411145884754,1.5));
#14564=CARTESIAN_POINT('Ctrl Pts',(32.3927176833519,16.9411145884754,0.5));
#14565=CARTESIAN_POINT('Ctrl Pts',(32.3151438497007,16.9809004664421,1.5));
#14566=CARTESIAN_POINT('Ctrl Pts',(32.3151438497007,16.9809004664421,0.5));
#14567=CARTESIAN_POINT('',(32.8199185989797,16.8444749712944,1.5));
#14568=CARTESIAN_POINT('Ctrl Pts',(32.8199185989797,16.8444749712944,1.5));
#14569=CARTESIAN_POINT('Ctrl Pts',(32.729098351149,16.8496675124918,1.5));
#14570=CARTESIAN_POINT('Ctrl Pts',(32.5511866658646,16.8598394045247,1.5));
#14571=CARTESIAN_POINT('Ctrl Pts',(32.3927176833519,16.9411145884754,1.5));
#14572=CARTESIAN_POINT('Ctrl Pts',(32.3151438497007,16.9809004664421,1.5));
#14573=CARTESIAN_POINT('',(32.8199185989797,16.8444749712944,0.5));
#14574=CARTESIAN_POINT('',(32.8199185989797,16.8444749712944,1.5));
#14575=CARTESIAN_POINT('Ctrl Pts',(32.8199185989797,16.8444749712944,0.5));
#14576=CARTESIAN_POINT('Ctrl Pts',(32.729098351149,16.8496675124918,0.5));
#14577=CARTESIAN_POINT('Ctrl Pts',(32.5511866658646,16.8598394045247,0.5));
#14578=CARTESIAN_POINT('Ctrl Pts',(32.3927176833519,16.9411145884754,0.5));
#14579=CARTESIAN_POINT('Ctrl Pts',(32.3151438497007,16.9809004664421,0.5));
#14580=CARTESIAN_POINT('Ctrl Pts',(33.3055939339101,16.9679400324821,1.5));
#14581=CARTESIAN_POINT('Ctrl Pts',(33.3055939339101,16.9679400324821,0.5));
#14582=CARTESIAN_POINT('Ctrl Pts',(33.2289143942514,16.9319295443836,1.5));
#14583=CARTESIAN_POINT('Ctrl Pts',(33.2289143942514,16.9319295443836,0.5));
#14584=CARTESIAN_POINT('Ctrl Pts',(33.0749570776567,16.8596276221032,1.5));
#14585=CARTESIAN_POINT('Ctrl Pts',(33.0749570776567,16.8596276221032,0.5));
#14586=CARTESIAN_POINT('Ctrl Pts',(32.9051513651847,16.8495389222342,1.5));
#14587=CARTESIAN_POINT('Ctrl Pts',(32.9051513651847,16.8495389222342,0.5));
#14588=CARTESIAN_POINT('Ctrl Pts',(32.8199185989797,16.8444749712944,1.5));
#14589=CARTESIAN_POINT('Ctrl Pts',(32.8199185989797,16.8444749712944,0.5));
#14590=CARTESIAN_POINT('',(33.3055939339101,16.9679400324821,1.5));
#14591=CARTESIAN_POINT('Ctrl Pts',(33.3055939339101,16.9679400324821,1.5));
#14592=CARTESIAN_POINT('Ctrl Pts',(33.2289143942514,16.9319295443836,1.5));
#14593=CARTESIAN_POINT('Ctrl Pts',(33.0749570776567,16.8596276221032,1.5));
#14594=CARTESIAN_POINT('Ctrl Pts',(32.9051513651847,16.8495389222342,1.5));
#14595=CARTESIAN_POINT('Ctrl Pts',(32.8199185989797,16.8444749712944,1.5));
#14596=CARTESIAN_POINT('',(33.3055939339101,16.9679400324821,0.5));
#14597=CARTESIAN_POINT('',(33.3055939339101,16.9679400324821,1.5));
#14598=CARTESIAN_POINT('Ctrl Pts',(33.3055939339101,16.9679400324821,0.5));
#14599=CARTESIAN_POINT('Ctrl Pts',(33.2289143942514,16.9319295443836,0.5));
#14600=CARTESIAN_POINT('Ctrl Pts',(33.0749570776567,16.8596276221032,0.5));
#14601=CARTESIAN_POINT('Ctrl Pts',(32.9051513651847,16.8495389222342,0.5));
#14602=CARTESIAN_POINT('Ctrl Pts',(32.8199185989797,16.8444749712944,0.5));
#14603=CARTESIAN_POINT('Ctrl Pts',(33.6534794233739,17.3315146565437,1.5));
#14604=CARTESIAN_POINT('Ctrl Pts',(33.6534794233739,17.3315146565437,0.5));
#14605=CARTESIAN_POINT('Ctrl Pts',(33.6087931375229,17.2566176514252,1.5));
#14606=CARTESIAN_POINT('Ctrl Pts',(33.6087931375229,17.2566176514252,0.5));
#14607=CARTESIAN_POINT('Ctrl Pts',(33.5205801423622,17.1087671638709,1.5));
#14608=CARTESIAN_POINT('Ctrl Pts',(33.5205801423622,17.1087671638709,0.5));
#14609=CARTESIAN_POINT('Ctrl Pts',(33.3766252318662,17.0144692215031,1.5));
#14610=CARTESIAN_POINT('Ctrl Pts',(33.3766252318662,17.0144692215031,0.5));
#14611=CARTESIAN_POINT('Ctrl Pts',(33.3055939339101,16.9679400324821,1.5));
#14612=CARTESIAN_POINT('Ctrl Pts',(33.3055939339101,16.9679400324821,0.5));
#14613=CARTESIAN_POINT('',(33.6534794233739,17.3315146565437,1.5));
#14614=CARTESIAN_POINT('Ctrl Pts',(33.6534794233739,17.3315146565437,1.5));
#14615=CARTESIAN_POINT('Ctrl Pts',(33.6087931375229,17.2566176514252,1.5));
#14616=CARTESIAN_POINT('Ctrl Pts',(33.5205801423622,17.1087671638709,1.5));
#14617=CARTESIAN_POINT('Ctrl Pts',(33.3766252318662,17.0144692215031,1.5));
#14618=CARTESIAN_POINT('Ctrl Pts',(33.3055939339101,16.9679400324821,1.5));
#14619=CARTESIAN_POINT('',(33.6534794233739,17.3315146565437,0.5));
#14620=CARTESIAN_POINT('',(33.6534794233739,17.3315146565437,1.5));
#14621=CARTESIAN_POINT('Ctrl Pts',(33.6534794233739,17.3315146565437,0.5));
#14622=CARTESIAN_POINT('Ctrl Pts',(33.6087931375229,17.2566176514252,0.5));
#14623=CARTESIAN_POINT('Ctrl Pts',(33.5205801423622,17.1087671638709,0.5));
#14624=CARTESIAN_POINT('Ctrl Pts',(33.3766252318662,17.0144692215031,0.5));
#14625=CARTESIAN_POINT('Ctrl Pts',(33.3055939339101,16.9679400324821,0.5));
#14626=CARTESIAN_POINT('Ctrl Pts',(33.7762626074255,17.8758528828621,1.5));
#14627=CARTESIAN_POINT('Ctrl Pts',(33.7762626074255,17.8758528828621,0.5));
#14628=CARTESIAN_POINT('Ctrl Pts',(33.7718201347109,17.7784576432728,1.5));
#14629=CARTESIAN_POINT('Ctrl Pts',(33.7718201347109,17.7784576432728,0.5));
#14630=CARTESIAN_POINT('Ctrl Pts',(33.7632055649462,17.5895947869067,1.5));
#14631=CARTESIAN_POINT('Ctrl Pts',(33.7632055649462,17.5895947869067,0.5));
#14632=CARTESIAN_POINT('Ctrl Pts',(33.6892814129158,17.4157223211514,1.5));
#14633=CARTESIAN_POINT('Ctrl Pts',(33.6892814129158,17.4157223211514,0.5));
#14634=CARTESIAN_POINT('Ctrl Pts',(33.6534794233739,17.3315146565437,1.5));
#14635=CARTESIAN_POINT('Ctrl Pts',(33.6534794233739,17.3315146565437,0.5));
#14636=CARTESIAN_POINT('',(33.7762626074255,17.8758528828621,1.5));
#14637=CARTESIAN_POINT('Ctrl Pts',(33.7762626074255,17.8758528828621,1.5));
#14638=CARTESIAN_POINT('Ctrl Pts',(33.7718201347109,17.7784576432728,1.5));
#14639=CARTESIAN_POINT('Ctrl Pts',(33.7632055649462,17.5895947869067,1.5));
#14640=CARTESIAN_POINT('Ctrl Pts',(33.6892814129158,17.4157223211514,1.5));
#14641=CARTESIAN_POINT('Ctrl Pts',(33.6534794233739,17.3315146565437,1.5));
#14642=CARTESIAN_POINT('',(33.7762626074255,17.8758528828621,0.5));
#14643=CARTESIAN_POINT('',(33.7762626074255,17.8758528828621,1.5));
#14644=CARTESIAN_POINT('Ctrl Pts',(33.7762626074255,17.8758528828621,0.5));
#14645=CARTESIAN_POINT('Ctrl Pts',(33.7718201347109,17.7784576432728,0.5));
#14646=CARTESIAN_POINT('Ctrl Pts',(33.7632055649462,17.5895947869067,0.5));
#14647=CARTESIAN_POINT('Ctrl Pts',(33.6892814129158,17.4157223211514,0.5));
#14648=CARTESIAN_POINT('Ctrl Pts',(33.6534794233739,17.3315146565437,0.5));
#14649=CARTESIAN_POINT('Ctrl Pts',(33.6596187017858,18.4126877784729,1.5));
#14650=CARTESIAN_POINT('Ctrl Pts',(33.6596187017858,18.4126877784729,0.5));
#14651=CARTESIAN_POINT('Ctrl Pts',(33.693629329425,18.3295752501899,1.5));
#14652=CARTESIAN_POINT('Ctrl Pts',(33.693629329425,18.3295752501899,0.5));
#14653=CARTESIAN_POINT('Ctrl Pts',(33.7640031610685,18.1576011503614,1.5));
#14654=CARTESIAN_POINT('Ctrl Pts',(33.7640031610685,18.1576011503614,0.5));
#14655=CARTESIAN_POINT('Ctrl Pts',(33.7720860557145,17.9718389636705,1.5));
#14656=CARTESIAN_POINT('Ctrl Pts',(33.7720860557145,17.9718389636705,0.5));
#14657=CARTESIAN_POINT('Ctrl Pts',(33.7762626074255,17.8758528828621,1.5));
#14658=CARTESIAN_POINT('Ctrl Pts',(33.7762626074255,17.8758528828621,0.5));
#14659=CARTESIAN_POINT('',(33.6596187017858,18.4126877784729,1.5));
#14660=CARTESIAN_POINT('Ctrl Pts',(33.6596187017858,18.4126877784729,1.5));
#14661=CARTESIAN_POINT('Ctrl Pts',(33.693629329425,18.3295752501899,1.5));
#14662=CARTESIAN_POINT('Ctrl Pts',(33.7640031610685,18.1576011503614,1.5));
#14663=CARTESIAN_POINT('Ctrl Pts',(33.7720860557145,17.9718389636705,1.5));
#14664=CARTESIAN_POINT('Ctrl Pts',(33.7762626074255,17.8758528828621,1.5));
#14665=CARTESIAN_POINT('',(33.6596187017858,18.4126877784729,0.5));
#14666=CARTESIAN_POINT('',(33.6596187017858,18.4126877784729,1.5));
#14667=CARTESIAN_POINT('Ctrl Pts',(33.6596187017858,18.4126877784729,0.5));
#14668=CARTESIAN_POINT('Ctrl Pts',(33.693629329425,18.3295752501899,0.5));
#14669=CARTESIAN_POINT('Ctrl Pts',(33.7640031610685,18.1576011503614,0.5));
#14670=CARTESIAN_POINT('Ctrl Pts',(33.7720860557145,17.9718389636705,0.5));
#14671=CARTESIAN_POINT('Ctrl Pts',(33.7762626074255,17.8758528828621,0.5));
#14672=CARTESIAN_POINT('Ctrl Pts',(33.3206005953252,18.7817192077637,1.5));
#14673=CARTESIAN_POINT('Ctrl Pts',(33.3206005953252,18.7817192077637,0.5));
#14674=CARTESIAN_POINT('Ctrl Pts',(33.3904197495718,18.7330564524064,1.5));
#14675=CARTESIAN_POINT('Ctrl Pts',(33.3904197495718,18.7330564524064,0.5));
#14676=CARTESIAN_POINT('Ctrl Pts',(33.5307882792213,18.6352219900456,1.5));
#14677=CARTESIAN_POINT('Ctrl Pts',(33.5307882792213,18.6352219900456,0.5));
#14678=CARTESIAN_POINT('Ctrl Pts',(33.616526552532,18.487122661696,1.5));
#14679=CARTESIAN_POINT('Ctrl Pts',(33.616526552532,18.487122661696,0.5));
#14680=CARTESIAN_POINT('Ctrl Pts',(33.6596187017858,18.4126877784729,1.5));
#14681=CARTESIAN_POINT('Ctrl Pts',(33.6596187017858,18.4126877784729,0.5));
#14682=CARTESIAN_POINT('',(33.3206005953252,18.7817192077637,1.5));
#14683=CARTESIAN_POINT('Ctrl Pts',(33.3206005953252,18.7817192077637,1.5));
#14684=CARTESIAN_POINT('Ctrl Pts',(33.3904197495718,18.7330564524064,1.5));
#14685=CARTESIAN_POINT('Ctrl Pts',(33.5307882792213,18.6352219900456,1.5));
#14686=CARTESIAN_POINT('Ctrl Pts',(33.616526552532,18.487122661696,1.5));
#14687=CARTESIAN_POINT('Ctrl Pts',(33.6596187017858,18.4126877784729,1.5));
#14688=CARTESIAN_POINT('',(33.3206005953252,18.7817192077637,0.5));
#14689=CARTESIAN_POINT('',(33.3206005953252,18.7817192077637,1.5));
#14690=CARTESIAN_POINT('Ctrl Pts',(33.3206005953252,18.7817192077637,0.5));
#14691=CARTESIAN_POINT('Ctrl Pts',(33.3904197495718,18.7330564524064,0.5));
#14692=CARTESIAN_POINT('Ctrl Pts',(33.5307882792213,18.6352219900456,0.5));
#14693=CARTESIAN_POINT('Ctrl Pts',(33.616526552532,18.487122661696,0.5));
#14694=CARTESIAN_POINT('Ctrl Pts',(33.6596187017858,18.4126877784729,0.5));
#14695=CARTESIAN_POINT('Ctrl Pts',(32.8212829492986,18.9140519499779,1.5));
#14696=CARTESIAN_POINT('Ctrl Pts',(32.8212829492986,18.9140519499779,0.5));
#14697=CARTESIAN_POINT('Ctrl Pts',(32.9106345386329,18.9089437747724,1.5));
#14698=CARTESIAN_POINT('Ctrl Pts',(32.9106345386329,18.9089437747724,0.5));
#14699=CARTESIAN_POINT('Ctrl Pts',(33.0861941391182,18.8989071407858,1.5));
#14700=CARTESIAN_POINT('Ctrl Pts',(33.0861941391182,18.8989071407858,0.5));
#14701=CARTESIAN_POINT('Ctrl Pts',(33.2434034422311,18.8203127471767,1.5));
#14702=CARTESIAN_POINT('Ctrl Pts',(33.2434034422311,18.8203127471767,0.5));
#14703=CARTESIAN_POINT('Ctrl Pts',(33.3206005953252,18.7817192077637,1.5));
#14704=CARTESIAN_POINT('Ctrl Pts',(33.3206005953252,18.7817192077637,0.5));
#14705=CARTESIAN_POINT('',(32.8212829492986,18.9140519499779,1.5));
#14706=CARTESIAN_POINT('Ctrl Pts',(32.8212829492986,18.9140519499779,1.5));
#14707=CARTESIAN_POINT('Ctrl Pts',(32.9106345386329,18.9089437747724,1.5));
#14708=CARTESIAN_POINT('Ctrl Pts',(33.0861941391182,18.8989071407858,1.5));
#14709=CARTESIAN_POINT('Ctrl Pts',(33.2434034422311,18.8203127471767,1.5));
#14710=CARTESIAN_POINT('Ctrl Pts',(33.3206005953252,18.7817192077637,1.5));
#14711=CARTESIAN_POINT('',(32.8212829492986,18.9140519499779,0.5));
#14712=CARTESIAN_POINT('',(32.8212829492986,18.9140519499779,1.5));
#14713=CARTESIAN_POINT('Ctrl Pts',(32.8212829492986,18.9140519499779,0.5));
#14714=CARTESIAN_POINT('Ctrl Pts',(32.9106345386329,18.9089437747724,0.5));
#14715=CARTESIAN_POINT('Ctrl Pts',(33.0861941391182,18.8989071407858,0.5));
#14716=CARTESIAN_POINT('Ctrl Pts',(33.2434034422311,18.8203127471767,0.5));
#14717=CARTESIAN_POINT('Ctrl Pts',(33.3206005953252,18.7817192077637,0.5));
#14718=CARTESIAN_POINT('Ctrl Pts',(32.1309690736234,18.6323329806328,1.5));
#14719=CARTESIAN_POINT('Ctrl Pts',(32.1309690736234,18.6323329806328,0.5));
#14720=CARTESIAN_POINT('Ctrl Pts',(32.228205212302,18.7144878745993,1.5));
#14721=CARTESIAN_POINT('Ctrl Pts',(32.228205212302,18.7144878745993,0.5));
#14722=CARTESIAN_POINT('Ctrl Pts',(32.427474564679,18.882850715183,1.5));
#14723=CARTESIAN_POINT('Ctrl Pts',(32.427474564679,18.882850715183,0.5));
#14724=CARTESIAN_POINT('Ctrl Pts',(32.6879235306003,18.903485952154,1.5));
#14725=CARTESIAN_POINT('Ctrl Pts',(32.6879235306003,18.903485952154,0.5));
#14726=CARTESIAN_POINT('Ctrl Pts',(32.8212829492986,18.9140519499779,1.5));
#14727=CARTESIAN_POINT('Ctrl Pts',(32.8212829492986,18.9140519499779,0.5));
#14728=CARTESIAN_POINT('',(32.1309690736234,18.6323329806328,1.5));
#14729=CARTESIAN_POINT('Ctrl Pts',(32.1309690736234,18.6323329806328,1.5));
#14730=CARTESIAN_POINT('Ctrl Pts',(32.228205212302,18.7144878745993,1.5));
#14731=CARTESIAN_POINT('Ctrl Pts',(32.427474564679,18.882850715183,1.5));
#14732=CARTESIAN_POINT('Ctrl Pts',(32.6879235306003,18.903485952154,1.5));
#14733=CARTESIAN_POINT('Ctrl Pts',(32.8212829492986,18.9140519499779,1.5));
#14734=CARTESIAN_POINT('',(32.1309690736234,18.6323329806328,0.5));
#14735=CARTESIAN_POINT('',(32.1309690736234,18.6323329806328,1.5));
#14736=CARTESIAN_POINT('Ctrl Pts',(32.1309690736234,18.6323329806328,0.5));
#14737=CARTESIAN_POINT('Ctrl Pts',(32.228205212302,18.7144878745993,0.5));
#14738=CARTESIAN_POINT('Ctrl Pts',(32.427474564679,18.882850715183,0.5));
#14739=CARTESIAN_POINT('Ctrl Pts',(32.6879235306003,18.903485952154,0.5));
#14740=CARTESIAN_POINT('Ctrl Pts',(32.8212829492986,18.9140519499779,0.5));
#14741=CARTESIAN_POINT('Ctrl Pts',(31.8635748885572,17.8526604175568,1.5));
#14742=CARTESIAN_POINT('Ctrl Pts',(31.8635748885572,17.8526604175568,0.5));
#14743=CARTESIAN_POINT('Ctrl Pts',(31.8713104289604,18.0058359282101,1.5));
#14744=CARTESIAN_POINT('Ctrl Pts',(31.8713104289604,18.0058359282101,0.5));
#14745=CARTESIAN_POINT('Ctrl Pts',(31.885785606906,18.2924665523247,1.5));
#14746=CARTESIAN_POINT('Ctrl Pts',(31.885785606906,18.2924665523247,0.5));
#14747=CARTESIAN_POINT('Ctrl Pts',(32.0530778613238,18.5243623720298,1.5));
#14748=CARTESIAN_POINT('Ctrl Pts',(32.0530778613238,18.5243623720298,0.5));
#14749=CARTESIAN_POINT('Ctrl Pts',(32.1309690736234,18.6323329806328,1.5));
#14750=CARTESIAN_POINT('Ctrl Pts',(32.1309690736234,18.6323329806328,0.5));
#14751=CARTESIAN_POINT('',(31.8635748885572,17.8526604175568,1.5));
#14752=CARTESIAN_POINT('Ctrl Pts',(31.8635748885572,17.8526604175568,1.5));
#14753=CARTESIAN_POINT('Ctrl Pts',(31.8713104289604,18.0058359282101,1.5));
#14754=CARTESIAN_POINT('Ctrl Pts',(31.885785606906,18.2924665523247,1.5));
#14755=CARTESIAN_POINT('Ctrl Pts',(32.0530778613238,18.5243623720298,1.5));
#14756=CARTESIAN_POINT('Ctrl Pts',(32.1309690736234,18.6323329806328,1.5));
#14757=CARTESIAN_POINT('',(31.8635748885572,17.8526604175568,0.5));
#14758=CARTESIAN_POINT('',(31.8635748885572,17.8526604175568,1.5));
#14759=CARTESIAN_POINT('Ctrl Pts',(31.8635748885572,17.8526604175568,0.5));
#14760=CARTESIAN_POINT('Ctrl Pts',(31.8713104289604,18.0058359282101,0.5));
#14761=CARTESIAN_POINT('Ctrl Pts',(31.885785606906,18.2924665523247,0.5));
#14762=CARTESIAN_POINT('Ctrl Pts',(32.0530778613238,18.5243623720298,0.5));
#14763=CARTESIAN_POINT('Ctrl Pts',(32.1309690736234,18.6323329806328,0.5));
#14764=CARTESIAN_POINT('Ctrl Pts',(31.9781724177301,17.3533424735069,1.5));
#14765=CARTESIAN_POINT('Ctrl Pts',(31.9781724177301,17.3533424735069,0.5));
#14766=CARTESIAN_POINT('Ctrl Pts',(31.9447480906867,17.4331919486497,1.5));
#14767=CARTESIAN_POINT('Ctrl Pts',(31.9447480906867,17.4331919486497,0.5));
#14768=CARTESIAN_POINT('Ctrl Pts',(31.8778376196455,17.593038577342,1.5));
#14769=CARTESIAN_POINT('Ctrl Pts',(31.8778376196455,17.593038577342,0.5));
#14770=CARTESIAN_POINT('Ctrl Pts',(31.8683320595718,17.7660665187184,1.5));
#14771=CARTESIAN_POINT('Ctrl Pts',(31.8683320595718,17.7660665187184,0.5));
#14772=CARTESIAN_POINT('Ctrl Pts',(31.8635748885572,17.8526604175568,1.5));
#14773=CARTESIAN_POINT('Ctrl Pts',(31.8635748885572,17.8526604175568,0.5));
#14774=CARTESIAN_POINT('Ctrl Pts',(31.9781724177301,17.3533424735069,1.5));
#14775=CARTESIAN_POINT('Ctrl Pts',(31.9447480906867,17.4331919486497,1.5));
#14776=CARTESIAN_POINT('Ctrl Pts',(31.8778376196455,17.593038577342,1.5));
#14777=CARTESIAN_POINT('Ctrl Pts',(31.8683320595718,17.7660665187184,1.5));
#14778=CARTESIAN_POINT('Ctrl Pts',(31.8635748885572,17.8526604175568,1.5));
#14779=CARTESIAN_POINT('Ctrl Pts',(31.9781724177301,17.3533424735069,0.5));
#14780=CARTESIAN_POINT('Ctrl Pts',(31.9447480906867,17.4331919486497,0.5));
#14781=CARTESIAN_POINT('Ctrl Pts',(31.8778376196455,17.593038577342,0.5));
#14782=CARTESIAN_POINT('Ctrl Pts',(31.8683320595718,17.7660665187184,0.5));
#14783=CARTESIAN_POINT('Ctrl Pts',(31.8635748885572,17.8526604175568,0.5));
#14784=CARTESIAN_POINT('Origin',(37.3485678713769,17.8785816580057,0.5));
#14785=CARTESIAN_POINT('Ctrl Pts',(38.1507511995733,20.0450207293034,1.5));
#14786=CARTESIAN_POINT('Ctrl Pts',(38.1507511995733,20.0450207293034,0.5));
#14787=CARTESIAN_POINT('Ctrl Pts',(38.0931216693296,20.0743628201391,1.5));
#14788=CARTESIAN_POINT('Ctrl Pts',(38.0931216693296,20.0743628201391,0.5));
#14789=CARTESIAN_POINT('Ctrl Pts',(37.9793686174919,20.1322802171013,1.5));
#14790=CARTESIAN_POINT('Ctrl Pts',(37.9793686174919,20.1322802171013,0.5));
#14791=CARTESIAN_POINT('Ctrl Pts',(37.9013739760427,20.2332613573909,1.5));
#14792=CARTESIAN_POINT('Ctrl Pts',(37.9013739760427,20.2332613573909,0.5));
#14793=CARTESIAN_POINT('Ctrl Pts',(37.8628929518163,20.2830834686756,1.5));
#14794=CARTESIAN_POINT('Ctrl Pts',(37.8628929518163,20.2830834686756,0.5));
#14795=CARTESIAN_POINT('',(38.1507511995733,20.0450207293034,1.5));
#14796=CARTESIAN_POINT('',(37.8628929518163,20.2830834686756,1.5));
#14797=CARTESIAN_POINT('Ctrl Pts',(38.1507511995733,20.0450207293034,1.5));
#14798=CARTESIAN_POINT('Ctrl Pts',(38.0931216693296,20.0743628201391,1.5));
#14799=CARTESIAN_POINT('Ctrl Pts',(37.9793686174919,20.1322802171013,1.5));
#14800=CARTESIAN_POINT('Ctrl Pts',(37.9013739760427,20.2332613573909,1.5));
#14801=CARTESIAN_POINT('Ctrl Pts',(37.8628929518163,20.2830834686756,1.5));
#14802=CARTESIAN_POINT('',(38.1507511995733,20.0450207293034,0.5));
#14803=CARTESIAN_POINT('',(38.1507511995733,20.0450207293034,1.5));
#14804=CARTESIAN_POINT('',(37.8628929518163,20.2830834686756,0.5));
#14805=CARTESIAN_POINT('Ctrl Pts',(38.1507511995733,20.0450207293034,0.5));
#14806=CARTESIAN_POINT('Ctrl Pts',(38.0931216693296,20.0743628201391,0.5));
#14807=CARTESIAN_POINT('Ctrl Pts',(37.9793686174919,20.1322802171013,0.5));
#14808=CARTESIAN_POINT('Ctrl Pts',(37.9013739760427,20.2332613573909,0.5));
#14809=CARTESIAN_POINT('Ctrl Pts',(37.8628929518163,20.2830834686756,0.5));
#14810=CARTESIAN_POINT('',(37.8628929518163,20.2830834686756,1.5));
#14811=CARTESIAN_POINT('Ctrl Pts',(38.6057307384908,19.9658939242363,1.5));
#14812=CARTESIAN_POINT('Ctrl Pts',(38.6057307384908,19.9658939242363,0.5));
#14813=CARTESIAN_POINT('Ctrl Pts',(38.5217550749488,19.9680251961603,1.5));
#14814=CARTESIAN_POINT('Ctrl Pts',(38.5217550749488,19.9680251961603,0.5));
#14815=CARTESIAN_POINT('Ctrl Pts',(38.3660118065219,19.9719779039014,1.5));
#14816=CARTESIAN_POINT('Ctrl Pts',(38.3660118065219,19.9719779039014,0.5));
#14817=CARTESIAN_POINT('Ctrl Pts',(38.2186544956307,20.0219795947992,1.5));
#14818=CARTESIAN_POINT('Ctrl Pts',(38.2186544956307,20.0219795947992,0.5));
#14819=CARTESIAN_POINT('Ctrl Pts',(38.1507511995733,20.0450207293034,1.5));
#14820=CARTESIAN_POINT('Ctrl Pts',(38.1507511995733,20.0450207293034,0.5));
#14821=CARTESIAN_POINT('',(38.6057307384908,19.9658939242363,1.5));
#14822=CARTESIAN_POINT('Ctrl Pts',(38.6057307384908,19.9658939242363,1.5));
#14823=CARTESIAN_POINT('Ctrl Pts',(38.5217550749488,19.9680251961603,1.5));
#14824=CARTESIAN_POINT('Ctrl Pts',(38.3660118065219,19.9719779039014,1.5));
#14825=CARTESIAN_POINT('Ctrl Pts',(38.2186544956307,20.0219795947992,1.5));
#14826=CARTESIAN_POINT('Ctrl Pts',(38.1507511995733,20.0450207293034,1.5));
#14827=CARTESIAN_POINT('',(38.6057307384908,19.9658939242363,0.5));
#14828=CARTESIAN_POINT('',(38.6057307384908,19.9658939242363,1.5));
#14829=CARTESIAN_POINT('Ctrl Pts',(38.6057307384908,19.9658939242363,0.5));
#14830=CARTESIAN_POINT('Ctrl Pts',(38.5217550749488,19.9680251961603,0.5));
#14831=CARTESIAN_POINT('Ctrl Pts',(38.3660118065219,19.9719779039014,0.5));
#14832=CARTESIAN_POINT('Ctrl Pts',(38.2186544956307,20.0219795947992,0.5));
#14833=CARTESIAN_POINT('Ctrl Pts',(38.1507511995733,20.0450207293034,0.5));
#14834=CARTESIAN_POINT('Ctrl Pts',(38.9911331795156,20.0443387031555,1.5));
#14835=CARTESIAN_POINT('Ctrl Pts',(38.9911331795156,20.0443387031555,0.5));
#14836=CARTESIAN_POINT('Ctrl Pts',(38.9311568313446,20.0214659350744,1.5));
#14837=CARTESIAN_POINT('Ctrl Pts',(38.9311568313446,20.0214659350744,0.5));
#14838=CARTESIAN_POINT('Ctrl Pts',(38.8070782237437,19.9741469284655,1.5));
#14839=CARTESIAN_POINT('Ctrl Pts',(38.8070782237437,19.9741469284655,0.5));
#14840=CARTESIAN_POINT('Ctrl Pts',(38.6743180977632,19.9687052420207,1.5));
#14841=CARTESIAN_POINT('Ctrl Pts',(38.6743180977632,19.9687052420207,0.5));
#14842=CARTESIAN_POINT('Ctrl Pts',(38.6057307384908,19.9658939242363,1.5));
#14843=CARTESIAN_POINT('Ctrl Pts',(38.6057307384908,19.9658939242363,0.5));
#14844=CARTESIAN_POINT('',(38.9911331795156,20.0443387031555,1.5));
#14845=CARTESIAN_POINT('Ctrl Pts',(38.9911331795156,20.0443387031555,1.5));
#14846=CARTESIAN_POINT('Ctrl Pts',(38.9311568313446,20.0214659350744,1.5));
#14847=CARTESIAN_POINT('Ctrl Pts',(38.8070782237437,19.9741469284655,1.5));
#14848=CARTESIAN_POINT('Ctrl Pts',(38.6743180977632,19.9687052420207,1.5));
#14849=CARTESIAN_POINT('Ctrl Pts',(38.6057307384908,19.9658939242363,1.5));
#14850=CARTESIAN_POINT('',(38.9911331795156,20.0443387031555,0.5));
#14851=CARTESIAN_POINT('',(38.9911331795156,20.0443387031555,1.5));
#14852=CARTESIAN_POINT('Ctrl Pts',(38.9911331795156,20.0443387031555,0.5));
#14853=CARTESIAN_POINT('Ctrl Pts',(38.9311568313446,20.0214659350744,0.5));
#14854=CARTESIAN_POINT('Ctrl Pts',(38.8070782237437,19.9741469284655,0.5));
#14855=CARTESIAN_POINT('Ctrl Pts',(38.6743180977632,19.9687052420207,0.5));
#14856=CARTESIAN_POINT('Ctrl Pts',(38.6057307384908,19.9658939242363,0.5));
#14857=CARTESIAN_POINT('Ctrl Pts',(39.2537524364889,20.2639839053154,1.5));
#14858=CARTESIAN_POINT('Ctrl Pts',(39.2537524364889,20.2639839053154,0.5));
#14859=CARTESIAN_POINT('Ctrl Pts',(39.2191471989264,20.2191673463157,1.5));
#14860=CARTESIAN_POINT('Ctrl Pts',(39.2191471989264,20.2191673463157,0.5));
#14861=CARTESIAN_POINT('Ctrl Pts',(39.1477979753765,20.1267643775155,1.5));
#14862=CARTESIAN_POINT('Ctrl Pts',(39.1477979753765,20.1267643775155,0.5));
#14863=CARTESIAN_POINT('Ctrl Pts',(39.0443880425035,20.0723575568527,1.5));
#14864=CARTESIAN_POINT('Ctrl Pts',(39.0443880425035,20.0723575568527,0.5));
#14865=CARTESIAN_POINT('Ctrl Pts',(38.9911331795156,20.0443387031555,1.5));
#14866=CARTESIAN_POINT('Ctrl Pts',(38.9911331795156,20.0443387031555,0.5));
#14867=CARTESIAN_POINT('',(39.2537524364889,20.2639839053154,1.5));
#14868=CARTESIAN_POINT('Ctrl Pts',(39.2537524364889,20.2639839053154,1.5));
#14869=CARTESIAN_POINT('Ctrl Pts',(39.2191471989264,20.2191673463157,1.5));
#14870=CARTESIAN_POINT('Ctrl Pts',(39.1477979753765,20.1267643775155,1.5));
#14871=CARTESIAN_POINT('Ctrl Pts',(39.0443880425035,20.0723575568527,1.5));
#14872=CARTESIAN_POINT('Ctrl Pts',(38.9911331795156,20.0443387031555,1.5));
#14873=CARTESIAN_POINT('',(39.2537524364889,20.2639839053154,0.5));
#14874=CARTESIAN_POINT('',(39.2537524364889,20.2639839053154,1.5));
#14875=CARTESIAN_POINT('Ctrl Pts',(39.2537524364889,20.2639839053154,0.5));
#14876=CARTESIAN_POINT('Ctrl Pts',(39.2191471989264,20.2191673463157,0.5));
#14877=CARTESIAN_POINT('Ctrl Pts',(39.1477979753765,20.1267643775155,0.5));
#14878=CARTESIAN_POINT('Ctrl Pts',(39.0443880425035,20.0723575568527,0.5));
#14879=CARTESIAN_POINT('Ctrl Pts',(38.9911331795156,20.0443387031555,0.5));
#14880=CARTESIAN_POINT('Ctrl Pts',(39.3451573513448,20.5648024380207,1.5));
#14881=CARTESIAN_POINT('Ctrl Pts',(39.3451573513448,20.5648024380207,0.5));
#14882=CARTESIAN_POINT('Ctrl Pts',(39.3411409279709,20.512045233527,1.5));
#14883=CARTESIAN_POINT('Ctrl Pts',(39.3411409279709,20.512045233527,0.5));
#14884=CARTESIAN_POINT('Ctrl Pts',(39.3329945764771,20.4050398977782,1.5));
#14885=CARTESIAN_POINT('Ctrl Pts',(39.3329945764771,20.4050398977782,0.5));
#14886=CARTESIAN_POINT('Ctrl Pts',(39.2804107036932,20.311437297392,1.5));
#14887=CARTESIAN_POINT('Ctrl Pts',(39.2804107036932,20.311437297392,0.5));
#14888=CARTESIAN_POINT('Ctrl Pts',(39.2537524364889,20.2639839053154,1.5));
#14889=CARTESIAN_POINT('Ctrl Pts',(39.2537524364889,20.2639839053154,0.5));
#14890=CARTESIAN_POINT('',(39.3451573513448,20.5648024380207,1.5));
#14891=CARTESIAN_POINT('Ctrl Pts',(39.3451573513448,20.5648024380207,1.5));
#14892=CARTESIAN_POINT('Ctrl Pts',(39.3411409279709,20.512045233527,1.5));
#14893=CARTESIAN_POINT('Ctrl Pts',(39.3329945764771,20.4050398977782,1.5));
#14894=CARTESIAN_POINT('Ctrl Pts',(39.2804107036932,20.311437297392,1.5));
#14895=CARTESIAN_POINT('Ctrl Pts',(39.2537524364889,20.2639839053154,1.5));
#14896=CARTESIAN_POINT('',(39.3451573513448,20.5648024380207,0.5));
#14897=CARTESIAN_POINT('',(39.3451573513448,20.5648024380207,1.5));
#14898=CARTESIAN_POINT('Ctrl Pts',(39.3451573513448,20.5648024380207,0.5));
#14899=CARTESIAN_POINT('Ctrl Pts',(39.3411409279709,20.512045233527,0.5));
#14900=CARTESIAN_POINT('Ctrl Pts',(39.3329945764771,20.4050398977782,0.5));
#14901=CARTESIAN_POINT('Ctrl Pts',(39.2804107036932,20.311437297392,0.5));
#14902=CARTESIAN_POINT('Ctrl Pts',(39.2537524364889,20.2639839053154,0.5));
#14903=CARTESIAN_POINT('Ctrl Pts',(39.2619379423559,20.849249958992,1.5));
#14904=CARTESIAN_POINT('Ctrl Pts',(39.2619379423559,20.849249958992,0.5));
#14905=CARTESIAN_POINT('Ctrl Pts',(39.286207245979,20.805994039537,1.5));
#14906=CARTESIAN_POINT('Ctrl Pts',(39.286207245979,20.805994039537,0.5));
#14907=CARTESIAN_POINT('Ctrl Pts',(39.3357789460841,20.7176408877409,1.5));
#14908=CARTESIAN_POINT('Ctrl Pts',(39.3357789460841,20.7176408877409,0.5));
#14909=CARTESIAN_POINT('Ctrl Pts',(39.3419880826779,20.6164515293459,1.5));
#14910=CARTESIAN_POINT('Ctrl Pts',(39.3419880826779,20.6164515293459,0.5));
#14911=CARTESIAN_POINT('Ctrl Pts',(39.3451573513448,20.5648024380207,1.5));
#14912=CARTESIAN_POINT('Ctrl Pts',(39.3451573513448,20.5648024380207,0.5));
#14913=CARTESIAN_POINT('',(39.2619379423559,20.849249958992,1.5));
#14914=CARTESIAN_POINT('Ctrl Pts',(39.2619379423559,20.849249958992,1.5));
#14915=CARTESIAN_POINT('Ctrl Pts',(39.286207245979,20.805994039537,1.5));
#14916=CARTESIAN_POINT('Ctrl Pts',(39.3357789460841,20.7176408877409,1.5));
#14917=CARTESIAN_POINT('Ctrl Pts',(39.3419880826779,20.6164515293459,1.5));
#14918=CARTESIAN_POINT('Ctrl Pts',(39.3451573513448,20.5648024380207,1.5));
#14919=CARTESIAN_POINT('',(39.2619379423559,20.849249958992,0.5));
#14920=CARTESIAN_POINT('',(39.2619379423559,20.849249958992,1.5));
#14921=CARTESIAN_POINT('Ctrl Pts',(39.2619379423559,20.849249958992,0.5));
#14922=CARTESIAN_POINT('Ctrl Pts',(39.286207245979,20.805994039537,0.5));
#14923=CARTESIAN_POINT('Ctrl Pts',(39.3357789460841,20.7176408877409,0.5));
#14924=CARTESIAN_POINT('Ctrl Pts',(39.3419880826779,20.6164515293459,0.5));
#14925=CARTESIAN_POINT('Ctrl Pts',(39.3451573513448,20.5648024380207,0.5));
#14926=CARTESIAN_POINT('Ctrl Pts',(39.0040930174291,21.0532063245773,1.5));
#14927=CARTESIAN_POINT('Ctrl Pts',(39.0040930174291,21.0532063245773,0.5));
#14928=CARTESIAN_POINT('Ctrl Pts',(39.057389434465,21.0261501879074,1.5));
#14929=CARTESIAN_POINT('Ctrl Pts',(39.057389434465,21.0261501879074,0.5));
#14930=CARTESIAN_POINT('Ctrl Pts',(39.157269699613,20.9754455767014,1.5));
#14931=CARTESIAN_POINT('Ctrl Pts',(39.157269699613,20.9754455767014,0.5));
#14932=CARTESIAN_POINT('Ctrl Pts',(39.2286475382182,20.8893872824424,1.5));
#14933=CARTESIAN_POINT('Ctrl Pts',(39.2286475382182,20.8893872824424,0.5));
#14934=CARTESIAN_POINT('Ctrl Pts',(39.2619379423559,20.849249958992,1.5));
#14935=CARTESIAN_POINT('Ctrl Pts',(39.2619379423559,20.849249958992,0.5));
#14936=CARTESIAN_POINT('',(39.0040930174291,21.0532063245773,1.5));
#14937=CARTESIAN_POINT('Ctrl Pts',(39.0040930174291,21.0532063245773,1.5));
#14938=CARTESIAN_POINT('Ctrl Pts',(39.057389434465,21.0261501879074,1.5));
#14939=CARTESIAN_POINT('Ctrl Pts',(39.157269699613,20.9754455767014,1.5));
#14940=CARTESIAN_POINT('Ctrl Pts',(39.2286475382182,20.8893872824424,1.5));
#14941=CARTESIAN_POINT('Ctrl Pts',(39.2619379423559,20.849249958992,1.5));
#14942=CARTESIAN_POINT('',(39.0040930174291,21.0532063245773,0.5));
#14943=CARTESIAN_POINT('',(39.0040930174291,21.0532063245773,1.5));
#14944=CARTESIAN_POINT('Ctrl Pts',(39.0040930174291,21.0532063245773,0.5));
#14945=CARTESIAN_POINT('Ctrl Pts',(39.057389434465,21.0261501879074,0.5));
#14946=CARTESIAN_POINT('Ctrl Pts',(39.157269699613,20.9754455767014,0.5));
#14947=CARTESIAN_POINT('Ctrl Pts',(39.2286475382182,20.8893872824424,0.5));
#14948=CARTESIAN_POINT('Ctrl Pts',(39.2619379423559,20.849249958992,0.5));
#14949=CARTESIAN_POINT('Ctrl Pts',(38.5613920353353,21.1807642877102,1.5));
#14950=CARTESIAN_POINT('Ctrl Pts',(38.5613920353353,21.1807642877102,0.5));
#14951=CARTESIAN_POINT('Ctrl Pts',(38.6527684224343,21.1603496800827,1.5));
#14952=CARTESIAN_POINT('Ctrl Pts',(38.6527684224343,21.1603496800827,0.5));
#14953=CARTESIAN_POINT('Ctrl Pts',(38.8030074128712,21.1267844436197,1.5));
#14954=CARTESIAN_POINT('Ctrl Pts',(38.8030074128712,21.1267844436197,0.5));
#14955=CARTESIAN_POINT('Ctrl Pts',(38.9474869344033,21.0739187426768,1.5));
#14956=CARTESIAN_POINT('Ctrl Pts',(38.9474869344033,21.0739187426768,0.5));
#14957=CARTESIAN_POINT('Ctrl Pts',(39.0040930174291,21.0532063245773,1.5));
#14958=CARTESIAN_POINT('Ctrl Pts',(39.0040930174291,21.0532063245773,0.5));
#14959=CARTESIAN_POINT('',(38.5613920353353,21.1807642877102,1.5));
#14960=CARTESIAN_POINT('Ctrl Pts',(38.5613920353353,21.1807642877102,1.5));
#14961=CARTESIAN_POINT('Ctrl Pts',(38.6527684224343,21.1603496800827,1.5));
#14962=CARTESIAN_POINT('Ctrl Pts',(38.8030074128712,21.1267844436197,1.5));
#14963=CARTESIAN_POINT('Ctrl Pts',(38.9474869344033,21.0739187426768,1.5));
#14964=CARTESIAN_POINT('Ctrl Pts',(39.0040930174291,21.0532063245773,1.5));
#14965=CARTESIAN_POINT('',(38.5613920353353,21.1807642877102,0.5));
#14966=CARTESIAN_POINT('',(38.5613920353353,21.1807642877102,1.5));
#14967=CARTESIAN_POINT('Ctrl Pts',(38.5613920353353,21.1807642877102,0.5));
#14968=CARTESIAN_POINT('Ctrl Pts',(38.6527684224343,21.1603496800827,0.5));
#14969=CARTESIAN_POINT('Ctrl Pts',(38.8030074128712,21.1267844436197,0.5));
#14970=CARTESIAN_POINT('Ctrl Pts',(38.9474869344033,21.0739187426768,0.5));
#14971=CARTESIAN_POINT('Ctrl Pts',(39.0040930174291,21.0532063245773,0.5));
#14972=CARTESIAN_POINT('Ctrl Pts',(38.1623472832143,21.3233290612698,1.5));
#14973=CARTESIAN_POINT('Ctrl Pts',(38.1623472832143,21.3233290612698,0.5));
#14974=CARTESIAN_POINT('Ctrl Pts',(38.2076462177931,21.2980832346651,1.5));
#14975=CARTESIAN_POINT('Ctrl Pts',(38.2076462177931,21.2980832346651,0.5));
#14976=CARTESIAN_POINT('Ctrl Pts',(38.3321582640708,21.2286906637413,1.5));
#14977=CARTESIAN_POINT('Ctrl Pts',(38.3321582640708,21.2286906637413,0.5));
#14978=CARTESIAN_POINT('Ctrl Pts',(38.4722605774992,21.1993991849197,1.5));
#14979=CARTESIAN_POINT('Ctrl Pts',(38.4722605774992,21.1993991849197,0.5));
#14980=CARTESIAN_POINT('Ctrl Pts',(38.5613920353353,21.1807642877102,1.5));
#14981=CARTESIAN_POINT('Ctrl Pts',(38.5613920353353,21.1807642877102,0.5));
#14982=CARTESIAN_POINT('',(38.1623472832143,21.3233290612698,1.5));
#14983=CARTESIAN_POINT('Ctrl Pts',(38.1623472832143,21.3233290612698,1.5));
#14984=CARTESIAN_POINT('Ctrl Pts',(38.2076462177931,21.2980832346651,1.5));
#14985=CARTESIAN_POINT('Ctrl Pts',(38.3321582640708,21.2286906637413,1.5));
#14986=CARTESIAN_POINT('Ctrl Pts',(38.4722605774992,21.1993991849197,1.5));
#14987=CARTESIAN_POINT('Ctrl Pts',(38.5613920353353,21.1807642877102,1.5));
#14988=CARTESIAN_POINT('',(38.1623472832143,21.3233290612698,0.5));
#14989=CARTESIAN_POINT('',(38.1623472832143,21.3233290612698,1.5));
#14990=CARTESIAN_POINT('Ctrl Pts',(38.1623472832143,21.3233290612698,0.5));
#14991=CARTESIAN_POINT('Ctrl Pts',(38.2076462177931,21.2980832346651,0.5));
#14992=CARTESIAN_POINT('Ctrl Pts',(38.3321582640708,21.2286906637413,0.5));
#14993=CARTESIAN_POINT('Ctrl Pts',(38.4722605774992,21.1993991849197,0.5));
#14994=CARTESIAN_POINT('Ctrl Pts',(38.5613920353353,21.1807642877102,0.5));
#14995=CARTESIAN_POINT('Ctrl Pts',(38.0845846794546,21.5006823837757,1.5));
#14996=CARTESIAN_POINT('Ctrl Pts',(38.0845846794546,21.5006823837757,0.5));
#14997=CARTESIAN_POINT('Ctrl Pts',(38.0877033357279,21.4664580104308,1.5));
#14998=CARTESIAN_POINT('Ctrl Pts',(38.0877033357279,21.4664580104308,0.5));
#14999=CARTESIAN_POINT('Ctrl Pts',(38.0938835328034,21.3986360533067,1.5));
#15000=CARTESIAN_POINT('Ctrl Pts',(38.0938835328034,21.3986360533067,0.5));
#15001=CARTESIAN_POINT('Ctrl Pts',(38.1396670721841,21.3482762553863,1.5));
#15002=CARTESIAN_POINT('Ctrl Pts',(38.1396670721841,21.3482762553863,0.5));
#15003=CARTESIAN_POINT('Ctrl Pts',(38.1623472832143,21.3233290612698,1.5));
#15004=CARTESIAN_POINT('Ctrl Pts',(38.1623472832143,21.3233290612698,0.5));
#15005=CARTESIAN_POINT('',(38.0845846794546,21.5006823837757,1.5));
#15006=CARTESIAN_POINT('Ctrl Pts',(38.0845846794546,21.5006823837757,1.5));
#15007=CARTESIAN_POINT('Ctrl Pts',(38.0877033357279,21.4664580104308,1.5));
#15008=CARTESIAN_POINT('Ctrl Pts',(38.0938835328034,21.3986360533067,1.5));
#15009=CARTESIAN_POINT('Ctrl Pts',(38.1396670721841,21.3482762553863,1.5));
#15010=CARTESIAN_POINT('Ctrl Pts',(38.1623472832143,21.3233290612698,1.5));
#15011=CARTESIAN_POINT('',(38.0845846794546,21.5006823837757,0.5));
#15012=CARTESIAN_POINT('',(38.0845846794546,21.5006823837757,1.5));
#15013=CARTESIAN_POINT('Ctrl Pts',(38.0845846794546,21.5006823837757,0.5));
#15014=CARTESIAN_POINT('Ctrl Pts',(38.0877033357279,21.4664580104308,0.5));
#15015=CARTESIAN_POINT('Ctrl Pts',(38.0938835328034,21.3986360533067,0.5));
#15016=CARTESIAN_POINT('Ctrl Pts',(38.1396670721841,21.3482762553863,0.5));
#15017=CARTESIAN_POINT('Ctrl Pts',(38.1623472832143,21.3233290612698,0.5));
#15018=CARTESIAN_POINT('Ctrl Pts',(38.1944074295461,21.712824255228,1.5));
#15019=CARTESIAN_POINT('Ctrl Pts',(38.1944074295461,21.712824255228,0.5));
#15020=CARTESIAN_POINT('Ctrl Pts',(38.1623883757244,21.6827922686107,1.5));
#15021=CARTESIAN_POINT('Ctrl Pts',(38.1623883757244,21.6827922686107,0.5));
#15022=CARTESIAN_POINT('Ctrl Pts',(38.1005991900603,21.6248376517351,1.5));
#15023=CARTESIAN_POINT('Ctrl Pts',(38.1005991900603,21.6248376517351,0.5));
#15024=CARTESIAN_POINT('Ctrl Pts',(38.0897917310699,21.5410509535372,1.5));
#15025=CARTESIAN_POINT('Ctrl Pts',(38.0897917310699,21.5410509535372,0.5));
#15026=CARTESIAN_POINT('Ctrl Pts',(38.0845846794546,21.5006823837757,1.5));
#15027=CARTESIAN_POINT('Ctrl Pts',(38.0845846794546,21.5006823837757,0.5));
#15028=CARTESIAN_POINT('',(38.1944074295461,21.712824255228,1.5));
#15029=CARTESIAN_POINT('Ctrl Pts',(38.1944074295461,21.712824255228,1.5));
#15030=CARTESIAN_POINT('Ctrl Pts',(38.1623883757244,21.6827922686107,1.5));
#15031=CARTESIAN_POINT('Ctrl Pts',(38.1005991900603,21.6248376517351,1.5));
#15032=CARTESIAN_POINT('Ctrl Pts',(38.0897917310699,21.5410509535372,1.5));
#15033=CARTESIAN_POINT('Ctrl Pts',(38.0845846794546,21.5006823837757,1.5));
#15034=CARTESIAN_POINT('',(38.1944074295461,21.712824255228,0.5));
#15035=CARTESIAN_POINT('',(38.1944074295461,21.712824255228,1.5));
#15036=CARTESIAN_POINT('Ctrl Pts',(38.1944074295461,21.712824255228,0.5));
#15037=CARTESIAN_POINT('Ctrl Pts',(38.1623883757244,21.6827922686107,0.5));
#15038=CARTESIAN_POINT('Ctrl Pts',(38.1005991900603,21.6248376517351,0.5));
#15039=CARTESIAN_POINT('Ctrl Pts',(38.0897917310699,21.5410509535372,0.5));
#15040=CARTESIAN_POINT('Ctrl Pts',(38.0845846794546,21.5006823837757,0.5));
#15041=CARTESIAN_POINT('Ctrl Pts',(38.5443391464651,21.8008188903332,1.5));
#15042=CARTESIAN_POINT('Ctrl Pts',(38.5443391464651,21.8008188903332,0.5));
#15043=CARTESIAN_POINT('Ctrl Pts',(38.4734297859977,21.7997418156215,1.5));
#15044=CARTESIAN_POINT('Ctrl Pts',(38.4734297859977,21.7997418156215,0.5));
#15045=CARTESIAN_POINT('Ctrl Pts',(38.3491961924309,21.7978547747416,1.5));
#15046=CARTESIAN_POINT('Ctrl Pts',(38.3491961924309,21.7978547747416,0.5));
#15047=CARTESIAN_POINT('Ctrl Pts',(38.2408936488709,21.73836065274,1.5));
#15048=CARTESIAN_POINT('Ctrl Pts',(38.2408936488709,21.73836065274,0.5));
#15049=CARTESIAN_POINT('Ctrl Pts',(38.1944074295461,21.712824255228,1.5));
#15050=CARTESIAN_POINT('Ctrl Pts',(38.1944074295461,21.712824255228,0.5));
#15051=CARTESIAN_POINT('',(38.5443391464651,21.8008188903332,1.5));
#15052=CARTESIAN_POINT('Ctrl Pts',(38.5443391464651,21.8008188903332,1.5));
#15053=CARTESIAN_POINT('Ctrl Pts',(38.4734297859977,21.7997418156215,1.5));
#15054=CARTESIAN_POINT('Ctrl Pts',(38.3491961924309,21.7978547747416,1.5));
#15055=CARTESIAN_POINT('Ctrl Pts',(38.2408936488709,21.73836065274,1.5));
#15056=CARTESIAN_POINT('Ctrl Pts',(38.1944074295461,21.712824255228,1.5));
#15057=CARTESIAN_POINT('',(38.5443391464651,21.8008188903332,0.5));
#15058=CARTESIAN_POINT('',(38.5443391464651,21.8008188903332,1.5));
#15059=CARTESIAN_POINT('Ctrl Pts',(38.5443391464651,21.8008188903332,0.5));
#15060=CARTESIAN_POINT('Ctrl Pts',(38.4734297859977,21.7997418156215,0.5));
#15061=CARTESIAN_POINT('Ctrl Pts',(38.3491961924309,21.7978547747416,0.5));
#15062=CARTESIAN_POINT('Ctrl Pts',(38.2408936488709,21.73836065274,0.5));
#15063=CARTESIAN_POINT('Ctrl Pts',(38.1944074295461,21.712824255228,0.5));
#15064=CARTESIAN_POINT('Ctrl Pts',(38.8929065130651,21.7039567232132,1.5));
#15065=CARTESIAN_POINT('Ctrl Pts',(38.8929065130651,21.7039567232132,0.5));
#15066=CARTESIAN_POINT('Ctrl Pts',(38.8453698086356,21.7321190121222,1.5));
#15067=CARTESIAN_POINT('Ctrl Pts',(38.8453698086356,21.7321190121222,0.5));
#15068=CARTESIAN_POINT('Ctrl Pts',(38.7384536945309,21.7954595934809,1.5));
#15069=CARTESIAN_POINT('Ctrl Pts',(38.7384536945309,21.7954595934809,0.5));
#15070=CARTESIAN_POINT('Ctrl Pts',(38.6136519398075,21.7989052376014,1.5));
#15071=CARTESIAN_POINT('Ctrl Pts',(38.6136519398075,21.7989052376014,0.5));
#15072=CARTESIAN_POINT('Ctrl Pts',(38.5443391464651,21.8008188903332,1.5));
#15073=CARTESIAN_POINT('Ctrl Pts',(38.5443391464651,21.8008188903332,0.5));
#15074=CARTESIAN_POINT('',(38.8929065130651,21.7039567232132,1.5));
#15075=CARTESIAN_POINT('Ctrl Pts',(38.8929065130651,21.7039567232132,1.5));
#15076=CARTESIAN_POINT('Ctrl Pts',(38.8453698086356,21.7321190121222,1.5));
#15077=CARTESIAN_POINT('Ctrl Pts',(38.7384536945309,21.7954595934809,1.5));
#15078=CARTESIAN_POINT('Ctrl Pts',(38.6136519398075,21.7989052376014,1.5));
#15079=CARTESIAN_POINT('Ctrl Pts',(38.5443391464651,21.8008188903332,1.5));
#15080=CARTESIAN_POINT('',(38.8929065130651,21.7039567232132,0.5));
#15081=CARTESIAN_POINT('',(38.8929065130651,21.7039567232132,1.5));
#15082=CARTESIAN_POINT('Ctrl Pts',(38.8929065130651,21.7039567232132,0.5));
#15083=CARTESIAN_POINT('Ctrl Pts',(38.8453698086356,21.7321190121222,0.5));
#15084=CARTESIAN_POINT('Ctrl Pts',(38.7384536945309,21.7954595934809,0.5));
#15085=CARTESIAN_POINT('Ctrl Pts',(38.6136519398075,21.7989052376014,0.5));
#15086=CARTESIAN_POINT('Ctrl Pts',(38.5443391464651,21.8008188903332,0.5));
#15087=CARTESIAN_POINT('Ctrl Pts',(39.0313788317144,21.4174628257751,1.5));
#15088=CARTESIAN_POINT('Ctrl Pts',(39.0313788317144,21.4174628257751,0.5));
#15089=CARTESIAN_POINT('Ctrl Pts',(39.0218408711029,21.4756426737673,1.5));
#15090=CARTESIAN_POINT('Ctrl Pts',(39.0218408711029,21.4756426737673,0.5));
#15091=CARTESIAN_POINT('Ctrl Pts',(39.0038789110735,21.5852074063887,1.5));
#15092=CARTESIAN_POINT('Ctrl Pts',(39.0038789110735,21.5852074063887,0.5));
#15093=CARTESIAN_POINT('Ctrl Pts',(38.9283356365765,21.6660447352939,1.5));
#15094=CARTESIAN_POINT('Ctrl Pts',(38.9283356365765,21.6660447352939,0.5));
#15095=CARTESIAN_POINT('Ctrl Pts',(38.8929065130651,21.7039567232132,1.5));
#15096=CARTESIAN_POINT('Ctrl Pts',(38.8929065130651,21.7039567232132,0.5));
#15097=CARTESIAN_POINT('',(39.0313788317144,21.4174628257751,1.5));
#15098=CARTESIAN_POINT('Ctrl Pts',(39.0313788317144,21.4174628257751,1.5));
#15099=CARTESIAN_POINT('Ctrl Pts',(39.0218408711029,21.4756426737673,1.5));
#15100=CARTESIAN_POINT('Ctrl Pts',(39.0038789110735,21.5852074063887,1.5));
#15101=CARTESIAN_POINT('Ctrl Pts',(38.9283356365765,21.6660447352939,1.5));
#15102=CARTESIAN_POINT('Ctrl Pts',(38.8929065130651,21.7039567232132,1.5));
#15103=CARTESIAN_POINT('',(39.0313788317144,21.4174628257751,0.5));
#15104=CARTESIAN_POINT('',(39.0313788317144,21.4174628257751,1.5));
#15105=CARTESIAN_POINT('Ctrl Pts',(39.0313788317144,21.4174628257751,0.5));
#15106=CARTESIAN_POINT('Ctrl Pts',(39.0218408711029,21.4756426737673,0.5));
#15107=CARTESIAN_POINT('Ctrl Pts',(39.0038789110735,21.5852074063887,0.5));
#15108=CARTESIAN_POINT('Ctrl Pts',(38.9283356365765,21.6660447352939,0.5));
#15109=CARTESIAN_POINT('Ctrl Pts',(38.8929065130651,21.7039567232132,0.5));
#15110=CARTESIAN_POINT('Origin',(39.285130109638,21.4365623891354,1.5));
#15111=CARTESIAN_POINT('',(39.285130109638,21.4365623891354,1.5));
#15112=CARTESIAN_POINT('',(28.0633559713599,20.5919125102386,1.5));
#15113=CARTESIAN_POINT('',(39.285130109638,21.4365623891354,0.5));
#15114=CARTESIAN_POINT('',(39.285130109638,21.4365623891354,1.5));
#15115=CARTESIAN_POINT('',(39.285130109638,21.4365623891354,0.5));
#15116=CARTESIAN_POINT('Ctrl Pts',(39.1869040392339,21.7517055571079,1.5));
#15117=CARTESIAN_POINT('Ctrl Pts',(39.1869040392339,21.7517055571079,0.5));
#15118=CARTESIAN_POINT('Ctrl Pts',(39.2138625884321,21.7033623947138,1.5));
#15119=CARTESIAN_POINT('Ctrl Pts',(39.2138625884321,21.7033623947138,0.5));
#15120=CARTESIAN_POINT('Ctrl Pts',(39.2685928107728,21.6052179431325,1.5));
#15121=CARTESIAN_POINT('Ctrl Pts',(39.2685928107728,21.6052179431325,0.5));
#15122=CARTESIAN_POINT('Ctrl Pts',(39.2795633471284,21.4933349868053,1.5));
#15123=CARTESIAN_POINT('Ctrl Pts',(39.2795633471284,21.4933349868053,0.5));
#15124=CARTESIAN_POINT('Ctrl Pts',(39.285130109638,21.4365623891354,1.5));
#15125=CARTESIAN_POINT('Ctrl Pts',(39.285130109638,21.4365623891354,0.5));
#15126=CARTESIAN_POINT('',(39.1869040392339,21.7517055571079,1.5));
#15127=CARTESIAN_POINT('Ctrl Pts',(39.1869040392339,21.7517055571079,1.5));
#15128=CARTESIAN_POINT('Ctrl Pts',(39.2138625884321,21.7033623947138,1.5));
#15129=CARTESIAN_POINT('Ctrl Pts',(39.2685928107728,21.6052179431325,1.5));
#15130=CARTESIAN_POINT('Ctrl Pts',(39.2795633471284,21.4933349868053,1.5));
#15131=CARTESIAN_POINT('Ctrl Pts',(39.285130109638,21.4365623891354,1.5));
#15132=CARTESIAN_POINT('',(39.1869040392339,21.7517055571079,0.5));
#15133=CARTESIAN_POINT('',(39.1869040392339,21.7517055571079,1.5));
#15134=CARTESIAN_POINT('Ctrl Pts',(39.1869040392339,21.7517055571079,0.5));
#15135=CARTESIAN_POINT('Ctrl Pts',(39.2138625884321,21.7033623947138,0.5));
#15136=CARTESIAN_POINT('Ctrl Pts',(39.2685928107728,21.6052179431325,0.5));
#15137=CARTESIAN_POINT('Ctrl Pts',(39.2795633471284,21.4933349868053,0.5));
#15138=CARTESIAN_POINT('Ctrl Pts',(39.285130109638,21.4365623891354,0.5));
#15139=CARTESIAN_POINT('Ctrl Pts',(38.9256485365331,21.962483227253,1.5));
#15140=CARTESIAN_POINT('Ctrl Pts',(38.9256485365331,21.962483227253,0.5));
#15141=CARTESIAN_POINT('Ctrl Pts',(38.9785552379624,21.9364556340283,1.5));
#15142=CARTESIAN_POINT('Ctrl Pts',(38.9785552379624,21.9364556340283,0.5));
#15143=CARTESIAN_POINT('Ctrl Pts',(39.0815711800167,21.8857766659012,1.5));
#15144=CARTESIAN_POINT('Ctrl Pts',(39.0815711800167,21.8857766659012,0.5));
#15145=CARTESIAN_POINT('Ctrl Pts',(39.152434532025,21.7955794734281,1.5));
#15146=CARTESIAN_POINT('Ctrl Pts',(39.152434532025,21.7955794734281,0.5));
#15147=CARTESIAN_POINT('Ctrl Pts',(39.1869040392339,21.7517055571079,1.5));
#15148=CARTESIAN_POINT('Ctrl Pts',(39.1869040392339,21.7517055571079,0.5));
#15149=CARTESIAN_POINT('',(38.9256485365331,21.962483227253,1.5));
#15150=CARTESIAN_POINT('Ctrl Pts',(38.9256485365331,21.962483227253,1.5));
#15151=CARTESIAN_POINT('Ctrl Pts',(38.9785552379624,21.9364556340283,1.5));
#15152=CARTESIAN_POINT('Ctrl Pts',(39.0815711800167,21.8857766659012,1.5));
#15153=CARTESIAN_POINT('Ctrl Pts',(39.152434532025,21.7955794734281,1.5));
#15154=CARTESIAN_POINT('Ctrl Pts',(39.1869040392339,21.7517055571079,1.5));
#15155=CARTESIAN_POINT('',(38.9256485365331,21.962483227253,0.5));
#15156=CARTESIAN_POINT('',(38.9256485365331,21.962483227253,1.5));
#15157=CARTESIAN_POINT('Ctrl Pts',(38.9256485365331,21.962483227253,0.5));
#15158=CARTESIAN_POINT('Ctrl Pts',(38.9785552379624,21.9364556340283,0.5));
#15159=CARTESIAN_POINT('Ctrl Pts',(39.0815711800167,21.8857766659012,0.5));
#15160=CARTESIAN_POINT('Ctrl Pts',(39.152434532025,21.7955794734281,0.5));
#15161=CARTESIAN_POINT('Ctrl Pts',(39.1869040392339,21.7517055571079,0.5));
#15162=CARTESIAN_POINT('Ctrl Pts',(38.5334249399602,22.0341067016125,1.5));
#15163=CARTESIAN_POINT('Ctrl Pts',(38.5334249399602,22.0341067016125,0.5));
#15164=CARTESIAN_POINT('Ctrl Pts',(38.6038484866924,22.0317411387121,1.5));
#15165=CARTESIAN_POINT('Ctrl Pts',(38.6038484866924,22.0317411387121,0.5));
#15166=CARTESIAN_POINT('Ctrl Pts',(38.7382220191332,22.0272274631323,1.5));
#15167=CARTESIAN_POINT('Ctrl Pts',(38.7382220191332,22.0272274631323,0.5));
#15168=CARTESIAN_POINT('Ctrl Pts',(38.8652123198858,21.9833601913056,1.5));
#15169=CARTESIAN_POINT('Ctrl Pts',(38.8652123198858,21.9833601913056,0.5));
#15170=CARTESIAN_POINT('Ctrl Pts',(38.9256485365331,21.962483227253,1.5));
#15171=CARTESIAN_POINT('Ctrl Pts',(38.9256485365331,21.962483227253,0.5));
#15172=CARTESIAN_POINT('',(38.5334249399602,22.0341067016125,1.5));
#15173=CARTESIAN_POINT('Ctrl Pts',(38.5334249399602,22.0341067016125,1.5));
#15174=CARTESIAN_POINT('Ctrl Pts',(38.6038484866924,22.0317411387121,1.5));
#15175=CARTESIAN_POINT('Ctrl Pts',(38.7382220191332,22.0272274631323,1.5));
#15176=CARTESIAN_POINT('Ctrl Pts',(38.8652123198858,21.9833601913056,1.5));
#15177=CARTESIAN_POINT('Ctrl Pts',(38.9256485365331,21.962483227253,1.5));
#15178=CARTESIAN_POINT('',(38.5334249399602,22.0341067016125,0.5));
#15179=CARTESIAN_POINT('',(38.5334249399602,22.0341067016125,1.5));
#15180=CARTESIAN_POINT('Ctrl Pts',(38.5334249399602,22.0341067016125,0.5));
#15181=CARTESIAN_POINT('Ctrl Pts',(38.6038484866924,22.0317411387121,0.5));
#15182=CARTESIAN_POINT('Ctrl Pts',(38.7382220191332,22.0272274631323,0.5));
#15183=CARTESIAN_POINT('Ctrl Pts',(38.8652123198858,21.9833601913056,0.5));
#15184=CARTESIAN_POINT('Ctrl Pts',(38.9256485365331,21.962483227253,0.5));
#15185=CARTESIAN_POINT('Ctrl Pts',(38.1664397381246,21.9658939540386,1.5));
#15186=CARTESIAN_POINT('Ctrl Pts',(38.1664397381246,21.9658939540386,0.5));
#15187=CARTESIAN_POINT('Ctrl Pts',(38.223997773482,21.9857838683589,1.5));
#15188=CARTESIAN_POINT('Ctrl Pts',(38.223997773482,21.9857838683589,0.5));
#15189=CARTESIAN_POINT('Ctrl Pts',(38.3428587621915,22.0268578012474,1.5));
#15190=CARTESIAN_POINT('Ctrl Pts',(38.3428587621915,22.0268578012474,0.5));
#15191=CARTESIAN_POINT('Ctrl Pts',(38.4685825004989,22.0316401758701,1.5));
#15192=CARTESIAN_POINT('Ctrl Pts',(38.4685825004989,22.0316401758701,0.5));
#15193=CARTESIAN_POINT('Ctrl Pts',(38.5334249399602,22.0341067016125,1.5));
#15194=CARTESIAN_POINT('Ctrl Pts',(38.5334249399602,22.0341067016125,0.5));
#15195=CARTESIAN_POINT('',(38.1664397381246,21.9658939540386,1.5));
#15196=CARTESIAN_POINT('Ctrl Pts',(38.1664397381246,21.9658939540386,1.5));
#15197=CARTESIAN_POINT('Ctrl Pts',(38.223997773482,21.9857838683589,1.5));
#15198=CARTESIAN_POINT('Ctrl Pts',(38.3428587621915,22.0268578012474,1.5));
#15199=CARTESIAN_POINT('Ctrl Pts',(38.4685825004989,22.0316401758701,1.5));
#15200=CARTESIAN_POINT('Ctrl Pts',(38.5334249399602,22.0341067016125,1.5));
#15201=CARTESIAN_POINT('',(38.1664397381246,21.9658939540386,0.5));
#15202=CARTESIAN_POINT('',(38.1664397381246,21.9658939540386,1.5));
#15203=CARTESIAN_POINT('Ctrl Pts',(38.1664397381246,21.9658939540386,0.5));
#15204=CARTESIAN_POINT('Ctrl Pts',(38.223997773482,21.9857838683589,0.5));
#15205=CARTESIAN_POINT('Ctrl Pts',(38.3428587621915,22.0268578012474,0.5));
#15206=CARTESIAN_POINT('Ctrl Pts',(38.4685825004989,22.0316401758701,0.5));
#15207=CARTESIAN_POINT('Ctrl Pts',(38.5334249399602,22.0341067016125,0.5));
#15208=CARTESIAN_POINT('Ctrl Pts',(37.9154165647924,21.7660303413868,1.5));
#15209=CARTESIAN_POINT('Ctrl Pts',(37.9154165647924,21.7660303413868,0.5));
#15210=CARTESIAN_POINT('Ctrl Pts',(37.9482462006962,21.8076265898727,1.5));
#15211=CARTESIAN_POINT('Ctrl Pts',(37.9482462006962,21.8076265898727,0.5));
#15212=CARTESIAN_POINT('Ctrl Pts',(38.0162216893514,21.8937538111836,1.5));
#15213=CARTESIAN_POINT('Ctrl Pts',(38.0162216893514,21.8937538111836,0.5));
#15214=CARTESIAN_POINT('Ctrl Pts',(38.1152423685912,21.9413071245457,1.5));
#15215=CARTESIAN_POINT('Ctrl Pts',(38.1152423685912,21.9413071245457,0.5));
#15216=CARTESIAN_POINT('Ctrl Pts',(38.1664397381246,21.9658939540386,1.5));
#15217=CARTESIAN_POINT('Ctrl Pts',(38.1664397381246,21.9658939540386,0.5));
#15218=CARTESIAN_POINT('',(37.9154165647924,21.7660303413868,1.5));
#15219=CARTESIAN_POINT('Ctrl Pts',(37.9154165647924,21.7660303413868,1.5));
#15220=CARTESIAN_POINT('Ctrl Pts',(37.9482462006962,21.8076265898727,1.5));
#15221=CARTESIAN_POINT('Ctrl Pts',(38.0162216893514,21.8937538111836,1.5));
#15222=CARTESIAN_POINT('Ctrl Pts',(38.1152423685912,21.9413071245457,1.5));
#15223=CARTESIAN_POINT('Ctrl Pts',(38.1664397381246,21.9658939540386,1.5));
#15224=CARTESIAN_POINT('',(37.9154165647924,21.7660303413868,0.5));
#15225=CARTESIAN_POINT('',(37.9154165647924,21.7660303413868,1.5));
#15226=CARTESIAN_POINT('Ctrl Pts',(37.9154165647924,21.7660303413868,0.5));
#15227=CARTESIAN_POINT('Ctrl Pts',(37.9482462006962,21.8076265898727,0.5));
#15228=CARTESIAN_POINT('Ctrl Pts',(38.0162216893514,21.8937538111836,0.5));
#15229=CARTESIAN_POINT('Ctrl Pts',(38.1152423685912,21.9413071245457,0.5));
#15230=CARTESIAN_POINT('Ctrl Pts',(38.1664397381246,21.9658939540386,0.5));
#15231=CARTESIAN_POINT('Ctrl Pts',(37.8294684551656,21.4829471707344,1.5));
#15232=CARTESIAN_POINT('Ctrl Pts',(37.8294684551656,21.4829471707344,0.5));
#15233=CARTESIAN_POINT('Ctrl Pts',(37.8331905189095,21.5328151132653,1.5));
#15234=CARTESIAN_POINT('Ctrl Pts',(37.8331905189095,21.5328151132653,0.5));
#15235=CARTESIAN_POINT('Ctrl Pts',(37.8407097560679,21.6335573122977,1.5));
#15236=CARTESIAN_POINT('Ctrl Pts',(37.8407097560679,21.6335573122977,0.5));
#15237=CARTESIAN_POINT('Ctrl Pts',(37.8903490130146,21.7215795801705,1.5));
#15238=CARTESIAN_POINT('Ctrl Pts',(37.8903490130146,21.7215795801705,0.5));
#15239=CARTESIAN_POINT('Ctrl Pts',(37.9154165647924,21.7660303413868,1.5));
#15240=CARTESIAN_POINT('Ctrl Pts',(37.9154165647924,21.7660303413868,0.5));
#15241=CARTESIAN_POINT('',(37.8294684551656,21.4829471707344,1.5));
#15242=CARTESIAN_POINT('Ctrl Pts',(37.8294684551656,21.4829471707344,1.5));
#15243=CARTESIAN_POINT('Ctrl Pts',(37.8331905189095,21.5328151132653,1.5));
#15244=CARTESIAN_POINT('Ctrl Pts',(37.8407097560679,21.6335573122977,1.5));
#15245=CARTESIAN_POINT('Ctrl Pts',(37.8903490130146,21.7215795801705,1.5));
#15246=CARTESIAN_POINT('Ctrl Pts',(37.9154165647924,21.7660303413868,1.5));
#15247=CARTESIAN_POINT('',(37.8294684551656,21.4829471707344,0.5));
#15248=CARTESIAN_POINT('',(37.8294684551656,21.4829471707344,1.5));
#15249=CARTESIAN_POINT('Ctrl Pts',(37.8294684551656,21.4829471707344,0.5));
#15250=CARTESIAN_POINT('Ctrl Pts',(37.8331905189095,21.5328151132653,0.5));
#15251=CARTESIAN_POINT('Ctrl Pts',(37.8407097560679,21.6335573122977,0.5));
#15252=CARTESIAN_POINT('Ctrl Pts',(37.8903490130146,21.7215795801705,0.5));
#15253=CARTESIAN_POINT('Ctrl Pts',(37.9154165647924,21.7660303413868,0.5));
#15254=CARTESIAN_POINT('Ctrl Pts',(37.8997280262411,21.2339703738689,1.5));
#15255=CARTESIAN_POINT('Ctrl Pts',(37.8997280262411,21.2339703738689,0.5));
#15256=CARTESIAN_POINT('Ctrl Pts',(37.8792365329124,21.2724180729236,1.5));
#15257=CARTESIAN_POINT('Ctrl Pts',(37.8792365329124,21.2724180729236,0.5));
#15258=CARTESIAN_POINT('Ctrl Pts',(37.8377412405406,21.3502746979973,1.5));
#15259=CARTESIAN_POINT('Ctrl Pts',(37.8377412405406,21.3502746979973,0.5));
#15260=CARTESIAN_POINT('Ctrl Pts',(37.8322486543271,21.4383605072672,1.5));
#15261=CARTESIAN_POINT('Ctrl Pts',(37.8322486543271,21.4383605072672,0.5));
#15262=CARTESIAN_POINT('Ctrl Pts',(37.8294684551656,21.4829471707344,1.5));
#15263=CARTESIAN_POINT('Ctrl Pts',(37.8294684551656,21.4829471707344,0.5));
#15264=CARTESIAN_POINT('',(37.8997280262411,21.2339703738689,1.5));
#15265=CARTESIAN_POINT('Ctrl Pts',(37.8997280262411,21.2339703738689,1.5));
#15266=CARTESIAN_POINT('Ctrl Pts',(37.8792365329124,21.2724180729236,1.5));
#15267=CARTESIAN_POINT('Ctrl Pts',(37.8377412405406,21.3502746979973,1.5));
#15268=CARTESIAN_POINT('Ctrl Pts',(37.8322486543271,21.4383605072672,1.5));
#15269=CARTESIAN_POINT('Ctrl Pts',(37.8294684551656,21.4829471707344,1.5));
#15270=CARTESIAN_POINT('',(37.8997280262411,21.2339703738689,0.5));
#15271=CARTESIAN_POINT('',(37.8997280262411,21.2339703738689,1.5));
#15272=CARTESIAN_POINT('Ctrl Pts',(37.8997280262411,21.2339703738689,0.5));
#15273=CARTESIAN_POINT('Ctrl Pts',(37.8792365329124,21.2724180729236,0.5));
#15274=CARTESIAN_POINT('Ctrl Pts',(37.8377412405406,21.3502746979973,0.5));
#15275=CARTESIAN_POINT('Ctrl Pts',(37.8322486543271,21.4383605072672,0.5));
#15276=CARTESIAN_POINT('Ctrl Pts',(37.8294684551656,21.4829471707344,0.5));
#15277=CARTESIAN_POINT('Ctrl Pts',(38.1132336519659,21.0477492213249,1.5));
#15278=CARTESIAN_POINT('Ctrl Pts',(38.1132336519659,21.0477492213249,0.5));
#15279=CARTESIAN_POINT('Ctrl Pts',(38.0692518397494,21.0731572806128,1.5));
#15280=CARTESIAN_POINT('Ctrl Pts',(38.0692518397494,21.0731572806128,0.5));
#15281=CARTESIAN_POINT('Ctrl Pts',(37.9858091090134,21.1213617029145,1.5));
#15282=CARTESIAN_POINT('Ctrl Pts',(37.9858091090134,21.1213617029145,0.5));
#15283=CARTESIAN_POINT('Ctrl Pts',(37.9273662502802,21.1978148844588,1.5));
#15284=CARTESIAN_POINT('Ctrl Pts',(37.9273662502802,21.1978148844588,0.5));
#15285=CARTESIAN_POINT('Ctrl Pts',(37.8997280262411,21.2339703738689,1.5));
#15286=CARTESIAN_POINT('Ctrl Pts',(37.8997280262411,21.2339703738689,0.5));
#15287=CARTESIAN_POINT('',(38.1132336519659,21.0477492213249,1.5));
#15288=CARTESIAN_POINT('Ctrl Pts',(38.1132336519659,21.0477492213249,1.5));
#15289=CARTESIAN_POINT('Ctrl Pts',(38.0692518397494,21.0731572806128,1.5));
#15290=CARTESIAN_POINT('Ctrl Pts',(37.9858091090134,21.1213617029145,1.5));
#15291=CARTESIAN_POINT('Ctrl Pts',(37.9273662502802,21.1978148844588,1.5));
#15292=CARTESIAN_POINT('Ctrl Pts',(37.8997280262411,21.2339703738689,1.5));
#15293=CARTESIAN_POINT('',(38.1132336519659,21.0477492213249,0.5));
#15294=CARTESIAN_POINT('',(38.1132336519659,21.0477492213249,1.5));
#15295=CARTESIAN_POINT('Ctrl Pts',(38.1132336519659,21.0477492213249,0.5));
#15296=CARTESIAN_POINT('Ctrl Pts',(38.0692518397494,21.0731572806128,0.5));
#15297=CARTESIAN_POINT('Ctrl Pts',(37.9858091090134,21.1213617029145,0.5));
#15298=CARTESIAN_POINT('Ctrl Pts',(37.9273662502802,21.1978148844588,0.5));
#15299=CARTESIAN_POINT('Ctrl Pts',(37.8997280262411,21.2339703738689,0.5));
#15300=CARTESIAN_POINT('Ctrl Pts',(38.4993185661733,20.9229198098183,1.5));
#15301=CARTESIAN_POINT('Ctrl Pts',(38.4993185661733,20.9229198098183,0.5));
#15302=CARTESIAN_POINT('Ctrl Pts',(38.4203547657227,20.9417861477759,1.5));
#15303=CARTESIAN_POINT('Ctrl Pts',(38.4203547657227,20.9417861477759,0.5));
#15304=CARTESIAN_POINT('Ctrl Pts',(38.288286552546,20.973340398319,1.5));
#15305=CARTESIAN_POINT('Ctrl Pts',(38.288286552546,20.973340398319,0.5));
#15306=CARTESIAN_POINT('Ctrl Pts',(38.1634358966874,21.0264100151215,1.5));
#15307=CARTESIAN_POINT('Ctrl Pts',(38.1634358966874,21.0264100151215,0.5));
#15308=CARTESIAN_POINT('Ctrl Pts',(38.1132336519659,21.0477492213249,1.5));
#15309=CARTESIAN_POINT('Ctrl Pts',(38.1132336519659,21.0477492213249,0.5));
#15310=CARTESIAN_POINT('',(38.4993185661733,20.9229198098183,1.5));
#15311=CARTESIAN_POINT('Ctrl Pts',(38.4993185661733,20.9229198098183,1.5));
#15312=CARTESIAN_POINT('Ctrl Pts',(38.4203547657227,20.9417861477759,1.5));
#15313=CARTESIAN_POINT('Ctrl Pts',(38.288286552546,20.973340398319,1.5));
#15314=CARTESIAN_POINT('Ctrl Pts',(38.1634358966874,21.0264100151215,1.5));
#15315=CARTESIAN_POINT('Ctrl Pts',(38.1132336519659,21.0477492213249,1.5));
#15316=CARTESIAN_POINT('',(38.4993185661733,20.9229198098183,0.5));
#15317=CARTESIAN_POINT('',(38.4993185661733,20.9229198098183,1.5));
#15318=CARTESIAN_POINT('Ctrl Pts',(38.4993185661733,20.9229198098183,0.5));
#15319=CARTESIAN_POINT('Ctrl Pts',(38.4203547657227,20.9417861477759,0.5));
#15320=CARTESIAN_POINT('Ctrl Pts',(38.288286552546,20.973340398319,0.5));
#15321=CARTESIAN_POINT('Ctrl Pts',(38.1634358966874,21.0264100151215,0.5));
#15322=CARTESIAN_POINT('Ctrl Pts',(38.1132336519659,21.0477492213249,0.5));
#15323=CARTESIAN_POINT('Ctrl Pts',(38.8553895615041,20.8253754675388,1.5));
#15324=CARTESIAN_POINT('Ctrl Pts',(38.8553895615041,20.8253754675388,0.5));
#15325=CARTESIAN_POINT('Ctrl Pts',(38.8124192596693,20.839151220093,1.5));
#15326=CARTESIAN_POINT('Ctrl Pts',(38.8124192596693,20.839151220093,0.5));
#15327=CARTESIAN_POINT('Ctrl Pts',(38.6951582663923,20.8767436585603,1.5));
#15328=CARTESIAN_POINT('Ctrl Pts',(38.6951582663923,20.8767436585603,0.5));
#15329=CARTESIAN_POINT('Ctrl Pts',(38.5752723055645,20.905011023424,1.5));
#15330=CARTESIAN_POINT('Ctrl Pts',(38.5752723055645,20.905011023424,0.5));
#15331=CARTESIAN_POINT('Ctrl Pts',(38.4993185661733,20.9229198098183,1.5));
#15332=CARTESIAN_POINT('Ctrl Pts',(38.4993185661733,20.9229198098183,0.5));
#15333=CARTESIAN_POINT('',(38.8553895615041,20.8253754675388,1.5));
#15334=CARTESIAN_POINT('Ctrl Pts',(38.8553895615041,20.8253754675388,1.5));
#15335=CARTESIAN_POINT('Ctrl Pts',(38.8124192596693,20.839151220093,1.5));
#15336=CARTESIAN_POINT('Ctrl Pts',(38.6951582663923,20.8767436585603,1.5));
#15337=CARTESIAN_POINT('Ctrl Pts',(38.5752723055645,20.905011023424,1.5));
#15338=CARTESIAN_POINT('Ctrl Pts',(38.4993185661733,20.9229198098183,1.5));
#15339=CARTESIAN_POINT('',(38.8553895615041,20.8253754675388,0.5));
#15340=CARTESIAN_POINT('',(38.8553895615041,20.8253754675388,1.5));
#15341=CARTESIAN_POINT('Ctrl Pts',(38.8553895615041,20.8253754675388,0.5));
#15342=CARTESIAN_POINT('Ctrl Pts',(38.8124192596693,20.839151220093,0.5));
#15343=CARTESIAN_POINT('Ctrl Pts',(38.6951582663923,20.8767436585603,0.5));
#15344=CARTESIAN_POINT('Ctrl Pts',(38.5752723055645,20.905011023424,0.5));
#15345=CARTESIAN_POINT('Ctrl Pts',(38.4993185661733,20.9229198098183,0.5));
#15346=CARTESIAN_POINT('Ctrl Pts',(39.0354712866247,20.7073672115803,1.5));
#15347=CARTESIAN_POINT('Ctrl Pts',(39.0354712866247,20.7073672115803,0.5));
#15348=CARTESIAN_POINT('Ctrl Pts',(39.0124556977476,20.7305174585946,1.5));
#15349=CARTESIAN_POINT('Ctrl Pts',(39.0124556977476,20.7305174585946,0.5));
#15350=CARTESIAN_POINT('Ctrl Pts',(38.9608978317594,20.7823769760519,1.5));
#15351=CARTESIAN_POINT('Ctrl Pts',(38.9608978317594,20.7823769760519,0.5));
#15352=CARTESIAN_POINT('Ctrl Pts',(38.8929855778235,20.8100537113984,1.5));
#15353=CARTESIAN_POINT('Ctrl Pts',(38.8929855778235,20.8100537113984,0.5));
#15354=CARTESIAN_POINT('Ctrl Pts',(38.8553895615041,20.8253754675388,1.5));
#15355=CARTESIAN_POINT('Ctrl Pts',(38.8553895615041,20.8253754675388,0.5));
#15356=CARTESIAN_POINT('',(39.0354712866247,20.7073672115803,1.5));
#15357=CARTESIAN_POINT('Ctrl Pts',(39.0354712866247,20.7073672115803,1.5));
#15358=CARTESIAN_POINT('Ctrl Pts',(39.0124556977476,20.7305174585946,1.5));
#15359=CARTESIAN_POINT('Ctrl Pts',(38.9608978317594,20.7823769760519,1.5));
#15360=CARTESIAN_POINT('Ctrl Pts',(38.8929855778235,20.8100537113984,1.5));
#15361=CARTESIAN_POINT('Ctrl Pts',(38.8553895615041,20.8253754675388,1.5));
#15362=CARTESIAN_POINT('',(39.0354712866247,20.7073672115803,0.5));
#15363=CARTESIAN_POINT('',(39.0354712866247,20.7073672115803,1.5));
#15364=CARTESIAN_POINT('Ctrl Pts',(39.0354712866247,20.7073672115803,0.5));
#15365=CARTESIAN_POINT('Ctrl Pts',(39.0124556977476,20.7305174585946,0.5));
#15366=CARTESIAN_POINT('Ctrl Pts',(38.9608978317594,20.7823769760519,0.5));
#15367=CARTESIAN_POINT('Ctrl Pts',(38.8929855778235,20.8100537113984,0.5));
#15368=CARTESIAN_POINT('Ctrl Pts',(38.8553895615041,20.8253754675388,0.5));
#15369=CARTESIAN_POINT('Ctrl Pts',(39.0900417231023,20.5429743230343,1.5));
#15370=CARTESIAN_POINT('Ctrl Pts',(39.0900417231023,20.5429743230343,0.5));
#15371=CARTESIAN_POINT('Ctrl Pts',(39.0879107827526,20.5731718996092,1.5));
#15372=CARTESIAN_POINT('Ctrl Pts',(39.0879107827526,20.5731718996092,0.5));
#15373=CARTESIAN_POINT('Ctrl Pts',(39.0837132475196,20.6326552125249,1.5));
#15374=CARTESIAN_POINT('Ctrl Pts',(39.0837132475196,20.6326552125249,0.5));
#15375=CARTESIAN_POINT('Ctrl Pts',(39.0513867589561,20.6827190270592,1.5));
#15376=CARTESIAN_POINT('Ctrl Pts',(39.0513867589561,20.6827190270592,0.5));
#15377=CARTESIAN_POINT('Ctrl Pts',(39.0354712866247,20.7073672115803,1.5));
#15378=CARTESIAN_POINT('Ctrl Pts',(39.0354712866247,20.7073672115803,0.5));
#15379=CARTESIAN_POINT('',(39.0900417231023,20.5429743230343,1.5));
#15380=CARTESIAN_POINT('Ctrl Pts',(39.0900417231023,20.5429743230343,1.5));
#15381=CARTESIAN_POINT('Ctrl Pts',(39.0879107827526,20.5731718996092,1.5));
#15382=CARTESIAN_POINT('Ctrl Pts',(39.0837132475196,20.6326552125249,1.5));
#15383=CARTESIAN_POINT('Ctrl Pts',(39.0513867589561,20.6827190270592,1.5));
#15384=CARTESIAN_POINT('Ctrl Pts',(39.0354712866247,20.7073672115803,1.5));
#15385=CARTESIAN_POINT('',(39.0900417231023,20.5429743230343,0.5));
#15386=CARTESIAN_POINT('',(39.0900417231023,20.5429743230343,1.5));
#15387=CARTESIAN_POINT('Ctrl Pts',(39.0900417231023,20.5429743230343,0.5));
#15388=CARTESIAN_POINT('Ctrl Pts',(39.0879107827526,20.5731718996092,0.5));
#15389=CARTESIAN_POINT('Ctrl Pts',(39.0837132475196,20.6326552125249,0.5));
#15390=CARTESIAN_POINT('Ctrl Pts',(39.0513867589561,20.6827190270592,0.5));
#15391=CARTESIAN_POINT('Ctrl Pts',(39.0354712866247,20.7073672115803,0.5));
#15392=CARTESIAN_POINT('Ctrl Pts',(39.0334250591695,20.3717601299286,1.5));
#15393=CARTESIAN_POINT('Ctrl Pts',(39.0334250591695,20.3717601299286,0.5));
#15394=CARTESIAN_POINT('Ctrl Pts',(39.0499378705341,20.3983269859932,1.5));
#15395=CARTESIAN_POINT('Ctrl Pts',(39.0499378705341,20.3983269859932,0.5));
#15396=CARTESIAN_POINT('Ctrl Pts',(39.0825950199432,20.4508678749235,1.5));
#15397=CARTESIAN_POINT('Ctrl Pts',(39.0825950199432,20.4508678749235,0.5));
#15398=CARTESIAN_POINT('Ctrl Pts',(39.0875782307091,20.5125039887889,1.5));
#15399=CARTESIAN_POINT('Ctrl Pts',(39.0875782307091,20.5125039887889,0.5));
#15400=CARTESIAN_POINT('Ctrl Pts',(39.0900417231023,20.5429743230343,1.5));
#15401=CARTESIAN_POINT('Ctrl Pts',(39.0900417231023,20.5429743230343,0.5));
#15402=CARTESIAN_POINT('',(39.0334250591695,20.3717601299286,1.5));
#15403=CARTESIAN_POINT('Ctrl Pts',(39.0334250591695,20.3717601299286,1.5));
#15404=CARTESIAN_POINT('Ctrl Pts',(39.0499378705341,20.3983269859932,1.5));
#15405=CARTESIAN_POINT('Ctrl Pts',(39.0825950199432,20.4508678749235,1.5));
#15406=CARTESIAN_POINT('Ctrl Pts',(39.0875782307091,20.5125039887889,1.5));
#15407=CARTESIAN_POINT('Ctrl Pts',(39.0900417231023,20.5429743230343,1.5));
#15408=CARTESIAN_POINT('',(39.0334250591695,20.3717601299286,0.5));
#15409=CARTESIAN_POINT('',(39.0334250591695,20.3717601299286,1.5));
#15410=CARTESIAN_POINT('Ctrl Pts',(39.0334250591695,20.3717601299286,0.5));
#15411=CARTESIAN_POINT('Ctrl Pts',(39.0499378705341,20.3983269859932,0.5));
#15412=CARTESIAN_POINT('Ctrl Pts',(39.0825950199432,20.4508678749235,0.5));
#15413=CARTESIAN_POINT('Ctrl Pts',(39.0875782307091,20.5125039887889,0.5));
#15414=CARTESIAN_POINT('Ctrl Pts',(39.0900417231023,20.5429743230343,0.5));
#15415=CARTESIAN_POINT('Ctrl Pts',(38.8608463667333,20.2482949197292,1.5));
#15416=CARTESIAN_POINT('Ctrl Pts',(38.8608463667333,20.2482949197292,0.5));
#15417=CARTESIAN_POINT('Ctrl Pts',(38.8962875059778,20.26371438375,1.5));
#15418=CARTESIAN_POINT('Ctrl Pts',(38.8962875059778,20.26371438375,0.5));
#15419=CARTESIAN_POINT('Ctrl Pts',(38.9627505442561,20.2926306220336,1.5));
#15420=CARTESIAN_POINT('Ctrl Pts',(38.9627505442561,20.2926306220336,0.5));
#15421=CARTESIAN_POINT('Ctrl Pts',(39.0109348393842,20.3465793412633,1.5));
#15422=CARTESIAN_POINT('Ctrl Pts',(39.0109348393842,20.3465793412633,0.5));
#15423=CARTESIAN_POINT('Ctrl Pts',(39.0334250591695,20.3717601299286,1.5));
#15424=CARTESIAN_POINT('Ctrl Pts',(39.0334250591695,20.3717601299286,0.5));
#15425=CARTESIAN_POINT('',(38.8608463667333,20.2482949197292,1.5));
#15426=CARTESIAN_POINT('Ctrl Pts',(38.8608463667333,20.2482949197292,1.5));
#15427=CARTESIAN_POINT('Ctrl Pts',(38.8962875059778,20.26371438375,1.5));
#15428=CARTESIAN_POINT('Ctrl Pts',(38.9627505442561,20.2926306220336,1.5));
#15429=CARTESIAN_POINT('Ctrl Pts',(39.0109348393842,20.3465793412633,1.5));
#15430=CARTESIAN_POINT('Ctrl Pts',(39.0334250591695,20.3717601299286,1.5));
#15431=CARTESIAN_POINT('',(38.8608463667333,20.2482949197292,0.5));
#15432=CARTESIAN_POINT('',(38.8608463667333,20.2482949197292,1.5));
#15433=CARTESIAN_POINT('Ctrl Pts',(38.8608463667333,20.2482949197292,0.5));
#15434=CARTESIAN_POINT('Ctrl Pts',(38.8962875059778,20.26371438375,0.5));
#15435=CARTESIAN_POINT('Ctrl Pts',(38.9627505442561,20.2926306220336,0.5));
#15436=CARTESIAN_POINT('Ctrl Pts',(39.0109348393842,20.3465793412633,0.5));
#15437=CARTESIAN_POINT('Ctrl Pts',(39.0334250591695,20.3717601299286,0.5));
#15438=CARTESIAN_POINT('Ctrl Pts',(38.5934521816671,20.2032744884491,1.5));
#15439=CARTESIAN_POINT('Ctrl Pts',(38.5934521816671,20.2032744884491,0.5));
#15440=CARTESIAN_POINT('Ctrl Pts',(38.6413691581399,20.2047430357498,1.5));
#15441=CARTESIAN_POINT('Ctrl Pts',(38.6413691581399,20.2047430357498,0.5));
#15442=CARTESIAN_POINT('Ctrl Pts',(38.7326151104478,20.2075395184752,1.5));
#15443=CARTESIAN_POINT('Ctrl Pts',(38.7326151104478,20.2075395184752,0.5));
#15444=CARTESIAN_POINT('Ctrl Pts',(38.8195598575628,20.235172937645,1.5));
#15445=CARTESIAN_POINT('Ctrl Pts',(38.8195598575628,20.235172937645,0.5));
#15446=CARTESIAN_POINT('Ctrl Pts',(38.8608463667333,20.2482949197292,1.5));
#15447=CARTESIAN_POINT('Ctrl Pts',(38.8608463667333,20.2482949197292,0.5));
#15448=CARTESIAN_POINT('',(38.5934521816671,20.2032744884491,1.5));
#15449=CARTESIAN_POINT('Ctrl Pts',(38.5934521816671,20.2032744884491,1.5));
#15450=CARTESIAN_POINT('Ctrl Pts',(38.6413691581399,20.2047430357498,1.5));
#15451=CARTESIAN_POINT('Ctrl Pts',(38.7326151104478,20.2075395184752,1.5));
#15452=CARTESIAN_POINT('Ctrl Pts',(38.8195598575628,20.235172937645,1.5));
#15453=CARTESIAN_POINT('Ctrl Pts',(38.8608463667333,20.2482949197292,1.5));
#15454=CARTESIAN_POINT('',(38.5934521816671,20.2032744884491,0.5));
#15455=CARTESIAN_POINT('',(38.5934521816671,20.2032744884491,1.5));
#15456=CARTESIAN_POINT('Ctrl Pts',(38.5934521816671,20.2032744884491,0.5));
#15457=CARTESIAN_POINT('Ctrl Pts',(38.6413691581399,20.2047430357498,0.5));
#15458=CARTESIAN_POINT('Ctrl Pts',(38.7326151104478,20.2075395184752,0.5));
#15459=CARTESIAN_POINT('Ctrl Pts',(38.8195598575628,20.235172937645,0.5));
#15460=CARTESIAN_POINT('Ctrl Pts',(38.8608463667333,20.2482949197292,0.5));
#15461=CARTESIAN_POINT('Ctrl Pts',(38.2864942215383,20.2626197040081,1.5));
#15462=CARTESIAN_POINT('Ctrl Pts',(38.2864942215383,20.2626197040081,0.5));
#15463=CARTESIAN_POINT('Ctrl Pts',(38.3343254790568,20.2453165341252,1.5));
#15464=CARTESIAN_POINT('Ctrl Pts',(38.3343254790568,20.2453165341252,0.5));
#15465=CARTESIAN_POINT('Ctrl Pts',(38.43347403279,20.2094491043755,1.5));
#15466=CARTESIAN_POINT('Ctrl Pts',(38.43347403279,20.2094491043755,0.5));
#15467=CARTESIAN_POINT('Ctrl Pts',(38.5388906578618,20.2053803788861,1.5));
#15468=CARTESIAN_POINT('Ctrl Pts',(38.5388906578618,20.2053803788861,0.5));
#15469=CARTESIAN_POINT('Ctrl Pts',(38.5934521816671,20.2032744884491,1.5));
#15470=CARTESIAN_POINT('Ctrl Pts',(38.5934521816671,20.2032744884491,0.5));
#15471=CARTESIAN_POINT('',(38.2864942215383,20.2626197040081,1.5));
#15472=CARTESIAN_POINT('Ctrl Pts',(38.2864942215383,20.2626197040081,1.5));
#15473=CARTESIAN_POINT('Ctrl Pts',(38.3343254790568,20.2453165341252,1.5));
#15474=CARTESIAN_POINT('Ctrl Pts',(38.43347403279,20.2094491043755,1.5));
#15475=CARTESIAN_POINT('Ctrl Pts',(38.5388906578618,20.2053803788861,1.5));
#15476=CARTESIAN_POINT('Ctrl Pts',(38.5934521816671,20.2032744884491,1.5));
#15477=CARTESIAN_POINT('',(38.2864942215383,20.2626197040081,0.5));
#15478=CARTESIAN_POINT('',(38.2864942215383,20.2626197040081,1.5));
#15479=CARTESIAN_POINT('Ctrl Pts',(38.2864942215383,20.2626197040081,0.5));
#15480=CARTESIAN_POINT('Ctrl Pts',(38.3343254790568,20.2453165341252,0.5));
#15481=CARTESIAN_POINT('Ctrl Pts',(38.43347403279,20.2094491043755,0.5));
#15482=CARTESIAN_POINT('Ctrl Pts',(38.5388906578618,20.2053803788861,0.5));
#15483=CARTESIAN_POINT('Ctrl Pts',(38.5934521816671,20.2032744884491,0.5));
#15484=CARTESIAN_POINT('Ctrl Pts',(38.0852665565908,20.4181449115276,1.5));
#15485=CARTESIAN_POINT('Ctrl Pts',(38.0852665565908,20.4181449115276,0.5));
#15486=CARTESIAN_POINT('Ctrl Pts',(38.1111866839092,20.3870618879713,1.5));
#15487=CARTESIAN_POINT('Ctrl Pts',(38.1111866839092,20.3870618879713,0.5));
#15488=CARTESIAN_POINT('Ctrl Pts',(38.1666764882335,20.3205193562249,1.5));
#15489=CARTESIAN_POINT('Ctrl Pts',(38.1666764882335,20.3205193562249,0.5));
#15490=CARTESIAN_POINT('Ctrl Pts',(38.2448413497126,20.2827476660887,1.5));
#15491=CARTESIAN_POINT('Ctrl Pts',(38.2448413497126,20.2827476660887,0.5));
#15492=CARTESIAN_POINT('Ctrl Pts',(38.2864942215383,20.2626197040081,1.5));
#15493=CARTESIAN_POINT('Ctrl Pts',(38.2864942215383,20.2626197040081,0.5));
#15494=CARTESIAN_POINT('',(38.0852665565908,20.4181449115276,1.5));
#15495=CARTESIAN_POINT('Ctrl Pts',(38.0852665565908,20.4181449115276,1.5));
#15496=CARTESIAN_POINT('Ctrl Pts',(38.1111866839092,20.3870618879713,1.5));
#15497=CARTESIAN_POINT('Ctrl Pts',(38.1666764882335,20.3205193562249,1.5));
#15498=CARTESIAN_POINT('Ctrl Pts',(38.2448413497126,20.2827476660887,1.5));
#15499=CARTESIAN_POINT('Ctrl Pts',(38.2864942215383,20.2626197040081,1.5));
#15500=CARTESIAN_POINT('',(38.0852665565908,20.4181449115276,0.5));
#15501=CARTESIAN_POINT('',(38.0852665565908,20.4181449115276,1.5));
#15502=CARTESIAN_POINT('Ctrl Pts',(38.0852665565908,20.4181449115276,0.5));
#15503=CARTESIAN_POINT('Ctrl Pts',(38.1111866839092,20.3870618879713,0.5));
#15504=CARTESIAN_POINT('Ctrl Pts',(38.1666764882335,20.3205193562249,0.5));
#15505=CARTESIAN_POINT('Ctrl Pts',(38.2448413497126,20.2827476660887,0.5));
#15506=CARTESIAN_POINT('Ctrl Pts',(38.2864942215383,20.2626197040081,0.5));
#15507=CARTESIAN_POINT('Ctrl Pts',(38.0027290247381,20.6643931567669,1.5));
#15508=CARTESIAN_POINT('Ctrl Pts',(38.0027290247381,20.6643931567669,0.5));
#15509=CARTESIAN_POINT('Ctrl Pts',(38.009771675808,20.6178999611328,1.5));
#15510=CARTESIAN_POINT('Ctrl Pts',(38.009771675808,20.6178999611328,0.5));
#15511=CARTESIAN_POINT('Ctrl Pts',(38.0229528028525,20.5308826274228,1.5));
#15512=CARTESIAN_POINT('Ctrl Pts',(38.0229528028525,20.5308826274228,0.5));
#15513=CARTESIAN_POINT('Ctrl Pts',(38.0654674189051,20.4539654074128,1.5));
#15514=CARTESIAN_POINT('Ctrl Pts',(38.0654674189051,20.4539654074128,0.5));
#15515=CARTESIAN_POINT('Ctrl Pts',(38.0852665565908,20.4181449115276,1.5));
#15516=CARTESIAN_POINT('Ctrl Pts',(38.0852665565908,20.4181449115276,0.5));
#15517=CARTESIAN_POINT('',(38.0027290247381,20.6643931567669,1.5));
#15518=CARTESIAN_POINT('Ctrl Pts',(38.0027290247381,20.6643931567669,1.5));
#15519=CARTESIAN_POINT('Ctrl Pts',(38.009771675808,20.6178999611328,1.5));
#15520=CARTESIAN_POINT('Ctrl Pts',(38.0229528028525,20.5308826274228,1.5));
#15521=CARTESIAN_POINT('Ctrl Pts',(38.0654674189051,20.4539654074128,1.5));
#15522=CARTESIAN_POINT('Ctrl Pts',(38.0852665565908,20.4181449115276,1.5));
#15523=CARTESIAN_POINT('',(38.0027290247381,20.6643931567669,0.5));
#15524=CARTESIAN_POINT('',(38.0027290247381,20.6643931567669,1.5));
#15525=CARTESIAN_POINT('Ctrl Pts',(38.0027290247381,20.6643931567669,0.5));
#15526=CARTESIAN_POINT('Ctrl Pts',(38.009771675808,20.6178999611328,0.5));
#15527=CARTESIAN_POINT('Ctrl Pts',(38.0229528028525,20.5308826274228,0.5));
#15528=CARTESIAN_POINT('Ctrl Pts',(38.0654674189051,20.4539654074128,0.5));
#15529=CARTESIAN_POINT('Ctrl Pts',(38.0852665565908,20.4181449115276,0.5));
#15530=CARTESIAN_POINT('Origin',(37.7530702017248,20.6425650417805,1.5));
#15531=CARTESIAN_POINT('',(37.7530702017248,20.6425650417805,1.5));
#15532=CARTESIAN_POINT('',(27.1627300649358,19.7166327656406,1.5));
#15533=CARTESIAN_POINT('',(37.7530702017248,20.6425650417805,0.5));
#15534=CARTESIAN_POINT('',(37.7530702017248,20.6425650417805,1.5));
#15535=CARTESIAN_POINT('',(37.7530702017248,20.6425650417805,0.5));
#15536=CARTESIAN_POINT('Ctrl Pts',(37.8628929518163,20.2830834686756,1.5));
#15537=CARTESIAN_POINT('Ctrl Pts',(37.8628929518163,20.2830834686756,0.5));
#15538=CARTESIAN_POINT('Ctrl Pts',(37.8322144522707,20.3382580984739,1.5));
#15539=CARTESIAN_POINT('Ctrl Pts',(37.8322144522707,20.3382580984739,0.5));
#15540=CARTESIAN_POINT('Ctrl Pts',(37.7699732606862,20.450197559489,1.5));
#15541=CARTESIAN_POINT('Ctrl Pts',(37.7699732606862,20.450197559489,0.5));
#15542=CARTESIAN_POINT('Ctrl Pts',(37.7587576639481,20.5778381310457,1.5));
#15543=CARTESIAN_POINT('Ctrl Pts',(37.7587576639481,20.5778381310457,0.5));
#15544=CARTESIAN_POINT('Ctrl Pts',(37.7530702017248,20.6425650417805,1.5));
#15545=CARTESIAN_POINT('Ctrl Pts',(37.7530702017248,20.6425650417805,0.5));
#15546=CARTESIAN_POINT('Ctrl Pts',(37.8628929518163,20.2830834686756,1.5));
#15547=CARTESIAN_POINT('Ctrl Pts',(37.8322144522707,20.3382580984739,1.5));
#15548=CARTESIAN_POINT('Ctrl Pts',(37.7699732606862,20.450197559489,1.5));
#15549=CARTESIAN_POINT('Ctrl Pts',(37.7587576639481,20.5778381310457,1.5));
#15550=CARTESIAN_POINT('Ctrl Pts',(37.7530702017248,20.6425650417805,1.5));
#15551=CARTESIAN_POINT('Ctrl Pts',(37.8628929518163,20.2830834686756,0.5));
#15552=CARTESIAN_POINT('Ctrl Pts',(37.8322144522707,20.3382580984739,0.5));
#15553=CARTESIAN_POINT('Ctrl Pts',(37.7699732606862,20.450197559489,0.5));
#15554=CARTESIAN_POINT('Ctrl Pts',(37.7587576639481,20.5778381310457,0.5));
#15555=CARTESIAN_POINT('Ctrl Pts',(37.7530702017248,20.6425650417805,0.5));
#15556=CARTESIAN_POINT('Origin',(37.3485678713769,17.8785816580057,0.5));
#15557=CARTESIAN_POINT('Ctrl Pts',(34.646657910198,21.78990483284,1.5));
#15558=CARTESIAN_POINT('Ctrl Pts',(34.646657910198,21.78990483284,0.5));
#15559=CARTESIAN_POINT('Ctrl Pts',(34.6325325651565,21.7256675775434,1.5));
#15560=CARTESIAN_POINT('Ctrl Pts',(34.6325325651565,21.7256675775434,0.5));
#15561=CARTESIAN_POINT('Ctrl Pts',(34.6040708626969,21.5962334545747,1.5));
#15562=CARTESIAN_POINT('Ctrl Pts',(34.6040708626969,21.5962334545747,0.5));
#15563=CARTESIAN_POINT('Ctrl Pts',(34.5607185479459,21.4709959642301,1.5));
#15564=CARTESIAN_POINT('Ctrl Pts',(34.5607185479459,21.4709959642301,0.5));
#15565=CARTESIAN_POINT('Ctrl Pts',(34.5388816855848,21.4079129695892,1.5));
#15566=CARTESIAN_POINT('Ctrl Pts',(34.5388816855848,21.4079129695892,0.5));
#15567=CARTESIAN_POINT('',(34.646657910198,21.78990483284,1.5));
#15568=CARTESIAN_POINT('',(34.5388816855848,21.4079129695892,1.5));
#15569=CARTESIAN_POINT('Ctrl Pts',(34.646657910198,21.78990483284,1.5));
#15570=CARTESIAN_POINT('Ctrl Pts',(34.6325325651565,21.7256675775434,1.5));
#15571=CARTESIAN_POINT('Ctrl Pts',(34.6040708626969,21.5962334545747,1.5));
#15572=CARTESIAN_POINT('Ctrl Pts',(34.5607185479459,21.4709959642301,1.5));
#15573=CARTESIAN_POINT('Ctrl Pts',(34.5388816855848,21.4079129695892,1.5));
#15574=CARTESIAN_POINT('',(34.646657910198,21.78990483284,0.5));
#15575=CARTESIAN_POINT('',(34.646657910198,21.78990483284,1.5));
#15576=CARTESIAN_POINT('',(34.5388816855848,21.4079129695892,0.5));
#15577=CARTESIAN_POINT('Ctrl Pts',(34.646657910198,21.78990483284,0.5));
#15578=CARTESIAN_POINT('Ctrl Pts',(34.6325325651565,21.7256675775434,0.5));
#15579=CARTESIAN_POINT('Ctrl Pts',(34.6040708626969,21.5962334545747,0.5));
#15580=CARTESIAN_POINT('Ctrl Pts',(34.5607185479459,21.4709959642301,0.5));
#15581=CARTESIAN_POINT('Ctrl Pts',(34.5388816855848,21.4079129695892,0.5));
#15582=CARTESIAN_POINT('',(34.5388816855848,21.4079129695892,1.5));
#15583=CARTESIAN_POINT('Ctrl Pts',(34.7885408066213,21.3751707971096,1.5));
#15584=CARTESIAN_POINT('Ctrl Pts',(34.7885408066213,21.3751707971096,0.5));
#15585=CARTESIAN_POINT('Ctrl Pts',(34.759939146522,21.4515040084732,1.5));
#15586=CARTESIAN_POINT('Ctrl Pts',(34.759939146522,21.4515040084732,0.5));
#15587=CARTESIAN_POINT('Ctrl Pts',(34.7086480508456,21.5883916588312,1.5));
#15588=CARTESIAN_POINT('Ctrl Pts',(34.7086480508456,21.5883916588312,0.5));
#15589=CARTESIAN_POINT('Ctrl Pts',(34.6656699567298,21.7281018138276,1.5));
#15590=CARTESIAN_POINT('Ctrl Pts',(34.6656699567298,21.7281018138276,0.5));
#15591=CARTESIAN_POINT('Ctrl Pts',(34.646657910198,21.78990483284,1.5));
#15592=CARTESIAN_POINT('Ctrl Pts',(34.646657910198,21.78990483284,0.5));
#15593=CARTESIAN_POINT('',(34.7885408066213,21.3751707971096,1.5));
#15594=CARTESIAN_POINT('Ctrl Pts',(34.7885408066213,21.3751707971096,1.5));
#15595=CARTESIAN_POINT('Ctrl Pts',(34.759939146522,21.4515040084732,1.5));
#15596=CARTESIAN_POINT('Ctrl Pts',(34.7086480508456,21.5883916588312,1.5));
#15597=CARTESIAN_POINT('Ctrl Pts',(34.6656699567298,21.7281018138276,1.5));
#15598=CARTESIAN_POINT('Ctrl Pts',(34.646657910198,21.78990483284,1.5));
#15599=CARTESIAN_POINT('',(34.7885408066213,21.3751707971096,0.5));
#15600=CARTESIAN_POINT('',(34.7885408066213,21.3751707971096,1.5));
#15601=CARTESIAN_POINT('Ctrl Pts',(34.7885408066213,21.3751707971096,0.5));
#15602=CARTESIAN_POINT('Ctrl Pts',(34.759939146522,21.4515040084732,0.5));
#15603=CARTESIAN_POINT('Ctrl Pts',(34.7086480508456,21.5883916588312,0.5));
#15604=CARTESIAN_POINT('Ctrl Pts',(34.6656699567298,21.7281018138276,0.5));
#15605=CARTESIAN_POINT('Ctrl Pts',(34.646657910198,21.78990483284,0.5));
#15606=CARTESIAN_POINT('Origin',(34.9972721002996,20.8212827146053,1.5));
#15607=CARTESIAN_POINT('',(34.9972721002996,20.8212827146053,1.5));
#15608=CARTESIAN_POINT('',(38.9675145316271,10.2858717150716,1.5));
#15609=CARTESIAN_POINT('',(34.9972721002996,20.8212827146053,0.5));
#15610=CARTESIAN_POINT('',(34.9972721002996,20.8212827146053,1.5));
#15611=CARTESIAN_POINT('',(34.9972721002996,20.8212827146053,0.5));
#15612=CARTESIAN_POINT('Origin',(34.3192364834249,20.8212827146053,1.5));
#15613=CARTESIAN_POINT('',(34.3192364834249,20.8212827146053,1.5));
#15614=CARTESIAN_POINT('',(26.6721182417125,20.8212827146053,1.5));
#15615=CARTESIAN_POINT('',(34.3192364834249,20.8212827146053,0.5));
#15616=CARTESIAN_POINT('',(34.3192364834249,20.8212827146053,1.5));
#15617=CARTESIAN_POINT('',(34.3192364834249,20.8212827146053,0.5));
#15618=CARTESIAN_POINT('Origin',(34.5388816855848,21.4079129695892,1.5));
#15619=CARTESIAN_POINT('',(28.5495747884323,5.41162168845359,1.5));
#15620=CARTESIAN_POINT('',(34.5388816855848,21.4079129695892,0.5));
#15621=CARTESIAN_POINT('Origin',(34.2428379319608,20.6057301163673,1.5));
#15622=CARTESIAN_POINT('',(34.2428379319608,20.6057301163673,1.5));
#15623=CARTESIAN_POINT('',(34.0231927298009,20.0000002980232,1.5));
#15624=CARTESIAN_POINT('',(28.572865301109,4.96927888534062,1.5));
#15625=CARTESIAN_POINT('',(34.2428379319608,20.6057301163673,0.5));
#15626=CARTESIAN_POINT('',(34.2428379319608,20.6057301163673,1.5));
#15627=CARTESIAN_POINT('',(34.0231927298009,20.0000002980232,0.5));
#15628=CARTESIAN_POINT('',(34.2428379319608,20.6057301163673,0.5));
#15629=CARTESIAN_POINT('',(34.0231927298009,20.0000002980232,1.5));
#15630=CARTESIAN_POINT('Origin',(35.0791271589696,20.6057301163673,1.5));
#15631=CARTESIAN_POINT('',(35.0791271589696,20.6057301163673,1.5));
#15632=CARTESIAN_POINT('',(27.0520635794848,20.6057301163673,1.5));
#15633=CARTESIAN_POINT('',(35.0791271589696,20.6057301163673,0.5));
#15634=CARTESIAN_POINT('',(35.0791271589696,20.6057301163673,1.5));
#15635=CARTESIAN_POINT('',(35.0791271589696,20.6057301163673,0.5));
#15636=CARTESIAN_POINT('Origin',(35.3124149702489,20.0000002980232,1.5));
#15637=CARTESIAN_POINT('',(35.3124149702489,20.0000002980232,1.5));
#15638=CARTESIAN_POINT('',(39.1673821284246,9.99061085054502,1.5));
#15639=CARTESIAN_POINT('',(35.3124149702489,20.0000002980232,0.5));
#15640=CARTESIAN_POINT('',(35.3124149702489,20.0000002980232,1.5));
#15641=CARTESIAN_POINT('',(35.3124149702489,20.0000002980232,0.5));
#15642=CARTESIAN_POINT('Origin',(35.6139155291021,20.0000002980232,1.5));
#15643=CARTESIAN_POINT('',(35.6139155291021,20.0000002980232,1.5));
#15644=CARTESIAN_POINT('',(27.319457764551,20.0000002980232,1.5));
#15645=CARTESIAN_POINT('',(35.6139155291021,20.0000002980232,0.5));
#15646=CARTESIAN_POINT('',(35.6139155291021,20.0000002980232,1.5));
#15647=CARTESIAN_POINT('',(35.6139155291021,20.0000002980232,0.5));
#15648=CARTESIAN_POINT('Origin',(34.7953619621694,22.0000003278255,1.5));
#15649=CARTESIAN_POINT('',(34.7953619621694,22.0000003278255,1.5));
#15650=CARTESIAN_POINT('',(39.1434059971601,11.3762750753053,1.5));
#15651=CARTESIAN_POINT('',(34.7953619621694,22.0000003278255,0.5));
#15652=CARTESIAN_POINT('',(34.7953619621694,22.0000003278255,1.5));
#15653=CARTESIAN_POINT('',(34.7953619621694,22.0000003278255,0.5));
#15654=CARTESIAN_POINT('Origin',(34.5102324150503,22.0000003278255,1.5));
#15655=CARTESIAN_POINT('',(34.5102324150503,22.0000003278255,1.5));
#15656=CARTESIAN_POINT('',(26.7676162075251,22.0000003278255,1.5));
#15657=CARTESIAN_POINT('',(34.5102324150503,22.0000003278255,0.5));
#15658=CARTESIAN_POINT('',(34.5102324150503,22.0000003278255,1.5));
#15659=CARTESIAN_POINT('',(34.5102324150503,22.0000003278255,0.5));
#15660=CARTESIAN_POINT('Origin',(33.7421559356153,20.0000002980232,1.5));
#15661=CARTESIAN_POINT('',(33.7421559356153,20.0000002980232,1.5));
#15662=CARTESIAN_POINT('',(27.8998557182101,4.78719151950133,1.5));
#15663=CARTESIAN_POINT('',(33.7421559356153,20.0000002980232,0.5));
#15664=CARTESIAN_POINT('',(33.7421559356153,20.0000002980232,1.5));
#15665=CARTESIAN_POINT('',(33.7421559356153,20.0000002980232,0.5));
#15666=CARTESIAN_POINT('Origin',(34.0231927298009,20.0000002980232,1.5));
#15667=CARTESIAN_POINT('',(26.5240963649005,20.0000002980232,1.5));
#15668=CARTESIAN_POINT('',(34.0231927298009,20.0000002980232,0.5));
#15669=CARTESIAN_POINT('Origin',(37.3485678713769,17.8785816580057,0.5));
#15670=CARTESIAN_POINT('Origin',(30.3342432714999,20.693042576313,1.5));
#15671=CARTESIAN_POINT('',(30.3342432714999,20.693042576313,1.5));
#15672=CARTESIAN_POINT('',(30.3342432714999,20.0000002980232,1.5));
#15673=CARTESIAN_POINT('',(30.3342432714999,5.71602128815651,1.5));
#15674=CARTESIAN_POINT('',(30.3342432714999,20.693042576313,0.5));
#15675=CARTESIAN_POINT('',(30.3342432714999,20.693042576313,1.5));
#15676=CARTESIAN_POINT('',(30.3342432714999,20.0000002980232,0.5));
#15677=CARTESIAN_POINT('',(30.3342432714999,20.693042576313,0.5));
#15678=CARTESIAN_POINT('',(30.3342432714999,20.0000002980232,1.5));
#15679=CARTESIAN_POINT('Origin',(30.6616648100317,21.0122784972191,1.5));
#15680=CARTESIAN_POINT('',(30.6616648100317,21.0122784972191,1.5));
#15681=CARTESIAN_POINT('',(20.1129652977969,10.7272990232045,1.5));
#15682=CARTESIAN_POINT('',(30.6616648100317,21.0122784972191,0.5));
#15683=CARTESIAN_POINT('',(30.6616648100317,21.0122784972191,1.5));
#15684=CARTESIAN_POINT('',(30.6616648100317,21.0122784972191,0.5));
#15685=CARTESIAN_POINT('Origin',(31.3738068006933,20.0000002980232,1.5));
#15686=CARTESIAN_POINT('',(31.3738068006933,20.0000002980232,1.5));
#15687=CARTESIAN_POINT('',(36.2147366326545,13.1188336248173,1.5));
#15688=CARTESIAN_POINT('',(31.3738068006933,20.0000002980232,0.5));
#15689=CARTESIAN_POINT('',(31.3738068006933,20.0000002980232,1.5));
#15690=CARTESIAN_POINT('',(31.3738068006933,20.0000002980232,0.5));
#15691=CARTESIAN_POINT('Origin',(31.7230563424528,20.0000002980232,1.5));
#15692=CARTESIAN_POINT('',(31.7230563424528,20.0000002980232,1.5));
#15693=CARTESIAN_POINT('',(25.3740281712264,20.0000002980232,1.5));
#15694=CARTESIAN_POINT('',(31.7230563424528,20.0000002980232,0.5));
#15695=CARTESIAN_POINT('',(31.7230563424528,20.0000002980232,1.5));
#15696=CARTESIAN_POINT('',(31.7230563424528,20.0000002980232,0.5));
#15697=CARTESIAN_POINT('Origin',(30.8472037129104,21.189631819725,1.5));
#15698=CARTESIAN_POINT('',(30.8472037129104,21.189631819725,1.5));
#15699=CARTESIAN_POINT('',(36.0385935939599,14.1383987290996,1.5));
#15700=CARTESIAN_POINT('',(30.8472037129104,21.189631819725,0.5));
#15701=CARTESIAN_POINT('',(30.8472037129104,21.189631819725,1.5));
#15702=CARTESIAN_POINT('',(30.8472037129104,21.189631819725,0.5));
#15703=CARTESIAN_POINT('Origin',(31.6862215660512,22.0000003278255,1.5));
#15704=CARTESIAN_POINT('',(31.6862215660512,22.0000003278255,1.5));
#15705=CARTESIAN_POINT('',(20.6004528534784,11.2927694636367,1.5));
#15706=CARTESIAN_POINT('',(31.6862215660512,22.0000003278255,0.5));
#15707=CARTESIAN_POINT('',(31.6862215660512,22.0000003278255,1.5));
#15708=CARTESIAN_POINT('',(31.6862215660512,22.0000003278255,0.5));
#15709=CARTESIAN_POINT('Origin',(31.3274218700826,22.0000003278255,1.5));
#15710=CARTESIAN_POINT('',(31.3274218700826,22.0000003278255,1.5));
#15711=CARTESIAN_POINT('',(25.1762109350413,22.0000003278255,1.5));
#15712=CARTESIAN_POINT('',(31.3274218700826,22.0000003278255,0.5));
#15713=CARTESIAN_POINT('',(31.3274218700826,22.0000003278255,1.5));
#15714=CARTESIAN_POINT('',(31.3274218700826,22.0000003278255,0.5));
#15715=CARTESIAN_POINT('Origin',(30.3342432714999,21.0081857442856,1.5));
#15716=CARTESIAN_POINT('',(30.3342432714999,21.0081857442856,1.5));
#15717=CARTESIAN_POINT('',(19.9357575157379,10.6239810966881,1.5));
#15718=CARTESIAN_POINT('',(30.3342432714999,21.0081857442856,0.5));
#15719=CARTESIAN_POINT('',(30.3342432714999,21.0081857442856,1.5));
#15720=CARTESIAN_POINT('',(30.3342432714999,21.0081857442856,0.5));
#15721=CARTESIAN_POINT('Origin',(30.3342432714999,22.0000003278255,1.5));
#15722=CARTESIAN_POINT('',(30.3342432714999,22.0000003278255,1.5));
#15723=CARTESIAN_POINT('',(30.3342432714999,6.36950016391277,1.5));
#15724=CARTESIAN_POINT('',(30.3342432714999,22.0000003278255,0.5));
#15725=CARTESIAN_POINT('',(30.3342432714999,22.0000003278255,1.5));
#15726=CARTESIAN_POINT('',(30.3342432714999,22.0000003278255,0.5));
#15727=CARTESIAN_POINT('Origin',(30.0695775263011,22.0000003278255,1.5));
#15728=CARTESIAN_POINT('',(30.0695775263011,22.0000003278255,1.5));
#15729=CARTESIAN_POINT('',(24.5472887631506,22.0000003278255,1.5));
#15730=CARTESIAN_POINT('',(30.0695775263011,22.0000003278255,0.5));
#15731=CARTESIAN_POINT('',(30.0695775263011,22.0000003278255,1.5));
#15732=CARTESIAN_POINT('',(30.0695775263011,22.0000003278255,0.5));
#15733=CARTESIAN_POINT('Origin',(30.0695775263011,20.0000002980232,1.5));
#15734=CARTESIAN_POINT('',(30.0695775263011,20.0000002980232,1.5));
#15735=CARTESIAN_POINT('',(30.0695775263011,5.36950014901161,1.5));
#15736=CARTESIAN_POINT('',(30.0695775263011,20.0000002980232,0.5));
#15737=CARTESIAN_POINT('',(30.0695775263011,20.0000002980232,1.5));
#15738=CARTESIAN_POINT('',(30.0695775263011,20.0000002980232,0.5));
#15739=CARTESIAN_POINT('Origin',(30.3342432714999,20.0000002980232,1.5));
#15740=CARTESIAN_POINT('',(24.6796216357499,20.0000002980232,1.5));
#15741=CARTESIAN_POINT('',(30.3342432714999,20.0000002980232,0.5));
#15742=CARTESIAN_POINT('Origin',(37.3485678713769,17.8785816580057,0.5));
#15743=CARTESIAN_POINT('Origin',(19.025,-9.26100000000001,1.5));
#15744=CARTESIAN_POINT('',(-11.975,26.239,1.5));
#15745=CARTESIAN_POINT('',(-6.975,31.239,1.5));
#15746=CARTESIAN_POINT('Origin',(-6.975,26.239,1.5));
#15747=CARTESIAN_POINT('',(-11.975,-44.761,1.5));
#15748=CARTESIAN_POINT('',(-11.975,-49.761,1.5));
#15749=CARTESIAN_POINT('',(-6.975,-49.761,1.5));
#15750=CARTESIAN_POINT('Origin',(-6.975,-44.761,1.5));
#15751=CARTESIAN_POINT('',(45.025,-49.761,1.5));
#15752=CARTESIAN_POINT('',(50.025,-49.761,1.5));
#15753=CARTESIAN_POINT('',(50.025,-44.761,1.5));
#15754=CARTESIAN_POINT('Origin',(45.025,-44.761,1.5));
#15755=CARTESIAN_POINT('',(50.025,26.239,1.5));
#15756=CARTESIAN_POINT('',(50.025,31.239,1.5));
#15757=CARTESIAN_POINT('',(45.025,31.239,1.5));
#15758=CARTESIAN_POINT('Origin',(45.025,26.239,1.5));
#15759=CARTESIAN_POINT('',(28.275,31.239,1.5));
#15760=CARTESIAN_POINT('',(-11.975,31.239,1.5));
#15761=CARTESIAN_POINT('',(28.275,0.238999999999994,1.5));
#15762=CARTESIAN_POINT('',(28.275,31.239,1.5));
#15763=CARTESIAN_POINT('',(9.775,0.238999999999989,1.5));
#15764=CARTESIAN_POINT('',(28.275,0.238999999999994,1.5));
#15765=CARTESIAN_POINT('',(9.775,31.239,1.5));
#15766=CARTESIAN_POINT('',(9.77500000000001,31.239,1.5));
#15767=CARTESIAN_POINT('',(-11.975,31.239,1.5));
#15768=CARTESIAN_POINT('',(21.575,-22.075,1.5));
#15769=CARTESIAN_POINT('',(22.075,-21.575,1.5));
#15770=CARTESIAN_POINT('Origin',(22.075,-22.075,1.5));
#15771=CARTESIAN_POINT('',(35.075,-21.575,1.5));
#15772=CARTESIAN_POINT('',(22.075,-21.575,1.5));
#15773=CARTESIAN_POINT('',(35.575,-22.075,1.5));
#15774=CARTESIAN_POINT('Origin',(35.075,-22.075,1.5));
#15775=CARTESIAN_POINT('',(35.575,-35.075,1.5));
#15776=CARTESIAN_POINT('',(35.575,-22.075,1.5));
#15777=CARTESIAN_POINT('',(35.075,-35.575,1.5));
#15778=CARTESIAN_POINT('Origin',(35.075,-35.075,1.5));
#15779=CARTESIAN_POINT('',(22.075,-35.575,1.5));
#15780=CARTESIAN_POINT('',(22.075,-35.575,1.5));
#15781=CARTESIAN_POINT('',(21.575,-35.075,1.5));
#15782=CARTESIAN_POINT('Origin',(22.075,-35.075,1.5));
#15783=CARTESIAN_POINT('',(21.575,-22.075,1.5));
#15784=CARTESIAN_POINT('',(43.325,26.239,1.5));
#15785=CARTESIAN_POINT('Origin',(45.025,26.239,1.5));
#15786=CARTESIAN_POINT('',(2.525,-22.075,1.5));
#15787=CARTESIAN_POINT('',(3.025,-21.575,1.5));
#15788=CARTESIAN_POINT('Origin',(3.025,-22.075,1.5));
#15789=CARTESIAN_POINT('',(16.025,-21.575,1.5));
#15790=CARTESIAN_POINT('',(3.025,-21.575,1.5));
#15791=CARTESIAN_POINT('',(16.525,-22.075,1.5));
#15792=CARTESIAN_POINT('Origin',(16.025,-22.075,1.5));
#15793=CARTESIAN_POINT('',(16.525,-35.075,1.5));
#15794=CARTESIAN_POINT('',(16.525,-22.075,1.5));
#15795=CARTESIAN_POINT('',(16.025,-35.575,1.5));
#15796=CARTESIAN_POINT('Origin',(16.025,-35.075,1.5));
#15797=CARTESIAN_POINT('',(3.025,-35.575,1.5));
#15798=CARTESIAN_POINT('',(3.025,-35.575,1.5));
#15799=CARTESIAN_POINT('',(2.525,-35.075,1.5));
#15800=CARTESIAN_POINT('Origin',(3.025,-35.075,1.5));
#15801=CARTESIAN_POINT('',(2.525,-22.075,1.5));
#15802=CARTESIAN_POINT('',(43.325,-44.761,1.5));
#15803=CARTESIAN_POINT('Origin',(45.025,-44.761,1.5));
#15804=CARTESIAN_POINT('',(2.525,-3.025,1.5));
#15805=CARTESIAN_POINT('',(3.025,-2.525,1.5));
#15806=CARTESIAN_POINT('Origin',(3.025,-3.025,1.5));
#15807=CARTESIAN_POINT('',(16.025,-2.525,1.5));
#15808=CARTESIAN_POINT('',(3.025,-2.525,1.5));
#15809=CARTESIAN_POINT('',(16.525,-3.025,1.5));
#15810=CARTESIAN_POINT('Origin',(16.025,-3.025,1.5));
#15811=CARTESIAN_POINT('',(16.525,-16.025,1.5));
#15812=CARTESIAN_POINT('',(16.525,-3.025,1.5));
#15813=CARTESIAN_POINT('',(16.025,-16.525,1.5));
#15814=CARTESIAN_POINT('Origin',(16.025,-16.025,1.5));
#15815=CARTESIAN_POINT('',(3.025,-16.525,1.5));
#15816=CARTESIAN_POINT('',(3.025,-16.525,1.5));
#15817=CARTESIAN_POINT('',(2.525,-16.025,1.5));
#15818=CARTESIAN_POINT('Origin',(3.025,-16.025,1.5));
#15819=CARTESIAN_POINT('',(2.525,-3.025,1.5));
#15820=CARTESIAN_POINT('',(21.575,-3.025,1.5));
#15821=CARTESIAN_POINT('',(22.075,-2.525,1.5));
#15822=CARTESIAN_POINT('Origin',(22.075,-3.025,1.5));
#15823=CARTESIAN_POINT('',(35.075,-2.525,1.5));
#15824=CARTESIAN_POINT('',(22.075,-2.525,1.5));
#15825=CARTESIAN_POINT('',(35.575,-3.025,1.5));
#15826=CARTESIAN_POINT('Origin',(35.075,-3.025,1.5));
#15827=CARTESIAN_POINT('',(35.575,-16.025,1.5));
#15828=CARTESIAN_POINT('',(35.575,-3.025,1.5));
#15829=CARTESIAN_POINT('',(35.075,-16.525,1.5));
#15830=CARTESIAN_POINT('Origin',(35.075,-16.025,1.5));
#15831=CARTESIAN_POINT('',(22.075,-16.525,1.5));
#15832=CARTESIAN_POINT('',(22.075,-16.525,1.5));
#15833=CARTESIAN_POINT('',(21.575,-16.025,1.5));
#15834=CARTESIAN_POINT('Origin',(22.075,-16.025,1.5));
#15835=CARTESIAN_POINT('',(21.575,-3.025,1.5));
#15836=CARTESIAN_POINT('',(-8.675,-44.761,1.5));
#15837=CARTESIAN_POINT('Origin',(-6.975,-44.761,1.5));
#15838=CARTESIAN_POINT('',(-8.675,26.239,1.5));
#15839=CARTESIAN_POINT('Origin',(-6.975,26.239,1.5));
#15840=CARTESIAN_POINT('Origin',(19.025,-9.26100000000001,1.5));
#15841=CARTESIAN_POINT('Origin',(19.025,-9.26100000000001,1.5));
#15842=CARTESIAN_POINT('Origin',(19.025,-9.26100000000001,1.5));
#15843=CARTESIAN_POINT('Origin',(19.025,-9.26100000000001,1.5));
#15844=CARTESIAN_POINT('Origin',(19.025,-9.26100000000001,1.5));
#15845=CARTESIAN_POINT('Origin',(19.025,-9.26100000000001,1.5));
#15846=CARTESIAN_POINT('Origin',(19.025,-9.26100000000001,1.5));
#15847=CARTESIAN_POINT('Origin',(19.025,-9.26100000000001,1.5));
#15848=CARTESIAN_POINT('Origin',(-6.975,26.239,0.));
#15849=CARTESIAN_POINT('',(-6.975,31.239,0.));
#15850=CARTESIAN_POINT('',(-6.975,31.239,0.));
#15851=CARTESIAN_POINT('',(-11.975,26.239,0.));
#15852=CARTESIAN_POINT('Origin',(-6.975,26.239,0.));
#15853=CARTESIAN_POINT('',(-11.975,26.239,0.));
#15854=CARTESIAN_POINT('Origin',(-11.975,31.239,0.));
#15855=CARTESIAN_POINT('',(-11.975,-44.761,0.));
#15856=CARTESIAN_POINT('',(-11.975,-49.761,0.));
#15857=CARTESIAN_POINT('',(-11.975,-44.761,0.));
#15858=CARTESIAN_POINT('Origin',(19.025,-9.26100000000001,0.));
#15859=CARTESIAN_POINT('',(9.77500000000001,31.239,0.));
#15860=CARTESIAN_POINT('',(-11.975,31.239,0.));
#15861=CARTESIAN_POINT('',(9.77500000000001,0.238999999999989,0.));
#15862=CARTESIAN_POINT('',(9.77500000000001,31.239,0.));
#15863=CARTESIAN_POINT('',(28.275,0.238999999999994,0.));
#15864=CARTESIAN_POINT('',(28.275,0.238999999999994,0.));
#15865=CARTESIAN_POINT('',(28.275,31.239,0.));
#15866=CARTESIAN_POINT('',(28.275,31.239,0.));
#15867=CARTESIAN_POINT('',(45.025,31.239,0.));
#15868=CARTESIAN_POINT('',(-11.975,31.239,0.));
#15869=CARTESIAN_POINT('',(50.025,26.239,0.));
#15870=CARTESIAN_POINT('Origin',(45.025,26.239,0.));
#15871=CARTESIAN_POINT('',(50.025,-44.761,0.));
#15872=CARTESIAN_POINT('',(50.025,31.239,0.));
#15873=CARTESIAN_POINT('',(45.025,-49.761,0.));
#15874=CARTESIAN_POINT('Origin',(45.025,-44.761,0.));
#15875=CARTESIAN_POINT('',(-6.975,-49.761,0.));
#15876=CARTESIAN_POINT('',(50.025,-49.761,0.));
#15877=CARTESIAN_POINT('Origin',(-6.975,-44.761,0.));
#15878=CARTESIAN_POINT('',(-8.675,26.239,0.));
#15879=CARTESIAN_POINT('Origin',(-6.975,26.239,0.));
#15880=CARTESIAN_POINT('',(-8.675,-44.761,0.));
#15881=CARTESIAN_POINT('Origin',(-6.975,-44.761,0.));
#15882=CARTESIAN_POINT('',(21.575,-3.025,0.));
#15883=CARTESIAN_POINT('',(22.075,-2.525,0.));
#15884=CARTESIAN_POINT('Origin',(22.075,-3.025,0.));
#15885=CARTESIAN_POINT('',(21.575,-16.025,0.));
#15886=CARTESIAN_POINT('',(21.575,-3.025,0.));
#15887=CARTESIAN_POINT('',(22.075,-16.525,0.));
#15888=CARTESIAN_POINT('Origin',(22.075,-16.025,0.));
#15889=CARTESIAN_POINT('',(35.075,-16.525,0.));
#15890=CARTESIAN_POINT('',(22.075,-16.525,0.));
#15891=CARTESIAN_POINT('',(35.575,-16.025,0.));
#15892=CARTESIAN_POINT('Origin',(35.075,-16.025,0.));
#15893=CARTESIAN_POINT('',(35.575,-3.025,0.));
#15894=CARTESIAN_POINT('',(35.575,-3.025,0.));
#15895=CARTESIAN_POINT('',(35.075,-2.525,0.));
#15896=CARTESIAN_POINT('Origin',(35.075,-3.025,0.));
#15897=CARTESIAN_POINT('',(22.075,-2.525,0.));
#15898=CARTESIAN_POINT('',(2.525,-3.025,0.));
#15899=CARTESIAN_POINT('',(3.025,-2.525,0.));
#15900=CARTESIAN_POINT('Origin',(3.025,-3.025,0.));
#15901=CARTESIAN_POINT('',(2.525,-16.025,0.));
#15902=CARTESIAN_POINT('',(2.525,-3.025,0.));
#15903=CARTESIAN_POINT('',(3.025,-16.525,0.));
#15904=CARTESIAN_POINT('Origin',(3.025,-16.025,0.));
#15905=CARTESIAN_POINT('',(16.025,-16.525,0.));
#15906=CARTESIAN_POINT('',(3.025,-16.525,0.));
#15907=CARTESIAN_POINT('',(16.525,-16.025,0.));
#15908=CARTESIAN_POINT('Origin',(16.025,-16.025,0.));
#15909=CARTESIAN_POINT('',(16.525,-3.025,0.));
#15910=CARTESIAN_POINT('',(16.525,-3.025,0.));
#15911=CARTESIAN_POINT('',(16.025,-2.525,0.));
#15912=CARTESIAN_POINT('Origin',(16.025,-3.025,0.));
#15913=CARTESIAN_POINT('',(3.025,-2.525,0.));
#15914=CARTESIAN_POINT('',(43.325,-44.761,0.));
#15915=CARTESIAN_POINT('Origin',(45.025,-44.761,0.));
#15916=CARTESIAN_POINT('',(2.525,-22.075,0.));
#15917=CARTESIAN_POINT('',(3.025,-21.575,0.));
#15918=CARTESIAN_POINT('Origin',(3.025,-22.075,0.));
#15919=CARTESIAN_POINT('',(2.525,-35.075,0.));
#15920=CARTESIAN_POINT('',(2.525,-22.075,0.));
#15921=CARTESIAN_POINT('',(3.025,-35.575,0.));
#15922=CARTESIAN_POINT('Origin',(3.025,-35.075,0.));
#15923=CARTESIAN_POINT('',(16.025,-35.575,0.));
#15924=CARTESIAN_POINT('',(3.025,-35.575,0.));
#15925=CARTESIAN_POINT('',(16.525,-35.075,0.));
#15926=CARTESIAN_POINT('Origin',(16.025,-35.075,0.));
#15927=CARTESIAN_POINT('',(16.525,-22.075,0.));
#15928=CARTESIAN_POINT('',(16.525,-22.075,0.));
#15929=CARTESIAN_POINT('',(16.025,-21.575,0.));
#15930=CARTESIAN_POINT('Origin',(16.025,-22.075,0.));
#15931=CARTESIAN_POINT('',(3.025,-21.575,0.));
#15932=CARTESIAN_POINT('',(43.325,26.239,0.));
#15933=CARTESIAN_POINT('Origin',(45.025,26.239,0.));
#15934=CARTESIAN_POINT('',(21.575,-22.075,0.));
#15935=CARTESIAN_POINT('',(22.075,-21.575,0.));
#15936=CARTESIAN_POINT('Origin',(22.075,-22.075,0.));
#15937=CARTESIAN_POINT('',(21.575,-35.075,0.));
#15938=CARTESIAN_POINT('',(21.575,-22.075,0.));
#15939=CARTESIAN_POINT('',(22.075,-35.575,0.));
#15940=CARTESIAN_POINT('Origin',(22.075,-35.075,0.));
#15941=CARTESIAN_POINT('',(35.075,-35.575,0.));
#15942=CARTESIAN_POINT('',(22.075,-35.575,0.));
#15943=CARTESIAN_POINT('',(35.575,-35.075,0.));
#15944=CARTESIAN_POINT('Origin',(35.075,-35.075,0.));
#15945=CARTESIAN_POINT('',(35.575,-22.075,0.));
#15946=CARTESIAN_POINT('',(35.575,-22.075,0.));
#15947=CARTESIAN_POINT('',(35.075,-21.575,0.));
#15948=CARTESIAN_POINT('Origin',(35.075,-22.075,0.));
#15949=CARTESIAN_POINT('',(22.075,-21.575,0.));
#15950=CARTESIAN_POINT('Origin',(45.025,26.239,0.));
#15951=CARTESIAN_POINT('',(50.025,26.239,0.));
#15952=CARTESIAN_POINT('',(45.025,31.239,0.));
#15953=CARTESIAN_POINT('Origin',(50.025,-49.761,0.));
#15954=CARTESIAN_POINT('',(50.025,-44.761,0.));
#15955=CARTESIAN_POINT('Origin',(45.025,-44.761,0.));
#15956=CARTESIAN_POINT('',(45.025,-49.761,0.));
#15957=CARTESIAN_POINT('Origin',(-6.975,-44.761,0.));
#15958=CARTESIAN_POINT('',(-6.975,-49.761,0.));
#15959=CARTESIAN_POINT('Origin',(21.575,-35.075,0.));
#15960=CARTESIAN_POINT('',(21.575,-22.075,0.));
#15961=CARTESIAN_POINT('',(21.575,-35.075,0.));
#15962=CARTESIAN_POINT('Origin',(22.075,-35.075,0.));
#15963=CARTESIAN_POINT('',(22.075,-35.575,0.));
#15964=CARTESIAN_POINT('Origin',(35.075,-35.575,0.));
#15965=CARTESIAN_POINT('',(35.075,-35.575,0.));
#15966=CARTESIAN_POINT('Origin',(35.075,-35.075,0.));
#15967=CARTESIAN_POINT('',(35.575,-35.075,0.));
#15968=CARTESIAN_POINT('Origin',(35.575,-22.075,0.));
#15969=CARTESIAN_POINT('',(35.575,-22.075,0.));
#15970=CARTESIAN_POINT('Origin',(35.075,-22.075,0.));
#15971=CARTESIAN_POINT('',(35.075,-21.575,0.));
#15972=CARTESIAN_POINT('Origin',(22.075,-21.575,0.));
#15973=CARTESIAN_POINT('',(22.075,-21.575,0.));
#15974=CARTESIAN_POINT('Origin',(22.075,-22.075,0.));
#15975=CARTESIAN_POINT('Origin',(45.025,26.239,0.));
#15976=CARTESIAN_POINT('',(43.325,26.239,0.));
#15977=CARTESIAN_POINT('Origin',(2.525,-35.075,0.));
#15978=CARTESIAN_POINT('',(2.525,-22.075,0.));
#15979=CARTESIAN_POINT('',(2.525,-35.075,0.));
#15980=CARTESIAN_POINT('Origin',(3.025,-35.075,0.));
#15981=CARTESIAN_POINT('',(3.025,-35.575,0.));
#15982=CARTESIAN_POINT('Origin',(16.025,-35.575,0.));
#15983=CARTESIAN_POINT('',(16.025,-35.575,0.));
#15984=CARTESIAN_POINT('Origin',(16.025,-35.075,0.));
#15985=CARTESIAN_POINT('',(16.525,-35.075,0.));
#15986=CARTESIAN_POINT('Origin',(16.525,-22.075,0.));
#15987=CARTESIAN_POINT('',(16.525,-22.075,0.));
#15988=CARTESIAN_POINT('Origin',(16.025,-22.075,0.));
#15989=CARTESIAN_POINT('',(16.025,-21.575,0.));
#15990=CARTESIAN_POINT('Origin',(3.025,-21.575,0.));
#15991=CARTESIAN_POINT('',(3.025,-21.575,0.));
#15992=CARTESIAN_POINT('Origin',(3.025,-22.075,0.));
#15993=CARTESIAN_POINT('Origin',(45.025,-44.761,0.));
#15994=CARTESIAN_POINT('',(43.325,-44.761,0.));
#15995=CARTESIAN_POINT('Origin',(2.525,-16.025,0.));
#15996=CARTESIAN_POINT('',(2.525,-3.025,0.));
#15997=CARTESIAN_POINT('',(2.525,-16.025,0.));
#15998=CARTESIAN_POINT('Origin',(3.025,-16.025,0.));
#15999=CARTESIAN_POINT('',(3.025,-16.525,0.));
#16000=CARTESIAN_POINT('Origin',(16.025,-16.525,0.));
#16001=CARTESIAN_POINT('',(16.025,-16.525,0.));
#16002=CARTESIAN_POINT('Origin',(16.025,-16.025,0.));
#16003=CARTESIAN_POINT('',(16.525,-16.025,0.));
#16004=CARTESIAN_POINT('Origin',(16.525,-3.025,0.));
#16005=CARTESIAN_POINT('',(16.525,-3.025,0.));
#16006=CARTESIAN_POINT('Origin',(16.025,-3.025,0.));
#16007=CARTESIAN_POINT('',(16.025,-2.525,0.));
#16008=CARTESIAN_POINT('Origin',(3.025,-2.525,0.));
#16009=CARTESIAN_POINT('',(3.025,-2.525,0.));
#16010=CARTESIAN_POINT('Origin',(3.025,-3.025,0.));
#16011=CARTESIAN_POINT('Origin',(21.575,-16.025,0.));
#16012=CARTESIAN_POINT('',(21.575,-3.025,0.));
#16013=CARTESIAN_POINT('',(21.575,-16.025,0.));
#16014=CARTESIAN_POINT('Origin',(22.075,-16.025,0.));
#16015=CARTESIAN_POINT('',(22.075,-16.525,0.));
#16016=CARTESIAN_POINT('Origin',(35.075,-16.525,0.));
#16017=CARTESIAN_POINT('',(35.075,-16.525,0.));
#16018=CARTESIAN_POINT('Origin',(35.075,-16.025,0.));
#16019=CARTESIAN_POINT('',(35.575,-16.025,0.));
#16020=CARTESIAN_POINT('Origin',(35.575,-3.025,0.));
#16021=CARTESIAN_POINT('',(35.575,-3.025,0.));
#16022=CARTESIAN_POINT('Origin',(35.075,-3.025,0.));
#16023=CARTESIAN_POINT('',(35.075,-2.525,0.));
#16024=CARTESIAN_POINT('Origin',(22.075,-2.525,0.));
#16025=CARTESIAN_POINT('',(22.075,-2.525,0.));
#16026=CARTESIAN_POINT('Origin',(22.075,-3.025,0.));
#16027=CARTESIAN_POINT('Origin',(-6.975,-44.761,0.));
#16028=CARTESIAN_POINT('',(-8.675,-44.761,0.));
#16029=CARTESIAN_POINT('Origin',(-6.975,26.239,0.));
#16030=CARTESIAN_POINT('',(-8.675,26.239,0.));
#16031=CARTESIAN_POINT('Origin',(50.025,31.239,0.));
#16032=CARTESIAN_POINT('',(28.275,31.239,0.));
#16033=CARTESIAN_POINT('Origin',(-11.975,-49.761,0.));
#16034=CARTESIAN_POINT('Origin',(9.77500000000001,31.239,0.));
#16035=CARTESIAN_POINT('',(9.77500000000001,31.239,0.));
#16036=CARTESIAN_POINT('Origin',(9.77500000000001,0.238999999999989,0.));
#16037=CARTESIAN_POINT('',(9.77500000000001,0.238999999999989,0.));
#16038=CARTESIAN_POINT('Origin',(28.275,0.238999999999994,0.));
#16039=CARTESIAN_POINT('',(28.275,0.238999999999994,0.));
#16040=CARTESIAN_POINT('Origin',(28.275,31.239,0.));
#16041=CARTESIAN_POINT('Origin',(19.025,-9.26100000000001,1.5));
#16042=CARTESIAN_POINT('',(0.,0.,0.));
#16043=CARTESIAN_POINT('',(0.,0.,0.));
#16044=CARTESIAN_POINT('Origin',(157.,-137.25,0.));
#16045=CARTESIAN_POINT('',(157.,-137.25,0.));
#16046=CARTESIAN_POINT('',(157.,-137.25,1.51));
#16047=CARTESIAN_POINT('',(157.,-137.25,0.));
#16048=CARTESIAN_POINT('',(115.,-137.25,1.51));
#16049=CARTESIAN_POINT('',(157.,-137.25,1.51));
#16050=CARTESIAN_POINT('',(115.,-137.25,0.));
#16051=CARTESIAN_POINT('',(115.,-137.25,0.));
#16052=CARTESIAN_POINT('',(157.,-137.25,0.));
#16053=CARTESIAN_POINT('Origin',(157.,-76.25,0.));
#16054=CARTESIAN_POINT('',(157.,-76.25,0.));
#16055=CARTESIAN_POINT('',(157.,-76.25,1.51));
#16056=CARTESIAN_POINT('',(157.,-76.25,0.));
#16057=CARTESIAN_POINT('',(157.,-76.25,1.51));
#16058=CARTESIAN_POINT('',(157.,-76.25,0.));
#16059=CARTESIAN_POINT('Origin',(115.,-137.25,0.));
#16060=CARTESIAN_POINT('',(115.,-76.25,1.51));
#16061=CARTESIAN_POINT('',(115.,-137.25,1.51));
#16062=CARTESIAN_POINT('',(115.,-76.25,0.));
#16063=CARTESIAN_POINT('',(115.,-76.25,0.));
#16064=CARTESIAN_POINT('',(115.,-137.25,0.));
#16065=CARTESIAN_POINT('Origin',(0.,0.,0.));
#16066=CARTESIAN_POINT('',(115.,-76.25,0.));
#16067=CARTESIAN_POINT('',(121.12625,-125.35625,0.));
#16068=CARTESIAN_POINT('Origin',(121.12625,-126.20625,0.));
#16069=CARTESIAN_POINT('',(122.39625,-122.91625,0.));
#16070=CARTESIAN_POINT('Origin',(122.39625,-123.66625,0.));
#16071=CARTESIAN_POINT('',(126.20625,-124.20625,0.));
#16072=CARTESIAN_POINT('Origin',(126.20625,-126.20625,0.));
#16073=CARTESIAN_POINT('',(131.28625,-125.35625,0.));
#16074=CARTESIAN_POINT('Origin',(131.28625,-126.20625,0.));
#16075=CARTESIAN_POINT('',(128.74625,-120.37625,0.));
#16076=CARTESIAN_POINT('Origin',(128.74625,-121.12625,0.));
#16077=CARTESIAN_POINT('',(121.12625,-106.30625,0.));
#16078=CARTESIAN_POINT('Origin',(121.12625,-107.15625,0.));
#16079=CARTESIAN_POINT('',(122.39625,-103.86625,0.));
#16080=CARTESIAN_POINT('Origin',(122.39625,-104.61625,0.));
#16081=CARTESIAN_POINT('',(126.20625,-105.15625,0.));
#16082=CARTESIAN_POINT('Origin',(126.20625,-107.15625,0.));
#16083=CARTESIAN_POINT('',(131.28625,-106.30625,0.));
#16084=CARTESIAN_POINT('Origin',(131.28625,-107.15625,0.));
#16085=CARTESIAN_POINT('',(140.17625,-125.35625,0.));
#16086=CARTESIAN_POINT('Origin',(140.17625,-126.20625,0.));
#16087=CARTESIAN_POINT('',(141.44625,-122.91625,0.));
#16088=CARTESIAN_POINT('Origin',(141.44625,-123.66625,0.));
#16089=CARTESIAN_POINT('',(145.25625,-124.20625,0.));
#16090=CARTESIAN_POINT('Origin',(145.25625,-126.20625,0.));
#16091=CARTESIAN_POINT('',(150.33625,-125.35625,0.));
#16092=CARTESIAN_POINT('Origin',(150.33625,-126.20625,0.));
#16093=CARTESIAN_POINT('',(147.79625,-120.37625,0.));
#16094=CARTESIAN_POINT('Origin',(147.79625,-121.12625,0.));
#16095=CARTESIAN_POINT('',(140.17625,-106.30625,0.));
#16096=CARTESIAN_POINT('Origin',(140.17625,-107.15625,0.));
#16097=CARTESIAN_POINT('',(141.44625,-103.86625,0.));
#16098=CARTESIAN_POINT('Origin',(141.44625,-104.61625,0.));
#16099=CARTESIAN_POINT('',(145.25625,-105.15625,0.));
#16100=CARTESIAN_POINT('Origin',(145.25625,-107.15625,0.));
#16101=CARTESIAN_POINT('',(150.33625,-106.30625,0.));
#16102=CARTESIAN_POINT('Origin',(150.33625,-107.15625,0.));
#16103=CARTESIAN_POINT('',(128.74625,-101.32625,0.));
#16104=CARTESIAN_POINT('Origin',(128.74625,-102.07625,0.));
#16105=CARTESIAN_POINT('',(128.225,-94.0155,0.));
#16106=CARTESIAN_POINT('Origin',(128.225,-94.46,0.));
#16107=CARTESIAN_POINT('',(128.225,-91.4755,0.));
#16108=CARTESIAN_POINT('Origin',(128.225,-91.92,0.));
#16109=CARTESIAN_POINT('',(128.225,-88.9355,0.));
#16110=CARTESIAN_POINT('Origin',(128.225,-89.38,0.));
#16111=CARTESIAN_POINT('',(128.225,-86.3955,0.));
#16112=CARTESIAN_POINT('Origin',(128.225,-86.84,0.));
#16113=CARTESIAN_POINT('',(128.225,-83.8555,0.));
#16114=CARTESIAN_POINT('Origin',(128.225,-84.3,0.));
#16115=CARTESIAN_POINT('',(128.225,-81.3155,0.));
#16116=CARTESIAN_POINT('Origin',(128.225,-81.76,0.));
#16117=CARTESIAN_POINT('',(128.225,-78.7755,0.));
#16118=CARTESIAN_POINT('Origin',(128.225,-79.22,0.));
#16119=CARTESIAN_POINT('',(147.79625,-101.32625,0.));
#16120=CARTESIAN_POINT('Origin',(147.79625,-102.07625,0.));
#16121=CARTESIAN_POINT('',(143.465,-94.0155,0.));
#16122=CARTESIAN_POINT('Origin',(143.465,-94.46,0.));
#16123=CARTESIAN_POINT('',(143.465,-91.4755,0.));
#16124=CARTESIAN_POINT('Origin',(143.465,-91.92,0.));
#16125=CARTESIAN_POINT('',(143.465,-88.9355,0.));
#16126=CARTESIAN_POINT('Origin',(143.465,-89.38,0.));
#16127=CARTESIAN_POINT('',(143.465,-86.3955,0.));
#16128=CARTESIAN_POINT('Origin',(143.465,-86.84,0.));
#16129=CARTESIAN_POINT('',(143.465,-83.8555,0.));
#16130=CARTESIAN_POINT('Origin',(143.465,-84.3,0.));
#16131=CARTESIAN_POINT('',(143.465,-81.3155,0.));
#16132=CARTESIAN_POINT('Origin',(143.465,-81.76,0.));
#16133=CARTESIAN_POINT('',(143.465,-78.7755,0.));
#16134=CARTESIAN_POINT('Origin',(143.465,-79.22,0.));
#16135=CARTESIAN_POINT('Origin',(0.,0.,1.51));
#16136=CARTESIAN_POINT('',(115.,-76.25,1.51));
#16137=CARTESIAN_POINT('',(121.12625,-125.35625,1.51));
#16138=CARTESIAN_POINT('Origin',(121.12625,-126.20625,1.51));
#16139=CARTESIAN_POINT('',(122.39625,-122.91625,1.51));
#16140=CARTESIAN_POINT('Origin',(122.39625,-123.66625,1.51));
#16141=CARTESIAN_POINT('',(126.20625,-124.20625,1.51));
#16142=CARTESIAN_POINT('Origin',(126.20625,-126.20625,1.51));
#16143=CARTESIAN_POINT('',(131.28625,-125.35625,1.51));
#16144=CARTESIAN_POINT('Origin',(131.28625,-126.20625,1.51));
#16145=CARTESIAN_POINT('',(128.74625,-120.37625,1.51));
#16146=CARTESIAN_POINT('Origin',(128.74625,-121.12625,1.51));
#16147=CARTESIAN_POINT('',(121.12625,-106.30625,1.51));
#16148=CARTESIAN_POINT('Origin',(121.12625,-107.15625,1.51));
#16149=CARTESIAN_POINT('',(122.39625,-103.86625,1.51));
#16150=CARTESIAN_POINT('Origin',(122.39625,-104.61625,1.51));
#16151=CARTESIAN_POINT('',(126.20625,-105.15625,1.51));
#16152=CARTESIAN_POINT('Origin',(126.20625,-107.15625,1.51));
#16153=CARTESIAN_POINT('',(131.28625,-106.30625,1.51));
#16154=CARTESIAN_POINT('Origin',(131.28625,-107.15625,1.51));
#16155=CARTESIAN_POINT('',(140.17625,-125.35625,1.51));
#16156=CARTESIAN_POINT('Origin',(140.17625,-126.20625,1.51));
#16157=CARTESIAN_POINT('',(141.44625,-122.91625,1.51));
#16158=CARTESIAN_POINT('Origin',(141.44625,-123.66625,1.51));
#16159=CARTESIAN_POINT('',(145.25625,-124.20625,1.51));
#16160=CARTESIAN_POINT('Origin',(145.25625,-126.20625,1.51));
#16161=CARTESIAN_POINT('',(150.33625,-125.35625,1.51));
#16162=CARTESIAN_POINT('Origin',(150.33625,-126.20625,1.51));
#16163=CARTESIAN_POINT('',(147.79625,-120.37625,1.51));
#16164=CARTESIAN_POINT('Origin',(147.79625,-121.12625,1.51));
#16165=CARTESIAN_POINT('',(140.17625,-106.30625,1.51));
#16166=CARTESIAN_POINT('Origin',(140.17625,-107.15625,1.51));
#16167=CARTESIAN_POINT('',(141.44625,-103.86625,1.51));
#16168=CARTESIAN_POINT('Origin',(141.44625,-104.61625,1.51));
#16169=CARTESIAN_POINT('',(145.25625,-105.15625,1.51));
#16170=CARTESIAN_POINT('Origin',(145.25625,-107.15625,1.51));
#16171=CARTESIAN_POINT('',(150.33625,-106.30625,1.51));
#16172=CARTESIAN_POINT('Origin',(150.33625,-107.15625,1.51));
#16173=CARTESIAN_POINT('',(128.74625,-101.32625,1.51));
#16174=CARTESIAN_POINT('Origin',(128.74625,-102.07625,1.51));
#16175=CARTESIAN_POINT('',(128.225,-94.0155,1.51));
#16176=CARTESIAN_POINT('Origin',(128.225,-94.46,1.51));
#16177=CARTESIAN_POINT('',(128.225,-91.4755,1.51));
#16178=CARTESIAN_POINT('Origin',(128.225,-91.92,1.51));
#16179=CARTESIAN_POINT('',(128.225,-88.9355,1.51));
#16180=CARTESIAN_POINT('Origin',(128.225,-89.38,1.51));
#16181=CARTESIAN_POINT('',(128.225,-86.3955,1.51));
#16182=CARTESIAN_POINT('Origin',(128.225,-86.84,1.51));
#16183=CARTESIAN_POINT('',(128.225,-83.8555,1.51));
#16184=CARTESIAN_POINT('Origin',(128.225,-84.3,1.51));
#16185=CARTESIAN_POINT('',(128.225,-81.3155,1.51));
#16186=CARTESIAN_POINT('Origin',(128.225,-81.76,1.51));
#16187=CARTESIAN_POINT('',(128.225,-78.7755,1.51));
#16188=CARTESIAN_POINT('Origin',(128.225,-79.22,1.51));
#16189=CARTESIAN_POINT('',(147.79625,-101.32625,1.51));
#16190=CARTESIAN_POINT('Origin',(147.79625,-102.07625,1.51));
#16191=CARTESIAN_POINT('',(143.465,-94.0155,1.51));
#16192=CARTESIAN_POINT('Origin',(143.465,-94.46,1.51));
#16193=CARTESIAN_POINT('',(143.465,-91.4755,1.51));
#16194=CARTESIAN_POINT('Origin',(143.465,-91.92,1.51));
#16195=CARTESIAN_POINT('',(143.465,-88.9355,1.51));
#16196=CARTESIAN_POINT('Origin',(143.465,-89.38,1.51));
#16197=CARTESIAN_POINT('',(143.465,-86.3955,1.51));
#16198=CARTESIAN_POINT('Origin',(143.465,-86.84,1.51));
#16199=CARTESIAN_POINT('',(143.465,-83.8555,1.51));
#16200=CARTESIAN_POINT('Origin',(143.465,-84.3,1.51));
#16201=CARTESIAN_POINT('',(143.465,-81.3155,1.51));
#16202=CARTESIAN_POINT('Origin',(143.465,-81.76,1.51));
#16203=CARTESIAN_POINT('',(143.465,-78.7755,1.51));
#16204=CARTESIAN_POINT('Origin',(143.465,-79.22,1.51));
#16205=CARTESIAN_POINT('Origin',(115.,-76.25,0.));
#16206=CARTESIAN_POINT('Origin',(121.12625,-126.20625,-0.046));
#16207=CARTESIAN_POINT('',(121.12625,-125.35625,-0.046));
#16208=CARTESIAN_POINT('Origin',(122.39625,-123.66625,-0.046));
#16209=CARTESIAN_POINT('',(122.39625,-122.91625,-0.046));
#16210=CARTESIAN_POINT('Origin',(126.20625,-126.20625,-0.046));
#16211=CARTESIAN_POINT('',(126.20625,-124.20625,-0.046));
#16212=CARTESIAN_POINT('Origin',(131.28625,-126.20625,-0.046));
#16213=CARTESIAN_POINT('',(131.28625,-125.35625,-0.046));
#16214=CARTESIAN_POINT('Origin',(128.74625,-121.12625,-0.046));
#16215=CARTESIAN_POINT('',(128.74625,-120.37625,-0.046));
#16216=CARTESIAN_POINT('Origin',(121.12625,-107.15625,-0.046));
#16217=CARTESIAN_POINT('',(121.12625,-106.30625,-0.046));
#16218=CARTESIAN_POINT('Origin',(122.39625,-104.61625,-0.046));
#16219=CARTESIAN_POINT('',(122.39625,-103.86625,-0.046));
#16220=CARTESIAN_POINT('Origin',(126.20625,-107.15625,-0.046));
#16221=CARTESIAN_POINT('',(126.20625,-105.15625,-0.046));
#16222=CARTESIAN_POINT('Origin',(131.28625,-107.15625,-0.046));
#16223=CARTESIAN_POINT('',(131.28625,-106.30625,-0.046));
#16224=CARTESIAN_POINT('Origin',(140.17625,-126.20625,-0.046));
#16225=CARTESIAN_POINT('',(140.17625,-125.35625,-0.046));
#16226=CARTESIAN_POINT('Origin',(141.44625,-123.66625,-0.046));
#16227=CARTESIAN_POINT('',(141.44625,-122.91625,-0.046));
#16228=CARTESIAN_POINT('Origin',(145.25625,-126.20625,-0.046));
#16229=CARTESIAN_POINT('',(145.25625,-124.20625,-0.046));
#16230=CARTESIAN_POINT('Origin',(150.33625,-126.20625,-0.046));
#16231=CARTESIAN_POINT('',(150.33625,-125.35625,-0.046));
#16232=CARTESIAN_POINT('Origin',(147.79625,-121.12625,-0.046));
#16233=CARTESIAN_POINT('',(147.79625,-120.37625,-0.046));
#16234=CARTESIAN_POINT('Origin',(140.17625,-107.15625,-0.046));
#16235=CARTESIAN_POINT('',(140.17625,-106.30625,-0.046));
#16236=CARTESIAN_POINT('Origin',(141.44625,-104.61625,-0.046));
#16237=CARTESIAN_POINT('',(141.44625,-103.86625,-0.046));
#16238=CARTESIAN_POINT('Origin',(145.25625,-107.15625,-0.046));
#16239=CARTESIAN_POINT('',(145.25625,-105.15625,-0.046));
#16240=CARTESIAN_POINT('Origin',(150.33625,-107.15625,-0.046));
#16241=CARTESIAN_POINT('',(150.33625,-106.30625,-0.046));
#16242=CARTESIAN_POINT('Origin',(128.74625,-102.07625,-0.046));
#16243=CARTESIAN_POINT('',(128.74625,-101.32625,-0.046));
#16244=CARTESIAN_POINT('Origin',(128.225,-94.46,-0.046));
#16245=CARTESIAN_POINT('',(128.225,-94.0155,-0.046));
#16246=CARTESIAN_POINT('Origin',(128.225,-91.92,-0.046));
#16247=CARTESIAN_POINT('',(128.225,-91.4755,-0.046));
#16248=CARTESIAN_POINT('Origin',(128.225,-89.38,-0.046));
#16249=CARTESIAN_POINT('',(128.225,-88.9355,-0.046));
#16250=CARTESIAN_POINT('Origin',(128.225,-86.84,-0.046));
#16251=CARTESIAN_POINT('',(128.225,-86.3955,-0.046));
#16252=CARTESIAN_POINT('Origin',(128.225,-84.3,-0.046));
#16253=CARTESIAN_POINT('',(128.225,-83.8555,-0.046));
#16254=CARTESIAN_POINT('Origin',(128.225,-81.76,-0.046));
#16255=CARTESIAN_POINT('',(128.225,-81.3155,-0.046));
#16256=CARTESIAN_POINT('Origin',(128.225,-79.22,-0.046));
#16257=CARTESIAN_POINT('',(128.225,-78.7755,-0.046));
#16258=CARTESIAN_POINT('Origin',(147.79625,-102.07625,-0.046));
#16259=CARTESIAN_POINT('',(147.79625,-101.32625,-0.046));
#16260=CARTESIAN_POINT('Origin',(143.465,-94.46,-0.046));
#16261=CARTESIAN_POINT('',(143.465,-94.0155,-0.046));
#16262=CARTESIAN_POINT('Origin',(143.465,-91.92,-0.046));
#16263=CARTESIAN_POINT('',(143.465,-91.4755,-0.046));
#16264=CARTESIAN_POINT('Origin',(143.465,-89.38,-0.046));
#16265=CARTESIAN_POINT('',(143.465,-88.9355,-0.046));
#16266=CARTESIAN_POINT('Origin',(143.465,-86.84,-0.046));
#16267=CARTESIAN_POINT('',(143.465,-86.3955,-0.046));
#16268=CARTESIAN_POINT('Origin',(143.465,-84.3,-0.046));
#16269=CARTESIAN_POINT('',(143.465,-83.8555,-0.046));
#16270=CARTESIAN_POINT('Origin',(143.465,-81.76,-0.046));
#16271=CARTESIAN_POINT('',(143.465,-81.3155,-0.046));
#16272=CARTESIAN_POINT('Origin',(143.465,-79.22,-0.046));
#16273=CARTESIAN_POINT('',(143.465,-78.7755,-0.046));
#16274=CARTESIAN_POINT('',(0.,0.,0.));
#16275=CARTESIAN_POINT('',(0.,0.,0.));
#16276=CARTESIAN_POINT('',(55.,10.,0.));
#16277=CARTESIAN_POINT('',(-135.,107.,10.));
#16278=UNCERTAINTY_MEASURE_WITH_UNIT(LENGTH_MEASURE(0.01),#16290,
'DISTANCE_ACCURACY_VALUE',
'Maximum model space distance between geometric entities at asserted c
onnectivities');
#16279=UNCERTAINTY_MEASURE_WITH_UNIT(LENGTH_MEASURE(0.01),#16290,
'DISTANCE_ACCURACY_VALUE',
'Maximum model space distance between geometric entities at asserted c
onnectivities');
#16280=UNCERTAINTY_MEASURE_WITH_UNIT(LENGTH_MEASURE(0.01),#16290,
'DISTANCE_ACCURACY_VALUE',
'Maximum model space distance between geometric entities at asserted c
onnectivities');
#16281=UNCERTAINTY_MEASURE_WITH_UNIT(LENGTH_MEASURE(0.01),#16290,
'DISTANCE_ACCURACY_VALUE',
'Maximum model space distance between geometric entities at asserted c
onnectivities');
#16282=UNCERTAINTY_MEASURE_WITH_UNIT(LENGTH_MEASURE(0.01),#16290,
'DISTANCE_ACCURACY_VALUE',
'Maximum model space distance between geometric entities at asserted c
onnectivities');
#16283=UNCERTAINTY_MEASURE_WITH_UNIT(LENGTH_MEASURE(0.01),#16290,
'DISTANCE_ACCURACY_VALUE',
'Maximum model space distance between geometric entities at asserted c
onnectivities');
#16284=(
GEOMETRIC_REPRESENTATION_CONTEXT(3)
GLOBAL_UNCERTAINTY_ASSIGNED_CONTEXT((#16278))
GLOBAL_UNIT_ASSIGNED_CONTEXT((#16290,#16292,#16293))
REPRESENTATION_CONTEXT('','3D')
);
#16285=(
GEOMETRIC_REPRESENTATION_CONTEXT(3)
GLOBAL_UNCERTAINTY_ASSIGNED_CONTEXT((#16279))
GLOBAL_UNIT_ASSIGNED_CONTEXT((#16290,#16292,#16293))
REPRESENTATION_CONTEXT('','3D')
);
#16286=(
GEOMETRIC_REPRESENTATION_CONTEXT(3)
GLOBAL_UNCERTAINTY_ASSIGNED_CONTEXT((#16280))
GLOBAL_UNIT_ASSIGNED_CONTEXT((#16290,#16292,#16293))
REPRESENTATION_CONTEXT('','3D')
);
#16287=(
GEOMETRIC_REPRESENTATION_CONTEXT(3)
GLOBAL_UNCERTAINTY_ASSIGNED_CONTEXT((#16281))
GLOBAL_UNIT_ASSIGNED_CONTEXT((#16290,#16292,#16293))
REPRESENTATION_CONTEXT('','3D')
);
#16288=(
GEOMETRIC_REPRESENTATION_CONTEXT(3)
GLOBAL_UNCERTAINTY_ASSIGNED_CONTEXT((#16282))
GLOBAL_UNIT_ASSIGNED_CONTEXT((#16290,#16292,#16293))
REPRESENTATION_CONTEXT('','3D')
);
#16289=(
GEOMETRIC_REPRESENTATION_CONTEXT(3)
GLOBAL_UNCERTAINTY_ASSIGNED_CONTEXT((#16283))
GLOBAL_UNIT_ASSIGNED_CONTEXT((#16290,#16292,#16293))
REPRESENTATION_CONTEXT('','3D')
);
#16290=(
LENGTH_UNIT()
NAMED_UNIT(*)
SI_UNIT(.MILLI.,.METRE.)
);
#16291=(
LENGTH_UNIT()
NAMED_UNIT(*)
SI_UNIT($,.METRE.)
);
#16292=(
NAMED_UNIT(*)
PLANE_ANGLE_UNIT()
SI_UNIT($,.RADIAN.)
);
#16293=(
NAMED_UNIT(*)
SI_UNIT($,.STERADIAN.)
SOLID_ANGLE_UNIT()
);
#16294=SHAPE_DEFINITION_REPRESENTATION(#16299,#16308);
#16295=SHAPE_DEFINITION_REPRESENTATION(#16300,#16309);
#16296=SHAPE_DEFINITION_REPRESENTATION(#16301,#16310);
#16297=SHAPE_DEFINITION_REPRESENTATION(#16302,#16311);
#16298=SHAPE_DEFINITION_REPRESENTATION(#16303,#16312);
#16299=PRODUCT_DEFINITION_SHAPE('',$,#16314);
#16300=PRODUCT_DEFINITION_SHAPE('',$,#16315);
#16301=PRODUCT_DEFINITION_SHAPE('',$,#16316);
#16302=PRODUCT_DEFINITION_SHAPE('',$,#16317);
#16303=PRODUCT_DEFINITION_SHAPE('',$,#16318);
#16304=PRODUCT_DEFINITION_SHAPE($,$,#23);
#16305=PRODUCT_DEFINITION_SHAPE($,$,#24);
#16306=PRODUCT_DEFINITION_SHAPE($,$,#25);
#16307=PRODUCT_DEFINITION_SHAPE($,$,#26);
#16308=SHAPE_REPRESENTATION('',(#8770,#9202,#9203,#9204),#16284);
#16309=SHAPE_REPRESENTATION('',(#8771),#16285);
#16310=SHAPE_REPRESENTATION('',(#8826),#16286);
#16311=SHAPE_REPRESENTATION('',(#9091,#9201),#16287);
#16312=SHAPE_REPRESENTATION('',(#9092),#16288);
#16313=PRODUCT_DEFINITION_CONTEXT('part definition',#16330,'design');
#16314=PRODUCT_DEFINITION('The Bottom','The Bottom v1',#16319,#16313);
#16315=PRODUCT_DEFINITION('The Cat','The Cat',#16320,#16313);
#16316=PRODUCT_DEFINITION('Top','Top v2',#16321,#16313);
#16317=PRODUCT_DEFINITION('Projects 1','Projects v1',#16322,#16313);
#16318=PRODUCT_DEFINITION('Projects_PCB','Projects_PCB',#16323,#16313);
#16319=PRODUCT_DEFINITION_FORMATION('',$,#16332);
#16320=PRODUCT_DEFINITION_FORMATION('',$,#16333);
#16321=PRODUCT_DEFINITION_FORMATION('',$,#16334);
#16322=PRODUCT_DEFINITION_FORMATION('',$,#16335);
#16323=PRODUCT_DEFINITION_FORMATION('',$,#16336);
#16324=PRODUCT_RELATED_PRODUCT_CATEGORY('The Bottom v1','The Bottom v1',
(#16332));
#16325=PRODUCT_RELATED_PRODUCT_CATEGORY('The Cat','The Cat',(#16333));
#16326=PRODUCT_RELATED_PRODUCT_CATEGORY('Top v2','Top v2',(#16334));
#16327=PRODUCT_RELATED_PRODUCT_CATEGORY('Projects v1','Projects v1',(#16335));
#16328=PRODUCT_RELATED_PRODUCT_CATEGORY('Projects_PCB','Projects_PCB',(#16336));
#16329=APPLICATION_PROTOCOL_DEFINITION('international standard',
'automotive_design',2009,#16330);
#16330=APPLICATION_CONTEXT(
'Core Data for Automotive Mechanical Design Process');
#16331=PRODUCT_CONTEXT('part definition',#16330,'mechanical');
#16332=PRODUCT('The Bottom','The Bottom v1',$,(#16331));
#16333=PRODUCT('The Cat','The Cat',$,(#16331));
#16334=PRODUCT('Top','Top v2',$,(#16331));
#16335=PRODUCT('Projects 1','Projects v1','KiCad electronic assembly',(#16331));
#16336=PRODUCT('Projects_PCB','Projects_PCB',$,(#16331));
#16337=PRESENTATION_STYLE_ASSIGNMENT((#16339));
#16338=PRESENTATION_STYLE_ASSIGNMENT((#16340));
#16339=SURFACE_STYLE_USAGE(.BOTH.,#16341);
#16340=SURFACE_STYLE_USAGE(.BOTH.,#16342);
#16341=SURFACE_SIDE_STYLE('',(#16343));
#16342=SURFACE_SIDE_STYLE('',(#16344));
#16343=SURFACE_STYLE_FILL_AREA(#16345);
#16344=SURFACE_STYLE_FILL_AREA(#16346);
#16345=FILL_AREA_STYLE('Steel - Satin',(#16347));
#16346=FILL_AREA_STYLE('Opaque(80,124,105)',(#16348));
#16347=FILL_AREA_STYLE_COLOUR('Steel - Satin',#16349);
#16348=FILL_AREA_STYLE_COLOUR('Opaque(80,124,105)',#16350);
#16349=COLOUR_RGB('Steel - Satin',0.627450980392157,0.627450980392157,0.627450980392157);
#16350=COLOUR_RGB('Opaque(80,124,105)',0.313725490196078,0.486274509803922,
0.411764705882353);
ENDSEC;
END-ISO-10303-21;
